a,Benfica,,,,,,,Sporting,,,,,,,Porto,,,,,,,Braga,,,,,,,Vitória Guimarães,,,,,,,Boavista,,,,,,,Marítimo,,,,,,,Portimonense,,,,,,,Paços de Ferreira,,,,,,,Famalicão,,,,,,,Gil Vicente,,,,,,,Estoril,,,,,,,Belenenses,,,,,,,Moreirense,,,,,,,Coimbra,,,,,,,Rio Ave,,,,,,,Nacional PT,,,,,,,Santa Clara,,,,,,,
a,Grimaldo,LE LE ME,26,82,Spain,/210/035/23_60.png,,S. Coates,ZAG,31,82,Uruguay,/197/655/23_60.png,,Otávio,MD ME,27,82,Portugal,/210/411/23_60.png,,Ricardo Horta,ATA ATA PE,27,81,Portugal,/213/516/23_60.png,,Bruno Varela,GOL,27,74,Portugal,/219/754/23_60.png,,R. Cannon,ZAG LD LD,24,72,United States,/237/000/23_60.png,,Zainadine,ZAG,34,74,Mozambique,/217/235/23_60.png,,F. Moufi,LD,26,73,Morocco,/232/296/23_60.png,,Antunes,LE,35,73,Portugal,/178/424/23_60.png,,Ivo Rodrigues,MD ME LD,27,73,Portugal,/226/877/23_60.png,,S. Kritsyuk,GOL,31,76,Russia,/213/150/23_60.png,,Daniel Figueira,GOL,23,73,Portugal,/262/417/23_60.png,,Pedro Nuno,ATA ME PE,26,72,Portugal,/224/538/22_60.png,,Fábio Pacheco,VOL MC,33,74,Portugal,/184/606/22_60.png,,Domingues Mika,GOL,31,68,Portugal,wiki/47055.jpg,,Aderllan Santos,ZAG,33,75,Brazil,wiki/64695.png,,Chico Ramos,MC MD,27,72,Portugal,wiki/78538.png,,Marco Pereira,GOL,35,74,Portugal,/176/630/23_60.png,,
a,Rafa,ATA MD PD,29,82,Portugal,/216/547/23_60.png,,Pedro Porro,LD MD,22,81,Spain,/243/576/23_60.png,,Pepe,ZAG,39,81,Portugal,/120/533/23_60.png,,A. Musrati,VOL MC,26,80,Libya,/252/308/23_60.png,,André André,MC VOL,32,74,Portugal,/199/626/23_60.png,,R. Abascal,ZAG,28,72,Uruguay,/253/276/23_60.png,,Miguel Silva,GOL,27,73,Portugal,/231/545/23_60.png,,Carlinhos,MC MEI,28,72,Brazil,/209/828/23_60.png,,N. Gaitán,MEI MC,34,72,Argentina,/184/144/23_60.png,,André Simões,VOL MC,32,73,Portugal,/224/075/23_60.png,,Fran Navarro,ATA,24,75,Spain,/247/138/23_60.png,,Joãozinho,LE,32,72,Portugal,/204/731/23_60.png,,Carraça,LD LD,28,71,Portugal,/223/297/22_60.png,,Pablo Santos,ZAG,29,73,Brazil,/239/872/22_60.png,,Agustin Ale,ZAG,27,68,Uruguay,wiki/79986.jpg,,Josue Sa,ZAG,30,75,Portugal,wiki/54136.png,,Joao Aurelio,MD MC LD,34,71,Portugal,wiki/39266.jpg,,Allano,ME MD,27,73,Brazil,/229/556/23_60.png,,
a,O. Vlachodimos,GOL,28,81,Greece,/211/990/23_60.png,,Adán,GOL,35,81,Spain,/178/086/23_60.png,,M. Uribe,MC VOL,31,81,Colombia,/214/047/23_60.png,,Matheus,GOL,29,79,Brazil,/208/104/23_60.png,,F. Sacko,LD,27,74,Mali,/230/147/23_60.png,,G. Makouta,MC MEI,24,72,Congo,/235/570/23_60.png,,Vítor Costa,LE,28,72,Brazil,/232/388/23_60.png,,Filipe Relvas,ZAG LE,22,71,Portugal,/263/897/23_60.png,,Luíz Carlos,MC VOL,36,71,Brazil,/148/403/23_60.png,,Martín,LD MD LE,26,73,Spain,/241/827/23_60.png,,K. Fujimoto,MC PD MEI,23,74,Japan,/257/899/23_60.png,,Bernardo Vital,ZAG,21,71,Portugal,/263/670/23_60.png,,Afonso Sousa,MC PE MEI,21,70,Portugal,/258/698/22_60.png,,Rafael Martins,ATA,32,72,Brazil,/200/984/22_60.png,,Sodiq Fatai,PE MEI,26,68,Nigeria,wiki/85477.png,,Emmanuel Boateng,ATA,26,75,Ghana,wiki/76740.png,,Vladan Danilovic,MC MD,23,70,Bosnia,wiki/90194.png,,K. Boateng,ZAG,25,71,Togo,/238/987/23_60.png,,
a,N. Otamendi,ZAG,34,81,Argentina,/192/366/23_60.png,,Pedro Gonçalves,PE PD MC,24,82,Portugal,/240/950/23_60.png,,M. Taremi,ATA ATA,29,81,Iran,/241/788/23_60.png,,Sequeira,LE ZAG,31,77,Portugal,/217/546/23_60.png,,Tiago Silva,MC MEI,29,73,Portugal,/212/474/23_60.png,,Salvador Agra,PD PE,30,72,Portugal,/204/737/23_60.png,,J. Tagueu,ATA PE,28,72,Cameroon,/225/456/23_60.png,,Pedro Sá,VOL MC,28,71,Portugal,/238/856/23_60.png,,Jordi,GOL,28,71,Brazil,/212/406/23_60.png,,Luiz Júnior,GOL,21,72,Brazil,/258/885/23_60.png,,Murilo,MD PD ME,27,73,Brazil,/225/696/23_60.png,,Pedro Álvaro,ZAG,22,70,Portugal,/251/434/23_60.png,,S. Sithole,VOL MC,22,70,South Africa,/257/293/22_60.png,,K. Mirallas,ME MC,33,71,Belgium,/172/175/22_60.png,,Joao Diogo,MD MC PD ZAG,34,67,Portugal,wiki/55519.png,,Fortes Hernâni,PE ATA,31,75,Portugal,wiki/50854.png,,Joao Witi,MD LE MEI ZAG,26,70,Mozambique,wiki/79266.jpg,,P. Sagna,LD,31,70,Senegal,/201/512/23_60.png,,
a,João Mário,ME MC,29,80,Portugal,/212/814/23_60.png,,Matheus Reis,ZAG LE LE,27,79,Brazil,/230/625/23_60.png,,Diogo Costa,GOL,22,80,Portugal,/234/577/23_60.png,,S. Banza,ATA,25,77,France,/231/652/23_60.png,,Rúben Lameiras,PD,27,72,Portugal,/225/363/23_60.png,,Bracali,GOL,41,71,Brazil,/178/571/23_60.png,,André Vidigal,ME MD,23,71,Portugal,/243/401/23_60.png,,K. Nakamura,GOL,27,71,Japan,/232/562/23_60.png,,Rui Pires,VOL MC,24,70,Portugal,/251/669/23_60.png,,Z. Youssouf,MC VOL MD,22,72,France,/236/830/23_60.png,,Adrián Marín,LE LE,25,73,Spain,/224/921/23_60.png,,L. Rosier,MC VOL,23,70,France,/262/412/23_60.png,,Licá,MD ATA ME,32,70,Portugal,/184/031/22_60.png,,Mateus Pasinato,GOL,29,71,Brazil,/251/503/22_60.png,,Hugo Seco,PE ATA,34,67,Portugal,wiki/76722.png,,Vitor Gomes,MC MEI MD,34,74,Portugal,wiki/32327.png,,Juan Jose Calero,ATA,24,70,Colombia,wiki/85195.png,,K. Tagawa,ATA PD PE,23,70,Japan,/238/345/23_60.png,,
a,David Neres,MD PD MEI,25,81,Brazil,/236/632/23_60.png,,Nuno Santos,PE LE PD,27,79,Portugal,/227/890/23_60.png,,Pepê,ME MD,25,78,Brazil,/238/896/23_60.png,,Bruno Viana,ZAG,27,77,Brazil,/234/226/23_60.png,,M. Villanueva,ZAG,29,72,Venezuela,/233/329/23_60.png,,V. Sasso,ZAG,31,70,France,/188/538/23_60.png,,Cláudio Winck,LD,28,71,Brazil,/216/580/23_60.png,,Luquinha,MEI MC MD,21,70,Brazil,/251/990/23_60.png,,Matchoi Djaló,PD PE MEI,19,69,Portugal,/252/470/23_60.png,,Iván Jaime,MEI ATA PE,21,72,Spain,/246/070/23_60.png,,Lucas Cunha,ZAG,25,72,Brazil,/241/829/23_60.png,,Francisco Geraldes,MC MEI,27,70,Portugal,/228/650/23_60.png,,Yohan Tavares,ZAG,33,69,Portugal,/199/051/22_60.png,,Artur Jorge,ZAG,26,70,Portugal,/236/505/22_60.png,,Michael Douglas,ZAG,26,67,Brazil,wiki/missing_player.jpg,,Luiz Jhonatan,GOL,31,74,Brazil,wiki/63154.png,,Bruno Gomes,ATA,26,70,Brazil,wiki/79605.png,,C. González Tassano,ZAG,25,69,Uruguay,/236/020/23_60.png,,
a,E. Fernández,MC VOL,21,85,Argentina,/247/090/23_60.png,,Gonçalo Inácio,ZAG,20,79,Portugal,/257/179/23_60.png,,Evanilson,ATA,22,78,Brazil,/256/612/23_60.png,,Paulo Oliveira,ZAG,30,76,Portugal,/210/679/23_60.png,,M. Trmal,GOL,23,71,Czech Republic,/257/827/23_60.png,,S. Pérez,MC VOL,29,70,Colombia,/214/606/23_60.png,,Matheus Costa,ZAG,27,71,Brazil,/262/429/23_60.png,,A. Sapara,PE PD,27,70,Nigeria,/267/455/23_60.png,,Zé Uilton,PE PD,29,69,Brazil,/248/833/23_60.png,,Riccieli,ZAG,23,71,Brazil,/252/095/23_60.png,,Andrew,GOL,21,72,Brazil,/263/673/23_60.png,,João Carvalho,MEI,25,70,Portugal,/231/391/23_60.png,,Abel Camará,ATA MD,31,69,Guinea Bissau,/208/005/22_60.png,,L. Rosić,ZAG,28,70,Serbia,/235/002/22_60.png,,Luis Aurelio,MEI MC,34,66,Portugal,wiki/58181.png,,Patrick William,ZAG,25,74,Brazil,wiki/99129.png,,Ze Manuel,ATA MEI,32,70,Portugal,wiki/56932.png,,Rildo,MD ME MEI,22,69,Brazil,/271/357/23_60.png,,
a,J. Draxler,PE MEI,28,79,Germany,/202/166/23_60.png,,M. Edwards,PD PE,23,78,England,/235/619/23_60.png,,Stephen Eustáquio,VOL MC,25,77,Canada,/242/380/23_60.png,,Iuri Medeiros,ATA PD MD,27,76,Portugal,/212/230/23_60.png,,André Silva,ATA PE,25,71,Brazil,/242/448/23_60.png,,Filipe Ferreira,LE LE ZAG,31,70,Portugal,/215/665/23_60.png,,M. Trmal,GOL,23,71,Czech Republic,/257/827/23_60.png,,Pedrão,ZAG,25,70,Brazil,/258/356/23_60.png,,Fernando Fonseca,LD,25,69,Portugal,/238/507/23_60.png,,H. De La Fuente,LD,25,71,Argentina,/241/696/23_60.png,,Rúben Fernandes,ZAG,36,71,Portugal,/018/115/23_60.png,,Tiago Gouveia,PD PE,21,70,Portugal,/268/868/23_60.png,,Y. Baraye,PD PE ME,29,69,Senegal,/220/152/22_60.png,,Paulinho,LD LD,29,70,Portugal,/211/014/22_60.png,,Vladimir Stojkovic,GOL,26,66,Serbia,wiki/87457.png,,Rosa Guga,MEI MC,25,72,Portugal,wiki/91576.png,,Andre Sousa,LE ME ZAG,24,69,Portugal,wiki/89733.png,,Quintillà,LE ME,25,69,Spain,/215/725/23_60.png,,
a,Lucas Veríssimo,ZAG,26,79,Brazil,/235/688/23_60.png,,M. Ugarte,MC VOL,21,78,Uruguay,/253/306/23_60.png,,David Carmo,ZAG,22,77,Portugal,/251/616/23_60.png,,Vítor Tormena,ZAG,26,75,Brazil,/246/098/23_60.png,,Jota Silva,PE PD,22,70,Portugal,/269/421/23_60.png,,Ricardo Mangas,LE LE ZAG,24,70,Portugal,/240/020/23_60.png,,Bruno Xadas,MEI MD MC,24,70,Portugal,/237/670/23_60.png,,Paulo Estrela,MC VOL,23,70,Portugal,/255/255/23_60.png,,J. Delgado,LD MD PD,29,69,Chile,/214/313/23_60.png,,Pelé,VOL MC,30,70,Guinea Bissau,/194/020/23_60.png,,Vitor Carvalho,VOL MC,25,71,Brazil,/255/471/23_60.png,,Erison,ATA,23,70,Brazil,/271/619/23_60.png,,T. Phete,VOL ZAG MC,27,69,South Africa,/231/688/22_60.png,,Walterson,PE MD,26,69,Brazil,/236/630/22_60.png,,David Caiado,MEI,35,66,Portugal,wiki/32311.png,,Miguel Baeza,MEI MC,22,72,Spain,wiki/102659.png,,Ruben Macedo,PE ATA,26,69,Portugal,wiki/81527.jpg,,Gabriel Silva,MD ME ATA,20,68,Brazil,/271/132/23_60.png,,
a,J. Weigl,MC VOL,26,79,Germany,/222/028/23_60.png,,Paulinho,ATA,29,78,Portugal,/216/531/23_60.png,,Galeno,ME,24,78,Brazil,/239/482/23_60.png,,U. Račić,MC VOL,24,75,Serbia,/244/253/23_60.png,,Jorge Fernandes,ZAG,25,70,Portugal,/242/359/23_60.png,,A. Peñaranda,PE ATA MEI,25,69,Venezuela,/231/638/23_60.png,,J. Soñora,MEI MC,25,70,United States,/235/719/23_60.png,,B. Özer,GOL,22,69,Turkey,/239/254/23_60.png,,Arthur Sales,ATA,19,68,Brazil,/270/824/23_60.png,,Gustavo Assunção,VOL MC,22,70,Brazil,/248/386/23_60.png,,Carraça,LD LD MD,29,70,Portugal,/223/297/23_60.png,,J. Léa Siliki,MC,26,70,Cameroon,/236/998/23_60.png,,Sandro,VOL MC,32,69,Brazil,/190/782/22_60.png,,I. Camará,VOL MC,22,69,Guinea,/247/288/22_60.png,,Nuno Hidalgo,GOL,31,65,Portugal,wiki/missing_player.jpg,,Andreas Samaris,MC MD,33,72,Greece,wiki/44489.png,,Jose Gomes,MC ZAG,26,69,Portugal,wiki/81370.jpg,,Ricardinho,PE PD ATA,23,68,Portugal,/263/574/23_60.png,,
a,A. Bah,LD MD,24,78,Denmark,/245/235/23_60.png,,H. Morita,MC VOL,27,77,Japan,/242/087/23_60.png,,Z. Sanusi,LE,25,76,Nigeria,/251/528/23_60.png,,André Horta,MC VOL,25,75,Portugal,/226/370/23_60.png,,R. Ogawa,LE LD LE,25,70,Japan,/232/849/23_60.png,,Y. Njie,ATA PE,28,69,Gambia,/239/303/23_60.png,,Léo Andrade,ZAG,24,69,Brazil,/259/771/23_60.png,,B. Róchez,ATA,27,69,Honduras,/226/299/23_60.png,,B. Toma,MC VOL,23,68,Switzerland,/240/241/23_60.png,,S. Colombatto,MC VOL,25,69,Argentina,/232/770/23_60.png,,Pedro Tiba,MC VOL,33,69,Portugal,/219/181/23_60.png,,Gonçalo Esteves,LD LD,18,70,Portugal,/264/022/23_60.png,,Alisson Safira,ATA PE,26,68,Brazil,/264/463/22_60.png,,Steven Vitória,ZAG,34,69,Canada,/192/528/22_60.png,,Da Silva Guilherme,MD LD ZAG,22,64,Brazil,wiki/105079.png,,Aziz Yakubu,ATA,24,72,Ghana,wiki/104256.png,,Rafa Vieira,ZAG,30,68,Portugal,wiki/64480.png,,Ó. Barreto,MD ME,29,68,Colombia,/222/358/23_60.png,,
a,Gilberto,LD,29,78,Brazil,/211/567/23_60.png,,Trincão,PD MD,22,76,Portugal,/244/778/23_60.png,,M. Grujić,MC VOL,26,76,Serbia,/232/099/23_60.png,,Vitinha,ATA,22,75,Portugal,/263/829/23_60.png,,M. Johnston,PE PD,23,70,Scotland,/238/505/23_60.png,,I. Camará,VOL MC,23,69,Guinea,/247/288/23_60.png,,S. Beltrame,MC VOL MEI,29,69,Italy,/208/523/23_60.png,,M. Diaby,VOL,25,68,France,/248/831/23_60.png,,Nuno Lima,ZAG,21,67,Portugal,/258/642/23_60.png,,Alexandre Penetra,ZAG,20,69,Portugal,/264/288/23_60.png,,Henrique Gomes,LE,26,69,Portugal,/251/450/23_60.png,,Lucas Áfrico,ZAG,27,70,Brazil,/244/006/23_60.png,,Rafael Camacho,PD PE,21,68,Portugal,/243/055/22_60.png,,Yan,PD,22,69,Brazil,/234/627/22_60.png,,Isaac Drogba,ATA,21,63,France,wiki/95529.png,,Leonardo Ruiz,ATA,26,72,Colombia,wiki/87429.png,,Carlos Daniel,ATA,28,68,Portugal,wiki/50245.png,,Costinha,MEI MC,29,67,Portugal,/229/473/23_60.png,,
a,J. Brooks,ZAG,29,78,United States,/204/082/23_60.png,,Luís Neto,ZAG,34,76,Portugal,/204/341/23_60.png,,Fábio Cardoso,ZAG,28,76,Portugal,/213/917/23_60.png,,Abel Ruiz,ATA,22,74,Spain,/239/250/23_60.png,,Bruno Gaspar,LD MD LD,29,69,Angola,/225/402/23_60.png,,K. Gorré,PE,27,69,Curacao,/213/694/23_60.png,,Diogo Mendes,VOL MC,24,69,Portugal,/243/918/23_60.png,,Anderson Oliveira,PE PD,23,68,Brazil,/254/225/23_60.png,,E. Ferigra,ZAG,23,67,Ecuador,/245/689/23_60.png,,Rui Fonte,ATA,32,69,Portugal,/183/518/23_60.png,,A. Alipour,ATA,26,69,Iran,/259/094/23_60.png,,Mexer,ZAG,33,69,Mozambique,/196/801/23_60.png,,Diogo Calila,LD LE,22,68,Portugal,/246/974/22_60.png,,Kewin,GOL,26,68,Brazil,/258/328/22_60.png,,Dany Costa,ATA,22,62,Portugal,wiki/missing_player.jpg,,Pedro Amaral,MD LE ZAG,25,72,Portugal,wiki/90850.png,,Jota Garces,MEI MC,29,68,Portugal,wiki/56286.jpg,,Victor Bobsin,VOL MC,22,67,Brazil,/263/787/23_60.png,,
a,F. Aursnes,MC VOL,26,78,Norway,/231/913/23_60.png,,J. St. Juste,ZAG LD,25,76,Netherlands,/226/853/23_60.png,,Toni Martínez,ATA,25,75,Spain,/234/826/23_60.png,,D. Lainez,MD MC MEI,22,74,Mexico,/237/995/23_60.png,,Alisson Safira,ATA PE,27,69,Brazil,/264/463/23_60.png,,B. Onyemaechi,LE ZAG VOL,23,69,Nigeria,/271/461/23_60.png,,P. Liza,ATA PE MD,22,68,Peru,/259/615/23_60.png,,Ewerton,MC VOL,29,67,Brazil,/207/943/23_60.png,,Flávio,ZAG,28,67,Brazil,/216/815/23_60.png,,Rúben Lima,LE LE ZAG,32,69,Portugal,/192/156/23_60.png,,Ž. Frelih,GOL,24,69,Slovenia,/261/499/23_60.png,,João Carlos,ATA,27,69,Brazil,/245/841/23_60.png,,Nilton Varela,LE,20,68,Portugal,/254/258/22_60.png,,Jefferson,MC VOL,27,67,Brazil,/212/374/22_60.png,,Pedro Prazeres,MEI MC,25,62,Portugal,wiki/missing_player.jpg,,Joao Pedro Costinha,MD LD ZAG,22,70,Portugal,wiki/102170.png,,Daniel Guimaraes,GOL,35,68,Brazil,wiki/68828.png,,Diogo Calila,LD LE,23,67,Portugal,/246/974/23_60.png,,
a,Florentino,VOL MC,22,77,Portugal,/234/569/23_60.png,,Jovane Cabral,PE PD,24,76,Cape Verde,/244/193/23_60.png,,Gabriel Veron,MD ME,19,77,Brazil,/259/849/23_60.png,,Mario González,ATA,26,73,Spain,/235/970/23_60.png,,Anderson Oliveira,ATA,24,69,Brazil,/250/818/23_60.png,,R. Boženík,ATA,22,68,Slovakia,/255/409/23_60.png,,Fábio China,LE,29,68,Portugal,/234/164/23_60.png,,Welinton Júnior,ATA PE,29,67,Brazil,/213/878/23_60.png,,Tiago Ilori,ZAG,29,67,Portugal,/205/185/23_60.png,,J. Cádiz,ATA,26,69,Venezuela,/229/319/23_60.png,,B. Aouacheria,MD PD PE,28,68,France,/240/943/23_60.png,,Pedro Silva,GOL,25,68,Portugal,/239/999/23_60.png,,Luiz Felipe,GOL,24,67,Brazil,/263/232/22_60.png,,André Luís,ATA,27,67,Brazil,/246/093/22_60.png,,Daniel Azevedo,GOL,24,62,Portugal,wiki/missing_player.jpg,,Andre Pereira,ATA,27,70,Portugal,wiki/95263.png,,Teodora Dudu,ATA ATA,23,66,Brazil,wiki/99211.png,,Matheus Babi,ATA,24,66,Brazil,/258/391/23_60.png,,
a,Helton Leite,GOL,31,76,Brazil,/213/951/23_60.png,,Ricardo Esgaio,LD LD ZAG,29,75,Portugal,/212/213/23_60.png,,João Mário,LD,22,75,Portugal,/257/290/23_60.png,,Castro,MC VOL,34,73,Portugal,/184/133/23_60.png,,Nélson da Luz,PE,24,69,Angola,/258/731/23_60.png,,Bruno Lourenço,PD PE ATA,24,68,Portugal,/248/811/23_60.png,,Pablo Moreno,ATA ME,20,68,Spain,/257/566/23_60.png,,Yago Cariello,ATA,22,66,Brazil,/270/203/23_60.png,,Jorge Silva,LD,26,67,Portugal,/251/232/23_60.png,,Heriberto Tavares,MD PD,25,69,Portugal,/243/270/23_60.png,,J. Boselli,MD ATA ME,22,68,Uruguay,/264/427/23_60.png,,Rodrigo Martins,PE,23,67,Portugal,/270/067/23_60.png,,C. Akas,ZAG LE,27,66,Nigeria,/241/765/22_60.png,,Matheus Silva,LD,23,67,Brazil,/257/265/22_60.png,,Ivan Pavlic,MEI MC,21,61,Belgium,wiki/missing_player.jpg,,Renato Pantalon,ZAG,25,70,Croatia,wiki/109878.png,,Lucas Franca,GOL,26,65,Brazil,wiki/85440.png,,Paulo Henrique,LE,25,66,Portugal,/229/498/23_60.png,,
a,João Victor,ZAG,23,76,Brazil,/258/861/23_60.png,,Rochinha,PE,27,75,Portugal,/222/461/23_60.png,,Wendell,LE,28,75,Brazil,/216/466/23_60.png,,S. Niakaté,ZAG LE,22,72,France,/240/453/23_60.png,,Miguel Maga,LD LD,19,68,Portugal,/263/653/23_60.png,,Pedro Malheiro,LD,21,67,Portugal,/263/810/23_60.png,,João Afonso,VOL MC,27,67,Brazil,/220/693/23_60.png,,Rui Gomes,ME PE ATA,24,66,Portugal,/265/776/23_60.png,,N. Thomas,PE PD,19,66,Netherlands,/270/345/23_60.png,,Francisco Moura,ME LE,22,68,Portugal,/251/615/23_60.png,,Danilo Veiga,LD MC,19,68,Portugal,/271/539/23_60.png,,M. Ndiaye,VOL,21,67,Senegal,/270/885/23_60.png,,A. Luković,MC MEI VOL,26,66,Serbia,/250/962/22_60.png,,Sori Mané,VOL,25,67,Guinea Bissau,/251/504/22_60.png,,Joao Milagres,VOL ZAG,20,59,Portugal,wiki/missing_player.jpg,,Fabrice Olinga,ATA MEI,26,70,Cameroon,wiki/59003.png,,Luis Esteves,MEI MC,24,65,Portugal,wiki/missing_player.jpg,,Ricardo Silva,GOL,23,65,Portugal,/270/056/23_60.png,,
a,Gonçalo Ramos,ATA,21,82,Portugal,/256/903/23_60.png,,Daniel Bragança,MC,23,75,Portugal,/252/143/23_60.png,,Marcano,ZAG,35,76,Spain,/173/521/23_60.png,,C. Borja,LE,29,72,Colombia,/227/153/23_60.png,,Antoñín,ATA ME,22,67,Spain,/253/735/23_60.png,,César,GOL,30,66,Brazil,/206/262/23_60.png,,Clésio,PD PE LD,27,66,Mozambique,/218/614/23_60.png,,Ricardo Matos,ATA,22,66,Portugal,/256/100/23_60.png,,J. Holsgrove,MC MD ME,22,66,Scotland,/237/871/23_60.png,,J. Rodríguez,ME PE MD,24,68,Panama,/234/726/23_60.png,,G. Aburjania,MC VOL MEI,27,67,Georgia,/232/090/23_60.png,,Tiago Araújo,PE LE,21,67,Portugal,/264/280/23_60.png,,A. Ndour,ATA,20,66,Senegal,/263/366/22_60.png,,Rodrigo Conceição,LD,21,66,Portugal,/263/566/22_60.png,,,,,,,,,Joao Graca,MC MD,27,69,Portugal,wiki/80202.jpg,,Gustavo Silva,MC MD,23,65,Brazil,wiki/missing_player.jpg,,Ricardo Fernandes,GOL,27,64,Portugal,/239/657/23_60.png,,
a,S. Meïté,MC VOL,28,75,France,/205/391/23_60.png,,Tiago Tomás,ATA PD,20,75,Portugal,/257/073/23_60.png,,Diogo Leite,ZAG,23,76,Portugal,/234/575/23_60.png,,Guilherme Schettine,ATA,26,71,Brazil,/236/555/23_60.png,,N. Janvier,MC,23,67,France,/231/266/23_60.png,,I. Vukotić,MC VOL,23,66,Montenegro,/246/192/23_60.png,,Miguel Sousa,MEI,23,65,Portugal,/268/275/23_60.png,,M. Seck,LE ME,26,66,Senegal,/231/917/23_60.png,,Butzke,ATA MD,23,66,Spain,/265/748/23_60.png,,I. Zlobin,GOL,25,67,Russia,/236/046/23_60.png,,M. Arai,MEI ME PE,25,67,Japan,/270/969/23_60.png,,Tiago Santos,LD,19,66,Portugal,/270/559/23_60.png,,Danny Henriques,ZAG,23,65,Portugal,/255/524/22_60.png,,Pedro Amador,LE LE,22,66,Portugal,/256/044/22_60.png,,,,,,,,,Joao Ferreira,MD LD ZAG,21,69,Portugal,wiki/102017.png,,Sergio Marakis,MD MC ZAG,31,65,Portugal,wiki/51089.png,,Pedro Bicalho,MC VOL,21,64,Brazil,/271/135/23_60.png,,
a,H. Seferović,ATA,30,75,Switzerland,/193/408/23_60.png,,Rúben Vinagre,LE LE,23,73,Portugal,/235/172/23_60.png,,Cláudio Ramos,GOL,30,74,Portugal,/198/513/23_60.png,,Tiago Sá,GOL,27,71,Portugal,/241/976/23_60.png,,Zé Carlos,LD,20,67,Portugal,/271/576/23_60.png,,Robson Reis,ZAG,22,65,Brazil,/270/094/23_60.png,,Geny Catamo,PD,21,65,Mozambique,/266/097/23_60.png,,João Veras,ATA,21,65,Brazil,/266/664/23_60.png,,Kayky,PD,19,66,Brazil,/262/053/23_60.png,,Alex Millán,ATA,22,67,Spain,/260/086/23_60.png,,Kevin,ME MD PD,21,67,Spain,/264/176/23_60.png,,Gilson Tavares,ATA ATA,20,66,Cape Verde,/263/669/23_60.png,,T. Boni,ZAG VOL,21,65,Burkina Faso,/241/946/22_60.png,,N. Jambor,MC VOL,25,65,Croatia,/234/635/22_60.png,,,,,,,,,Jeronimo Ronan,ATA,27,69,Brazil,wiki/78696.png,,Sampaio Clayton,ZAG,22,65,Brazil,wiki/missing_player.jpg,,Gabriel Batista,GOL,24,64,Brazil,/271/571/23_60.png,,
a,P. Musa,ATA,24,74,Croatia,/244/797/23_60.png,,S. Alexandropoulos,VOL MC,20,71,Greece,/252/567/23_60.png,,Wilson Manafá,LD LE,27,74,Portugal,/238/857/23_60.png,,Zé Carlos,LD,23,71,Portugal,/258/786/23_60.png,,André Amaro,ZAG,19,67,Portugal,/260/121/23_60.png,,M. Watai,PD MEI MD,22,65,Japan,/260/184/23_60.png,,Rafael Brito,MC MD,20,65,Portugal,/270/587/23_60.png,,Henrique Jocú,VOL,20,65,Guinea Bissau,/263/144/23_60.png,,João Vigário,LE,26,66,Portugal,/229/147/23_60.png,,Pedro Brazão,MD MEI,19,67,Portugal,/248/572/23_60.png,,E. Hackman,LD,27,67,Togo,/229/890/23_60.png,,R. Coly,LE,26,66,Senegal,/222/840/23_60.png,,Gonçalo Agrelos,PE LE,23,64,Portugal,/239/902/22_60.png,,Miguel Oliveira,GOL,27,65,Portugal,/213/646/22_60.png,,,,,,,,,Amine Oudrhiri,MC MD,30,69,France,wiki/59274.jpg,,Pipe Gomez,ATA ATA,23,65,Colombia,wiki/missing_player.jpg,,Paulo Eduardo,ZAG,20,63,Brazil,/271/298/23_60.png,,
a,Morato,ZAG,21,76,Brazil,/256/008/23_60.png,,Arthur Gomes,PE PD,23,71,Brazil,/236/782/23_60.png,,Bruno Costa,MC,25,74,Portugal,/244/960/23_60.png,,Fabiano Souza,MD LD,22,70,Brazil,/257/162/23_60.png,,Tomás Händel,VOL,21,67,Portugal,/263/059/23_60.png,,Miguel Reisinho,MC,23,64,Portugal,/252/310/23_60.png,,Edgar Costa,MC PD MD,35,65,Portugal,/194/956/23_60.png,,Vinicius Guarapuava,ZAG,24,63,Brazil,/237/012/23_60.png,,I. Vekič,GOL,24,65,Slovenia,/262/295/23_60.png,,E. Mihaj,ZAG,23,67,Albania,/251/446/23_60.png,,Tomás Araújo,ZAG,20,67,Portugal,/266/096/23_60.png,,Y. Bamidele,PE,21,65,Nigeria,/271/710/23_60.png,,Braima Sambú,MC,20,63,Portugal,/266/696/22_60.png,,Gonçalo Franco,MC,20,64,Portugal,/258/596/22_60.png,,,,,,,,,Monteiro Ukra,PE ATA,34,69,Portugal,wiki/37401.jpg,,Paulo Vitor,ZAG,21,64,Brazil,wiki/missing_player.jpg,,Andrezinho,PD PE,26,63,Portugal,/270/957/23_60.png,,
a,M. Ristić,LE LE,26,74,Serbia,/240/223/23_60.png,,I. Doumbia,VOL MC,24,71,Ivory Coast,/234/725/23_60.png,,Samuel Portugal,GOL,28,73,Brazil,/227/819/23_60.png,,Víctor Gómez,LD,22,70,Spain,/245/597/23_60.png,,Matheus Índio,VOL,22,66,Brazil,/269/155/23_60.png,,Luís Santos,PD LD MD,22,64,Portugal,/257/159/23_60.png,,M. Mosquera,ZAG,21,65,Colombia,/258/919/23_60.png,,Gonçalo Costa,LE,22,63,Portugal,/269/874/23_60.png,,Pedro Ganchas,ZAG,22,65,Portugal,/266/890/23_60.png,,Théo Fonseca,ATA MD,22,66,Portugal,/269/977/23_60.png,,Lucas Barros,LE,22,66,Brazil,/270/586/23_60.png,,S. Delos,LD LE ZAG,23,65,France,/248/821/23_60.png,,Francisco Teixeira,MEI PD MD,23,63,Portugal,/258/917/22_60.png,,Derik Lacerda,ATA PE,21,64,Brazil,/258/386/22_60.png,,,,,,,,,Fernandes Joca,MEI,26,69,Portugal,wiki/90855.png,,Wallisson Bahia,ATA,22,60,Brazil,wiki/missing_player.jpg,,João Lima,ATA,22,63,Brazil,/271/408/23_60.png,,
a,Rodrigo Pinho,ATA,31,73,Brazil,/229/683/23_60.png,,Gonçalo Esteves,LD LD,18,70,Portugal,/264/022/23_60.png,,André Franco,MEI MC,24,73,Portugal,/262/414/23_60.png,,Tiago Esgaio,LD LD ZAG,26,70,Portugal,/251/994/23_60.png,,Hélder Sá,LE LE,19,66,Portugal,/261/689/23_60.png,,João Gonçalves,GOL,21,63,Portugal,/251/995/23_60.png,,Gonçalo Cardoso,ZAG,21,64,Portugal,/245/226/23_60.png,,S. Kawasaki,PE ATA,21,63,Japan,/255/829/23_60.png,,A. Ibrahim,VOL MC,24,64,Nigeria,/252/471/23_60.png,,Diogo Queirós,ZAG LD,23,66,Portugal,/234/576/23_60.png,,Élder Santana,ATA,29,66,Brazil,/219/161/23_60.png,,A. Marqués,ATA,21,64,Venezuela,/243/047/23_60.png,,Rafa Santos,MC MEI,24,63,Portugal,/263/643/22_60.png,,G. Frimpong,LE LE,22,64,Netherlands,/263/255/22_60.png,,,,,,,,,Anderson Cruz,ATA MEI,26,69,Angola,wiki/95130.png,,Rui Encarnacao,GOL,24,59,Portugal,wiki/105222.png,,F. Stevanović,ME PE MD,19,63,Serbia,/263/169/23_60.png,,
a,Ferro,ZAG,25,73,Portugal,/242/236/23_60.png,,Eduardo Quaresma,ZAG,20,70,Portugal,/252/144/23_60.png,,M. Loum,VOL MC,25,72,Senegal,/245/021/23_60.png,,Lucas Mineiro,MC VOL,26,69,Brazil,/235/782/23_60.png,,I. Bamba,VOL ZAG,20,66,Italy,/263/635/23_60.png,,Martim Tavares,ATA,18,63,Portugal,/271/291/23_60.png,,Rodrigo Andrade,MC,20,64,Portugal,/264/308/23_60.png,,Bruno Reis,MC,22,62,Portugal,/242/487/23_60.png,,N. Koffi,ATA,20,64,France,/264/590/23_60.png,,J. Kadile,ME,19,65,France,/257/083/23_60.png,,Matheus Bueno,MEI MC,23,65,Brazil,/265/178/23_60.png,,Serginho,PD MEI,21,64,Portugal,/270/563/23_60.png,,L. van der Gaag,ZAG,19,62,Netherlands,/253/380/22_60.png,,Rúben Ramos,LD MC,22,63,Portugal,/252/080/22_60.png,,,,,,,,,Paulo Vitor,ATA MEI,23,69,Brazil,wiki/94654.png,,Alex Costa,VOL ZAG,23,57,Brazil,wiki/missing_player.jpg,,Bruno Almeida,PE,25,63,Portugal,/271/371/23_60.png,,
a,André Almeida,LD,31,73,Portugal,/194/022/23_60.png,,F. Israel,GOL,22,69,Uruguay,/270/141/23_60.png,,Nanu,LD MD,28,71,Guinea Bissau,/241/981/23_60.png,,Álvaro Djaló,ME,22,69,Spain,/271/302/23_60.png,,J. Bahamboula,PD,21,62,France,/270/678/23_60.png,,J. De Santis,ATA,20,62,Venezuela,/253/919/23_60.png,,L. Vega,MEI MC ATA,23,63,Argentina,/263/671/23_60.png,,Pastor,LD,22,61,Brazil,/270/205/23_60.png,,Luís Bastos,LE LD,20,63,Portugal,/258/450/23_60.png,,Dani Morer,LD,24,65,Spain,/239/247/23_60.png,,Brian Araújo,GOL,22,64,Portugal,/251/449/23_60.png,,João Oliveira,GOL,19,61,Portugal,/270/557/23_60.png,,Tomás Castro,MEI MC,22,62,Portugal,/255/114/22_60.png,,Galego,MEI MC,24,62,Brazil,/259/325/22_60.png,,,,,,,,,Ângelo Meneses,ZAG,29,68,Portugal,wiki/64470.png,,Jose Graca,MD LD ZAG,19,57,Portugal,wiki/missing_player.jpg,,MT,MEI,21,63,Brazil,/271/562/23_60.png,,
a,Chiquinho,MEI MD,26,73,Portugal,/243/686/23_60.png,,A. Fatawu Issahaku,MEI PD,18,67,Ghana,/267/680/23_60.png,,Romário Baró,MC MD ME,22,70,Portugal,/252/038/23_60.png,,Rodrigo Gomes,ME,18,68,Portugal,/259/170/23_60.png,,Celton Biai,GOL,21,62,Portugal,/258/712/23_60.png,,Augusto Dabo,LE LE,19,61,Guinea Bissau,/271/287/23_60.png,,J. Ramírez,ATA,24,63,Venezuela,/252/164/23_60.png,,Gustavo Klismahn,VOL,22,60,Brazil,/270/555/23_60.png,,José Oliveira,GOL,20,60,Portugal,/257/492/23_60.png,,Dalberson,GOL,25,63,Brazil,/263/547/23_60.png,,Liberal,ATA,19,63,Portugal,/264/307/23_60.png,,,,,,,,,Jójó,LD LD,20,62,Portugal,/263/645/22_60.png,,,,,,,,,,,,,,,,Rocha Junio,MD LD ZAG,25,68,Brazil,wiki/94277.png,,Francisco Goncalves,ZAG,18,57,Portugal,wiki/missing_player.jpg,,Adriano Firmino,VOL MC,22,62,Brazil,/271/297/23_60.png,,
a,Diogo Gonçalves,MD LD PD,25,73,Portugal,/231/390/23_60.png,,Diogo Abreu,MC MEI,19,67,Portugal,/270/204/23_60.png,,D. Loader,ATA MEI,21,70,England,/239/631/23_60.png,,Francisco Moura,ME LE,22,68,Portugal,/251/615/23_60.png,,A. Bencze,GOL,20,62,Hungary,/264/351/23_60.png,,Berna,MC,18,60,Portugal,/271/284/23_60.png,,André Teles,MC VOL,25,63,Portugal,/235/787/23_60.png,,,,,,,,,,,,,,,,Pablo Felipe,ATA,18,63,Brazil,/264/290/23_60.png,,Guilherme Silva,ZAG,21,63,Brazil,/266/799/23_60.png,,,,,,,,,J. van der Gaag,MEI,22,61,Netherlands,/244/600/22_60.png,,,,,,,,,,,,,,,,Miguel Nobrega,VOL LD,22,67,Portugal,wiki/101229.png,,Fabio Erins,VOL ZAG,21,57,Brazil,wiki/missing_player.jpg,,Rodrigo Valente,MEI MC MD,21,62,Portugal,/264/459/23_60.png,,
a,António Silva,ZAG,18,79,Portugal,/270/086/23_60.png,,Tiago Ilori,ZAG,29,67,Portugal,/205/185/23_60.png,,Carraça,LD LD MD,29,70,Portugal,/223/297/23_60.png,,P. Dwomoh,MEI MC,18,64,Belgium,/251/187/23_60.png,,Afonso Freitas,LE LD LE,22,61,Portugal,/270/684/23_60.png,,Joel Silva,MC,19,60,Portugal,/271/289/23_60.png,,Zarzana,PD PE MEI,20,63,Spain,/259/405/23_60.png,,,,,,,,,,,,,,,,Benny,VOL ZAG,21,61,Portugal,/258/597/23_60.png,,Boubacar Hanne,MD PD MEI,23,63,Portugal,/240/951/23_60.png,,,,,,,,,João Monteiro,GOL,20,60,Portugal,/255/290/22_60.png,,,,,,,,,,,,,,,,Fabio Ronaldo,MEI MC,21,65,Portugal,wiki/missing_player.jpg,,Martim Gustavo,MEI MC,17,57,Portugal,wiki/missing_player.jpg,,Bruno Jordão,MC,23,62,Portugal,/240/175/23_60.png,,
a,Gil Dias,ME MD LE,25,72,Portugal,/229/453/23_60.png,,Y. Chermiti,ATA,18,66,Portugal,/270/866/23_60.png,,Rodrigo Conceição,LD,22,69,Portugal,/263/566/23_60.png,,S. Saatçı,ZAG,19,64,Turkey,/264/066/23_60.png,,M. Tounkara,ZAG,20,61,France,/271/725/23_60.png,,Pedro Gomes,ZAG,19,60,Portugal,/271/288/23_60.png,,Pedro Teixeira,GOL,20,61,Portugal,/263/234/23_60.png,,,,,,,,,,,,,,,,Gustavo Sá,MC,17,60,Portugal,/271/057/23_60.png,,Diogo Silva,ZAG,27,63,Brazil,/259/018/23_60.png,,,,,,,,,César Sousa,MEI MC,21,60,Angola,/261/777/22_60.png,,,,,,,,,,,,,,,,Bruno Ventura,MC,21,65,Portugal,wiki/missing_player.jpg,,,,,,,,,Tomás Domingos,LD,23,62,Portugal,/270/059/23_60.png,,
a,Henrique Araújo,ATA,20,71,Portugal,/266/905/23_60.png,,Nazinho,LE LE,18,66,Portugal,/261/531/23_60.png,,Fernando Andrade,ME ATA,29,69,Brazil,/243/591/23_60.png,,Bruno Rodrigues,ZAG,21,64,Portugal,/260/167/23_60.png,,Jota Pereira,PE PD,19,60,Portugal,/271/021/23_60.png,,,,,,,,,,,,,,,,,,,,,,,,,,,,,,,,,,,,,,,,,,,,,,,,,,,,,,,,,,,,,,,,,,,,,,,,Leandro Silva,PD ATA,23,62,Brazil,wiki/missing_player.jpg,,,,,,,,,,,,,,,,
a,Tiago Gouveia,PD PE,21,70,Portugal,/268/868/23_60.png,,Mateus Fernandes,MC MEI,17,66,Portugal,/270/857/23_60.png,,Gonçalo Borges,MD PD,21,67,Portugal,/266/453/23_60.png,,Miguel Falé,ATA ATA,18,63,Portugal,/266/152/23_60.png,,Daniel Silva,MEI MC,22,60,Portugal,/270/686/23_60.png,,,,,,,,,,,,,,,,,,,,,,,,,,,,,,,,,,,,,,,,,,,,,,,,,,,,,,,,,,,,,,,,,,,,,,,,Marko Brkic,ATA,20,62,Croatia,wiki/missing_player.jpg,,,,,,,,,,,,,,,,
a,João Ferreira,LD,21,68,Portugal,/252/577/23_60.png,,Dário Essugo,VOL MC,17,66,Portugal,/261/530/23_60.png,,Tomás Esteves,LD,20,67,Portugal,/252/033/23_60.png,,J. Gorby,VOL MC,19,63,France,/264/418/23_60.png,,,,,,,,,,,,,,,,,,,,,,,,,,,,,,,,,,,,,,,,,,,,,,,,,,,,,,,,,,,,,,,,,,,,,,,,,,,,,,,Ruben Goncalves,MC MD,23,59,Portugal,wiki/missing_player.jpg,,,,,,,,,,,,,,,,
a,Tomás Araújo,ZAG,20,67,Portugal,/266/096/23_60.png,,Rodrigo Ribeiro,ATA,17,66,Portugal,/268/837/23_60.png,,João Marcelo,ZAG,22,65,Brazil,/266/025/23_60.png,,L. Hornicek,GOL,19,63,Czech Republic,/258/936/23_60.png,,,,,,,,,,,,,,,,,,,,,,,,,,,,,,,,,,,,,,,,,,,,,,,,,,,,,,,,,,,,,,,,,,,,,,,,,,,,,,,Diogo Teixeira,MC MEI MD,23,59,Portugal,wiki/missing_player.jpg,,,,,,,,,,,,,,,,
a,Paulo Bernardo,MC,20,67,Portugal,/263/439/23_60.png,,José Marsà,ZAG,20,65,Spain,/269/089/23_60.png,,Francisco Meixedo,GOL,21,64,Portugal,/265/688/23_60.png,,Guilherme Soares,ZAG,21,62,Portugal,/262/268/23_60.png,,,,,,,,,,,,,,,,,,,,,,,,,,,,,,,,,,,,,,,,,,,,,,,,,,,,,,,,,,,,,,,,,,,,,,,,,,,,,,,Lucas Flores,GOL,20,57,Brazil,wiki/missing_player.jpg,,,,,,,,,,,,,,,,
a,Diego Moreira,ME PE,17,67,Portugal,/270/039/23_60.png,,André Paulo,GOL,25,65,Portugal,/259/067/23_60.png,,João Mendes,LE,22,61,Portugal,/266/461/23_60.png,,Dinis Pinto,LD,21,62,Portugal,/271/451/23_60.png,,,,,,,,,,,,,,,,,,,,,,,,,,,,,,,,,,,,,,,,,,,,,,,,,,,,,,,,,,,,,,,,,,,,,,,,,,,,,,,,,,,,,,,,,,,,,,,,,,,,
a,I. Vukotić,MC VOL,23,66,Montenegro,/246/192/23_60.png,,Geny Catamo,PD,21,65,Mozambique,/266/097/23_60.png,,,,,,,,,,,,,,,,,,,,,,,,,,,,,,,,,,,,,,,,,,,,,,,,,,,,,,,,,,,,,,,,,,,,,,,,,,,,,,,,,,,,,,,,,,,,,,,,,,,,,,,,,,,,,,,,,,
a,Samuel Soares,GOL,20,65,Portugal,/270/060/23_60.png,,,,,,,,,,,,,,,,,,,,,,,,,,,,,,,,,,,,,,,,,,,,,,,,,,,,,,,,,,,,,,,,,,,,,,,,,,,,,,,,,,,,,,,,,,,,,,,,,,,,,,,,,,,,,,,,,,,,,,,,,
a,Sandro Cruz,LE,21,64,Portugal,/268/807/23_60.png,,,,,,,,,,,,,,,,,,,,,,,,,,,,,,,,,,,,,,,,,,,,,,,,,,,,,,,,,,,,,,,,,,,,,,,,,,,,,,,,,,,,,,,,,,,,,,,,,,,,,,,,,,,,,,,,,,,,,,,,,
a,,,,,,,,,,,,,,,,,,,,,,,,,,,,,,,,,,,,,,,,,,,,,,,,,,,,,,,,,,,,,,,,,,,,,,,,,,,,,,,,,,,,,,,,,,,,,,,,,,,,,,,,,,,,,,,,,,,,,,,,,,,,,,,
a,,,,,,,,,,,,,,,,,,,,,,,,,,,,,,,,,,,,,,,,,,,,,,,,,,,,,,,,,,,,,,,,,,,,,,,,,,,,,,,,,,,,,,,,,,,,,,,,,,,,,,,,,,,,,,,,,,,,,,,,,,,,,,,
a,,,,,,,,,,,,,,,,,,,,,,,,,,,,,,,,,,,,,,,,,,,,,,,,,,,,,,,,,,,,,,,,,,,,,,,,,,,,,,,,,,,,,,,,,,,,,,,,,,,,,,,,,,,,,,,,,,,,,,,,,,,,,,,
a,,,,,,,,,,,,,,,,,,,,,,,,,,,,,,,,,,,,,,,,,,,,,,,,,,,,,,,,,,,,,,,,,,,,,,,,,,,,,,,,,,,,,,,,,,,,,,,,,,,,,,,,,,,,,,,,,,,,,,,,,,,,,,,
a,,,,,,,,,,,,,,,,,,,,,,,,,,,,,,,,,,,,,,,,,,,,,,,,,,,,,,,,,,,,,,,,,,,,,,,,,,,,,,,,,,,,,,,,,,,,,,,,,,,,,,,,,,,,,,,,,,,,,,,,,,,,,,,
a,,,,,,,,,,,,,,,,,,,,,,,,,,,,,,,,,,,,,,,,,,,,,,,,,,,,,,,,,,,,,,,,,,,,,,,,,,,,,,,,,,,,,,,,,,,,,,,,,,,,,,,,,,,,,,,,,,,,,,,,,,,,,,,
a,,,,,,,,,,,,,,,,,,,,,,,,,,,,,,,,,,,,,,,,,,,,,,,,,,,,,,,,,,,,,,,,,,,,,,,,,,,,,,,,,,,,,,,,,,,,,,,,,,,,,,,,,,,,,,,,,,,,,,,,,,,,,,,
a,,,,,,,,,,,,,,,,,,,,,,,,,,,,,,,,,,,,,,,,,,,,,,,,,,,,,,,,,,,,,,,,,,,,,,,,,,,,,,,,,,,,,,,,,,,,,,,,,,,,,,,,,,,,,,,,,,,,,,,,,,,,,,,
a,,,,,,,,,,,,,,,,,,,,,,,,,,,,,,,,,,,,,,,,,,,,,,,,,,,,,,,,,,,,,,,,,,,,,,,,,,,,,,,,,,,,,,,,,,,,,,,,,,,,,,,,,,,,,,,,,,,,,,,,,,,,,,,
a,,,,,,,,,,,,,,,,,,,,,,,,,,,,,,,,,,,,,,,,,,,,,,,,,,,,,,,,,,,,,,,,,,,,,,,,,,,,,,,,,,,,,,,,,,,,,,,,,,,,,,,,,,,,,,,,,,,,,,,,,,,,,,,
a,,,,,,,,,,,,,,,,,,,,,,,,,,,,,,,,,,,,,,,,,,,,,,,,,,,,,,,,,,,,,,,,,,,,,,,,,,,,,,,,,,,,,,,,,,,,,,,,,,,,,,,,,,,,,,,,,,,,,,,,,,,,,,,

