a,Palmeiras,,,,,,,Corinthians,,,,,,,São Paulo,,,,,,,Santos,,,,,,,Atlético-MG,,,,,,,Internacional,,,,,,,Flamengo,,,,,,,Botafogo,,,,,,,Fluminense,,,,,,,Atlético-PR,,,,,,,Coritiba,,,,,,,Fortaleza,,,,,,,Ceará,,,,,,,Bragantino,,,,,,,Atlético-GO,,,,,,,Goiás,,,,,,,
a,Pereira Weverton,GOL,34,81,Brazil,wiki/47936.png,,Barberan Maycon,MC MD,25,80,Brazil,wiki/85483.png,,Jonathan Calleri,ATA,28,79,Argentina,wiki/69259.png,,Yeferson Soteldo,PE MEI,25,79,Venezuela,wiki/79868.png,,Nacho Fernandez,MEI MC,32,81,Argentina,wiki/48353.png,,Santos Edenilson,MD MC LD,32,80,Brazil,wiki/51238.png,,Giorgian de Arrascaeta,PE MEI,28,82,Uruguay,wiki/64661.png,,Tiquinho Soares,ATA,31,79,Brazil,wiki/79486.png,,Marcilio Nino,ZAG,25,78,Brazil,wiki/101136.png,,Luis Fernandinho,MD MC ZAG,37,81,Brazil,wiki/4165.png,,Gabriel Boschilia,MEI,26,77,Brazil,wiki/72037.png,,Silvio Romero,ATA,34,78,Argentina,wiki/45770.png,,Rodrigo Lindoso,MC MD,33,77,Brazil,wiki/53507.png,,Guimaraes Artur,PE MEI,24,79,Brazil,wiki/94127.png,,Marlon Freitas,MC MD,27,75,Brazil,wiki/81473.png,,Tadeu Antonio,GOL,30,75,Brazil,wiki/101544.png,,
a,Gustavo Gomez,ZAG,29,81,Paraguay,wiki/50937.png,,Bezerra Paulinho,MC MEI MD,34,80,Brazil,wiki/26843.png,,Robert Arboleda,ZAG,30,78,Ecuador,wiki/86949.jpg,,Pereira Maicon,ZAG,33,77,Brazil,wiki/34945.png,,Guilherme Arana,MD LE ZAG,25,80,Brazil,wiki/81016.png,,Fabricio Bustos,MD LD ZAG,26,79,Argentina,wiki/90274.png,,Gabriel Barbosa,ATA PD,26,82,Brazil,wiki/68166.png,,Danilo Barbosa,MD MC ZAG,26,78,Brazil,wiki/73541.png,,Deivson Fabio,GOL,41,77,Brazil,wiki/3690.png,,Bonfim Marlos,PE MEI,34,79,Ukraine,wiki/34190.png,,Vasconcelos Gabriel,GOL,29,76,Brazil,wiki/48705.png,,Lucas Lima,MEI,32,77,Brazil,wiki/68223.png,,Goes Vina,ATA ATA,31,77,Brazil,wiki/68906.png,,Leo Ortiz,ZAG,26,78,Brazil,wiki/90698.png,,Pereira Wanderson,ZAG,31,74,Brazil,wiki/86989.png,,Danilo Barcelos,MD MC PE ZAG,31,75,Brazil,wiki/73895.png,,
a,Rodrigues Dudu,PE MEI,30,81,Brazil,wiki/41517.png,,Roger Guedes,ATA MEI,25,80,Brazil,wiki/86483.png,,Manoel Reinaldo,MD LE ZAG,32,78,Brazil,wiki/57600.png,,Felipe Jonatan,MD LE ZAG,24,77,Brazil,wiki/99130.png,,Matias Zaracho,MEI,24,80,Argentina,wiki/90310.png,,Alan Patrick,MEI MC,31,79,Brazil,wiki/43661.png,,Arturo Vidal,MC MEI MD,35,81,Chile,wiki/17566.png,,Gabriel Pires,MC MEI MD,28,78,Brazil,wiki/53006.png,,Messias Manoel,ZAG,32,77,Brazil,wiki/41232.png,,Vinicius Abner,MD LE ZAG,22,77,Brazil,wiki/100919.png,,Henrique Buss,ZAG,35,75,Brazil,wiki/32337.png,,Thiago Galhardo,ATA ATA,33,77,Brazil,wiki/51216.png,,Stiven Mendoza,ATA MEI,30,76,Colombia,wiki/45462.png,,Schwengber Cleiton,GOL,25,78,Brazil,wiki/90604.png,,Junio Jefferson,MD LE ZAG,25,74,Brazil,wiki/89446.png,,Pedro Raul,ATA,25,75,Brazil,wiki/103833.png,,
a,Raphael Veiga,MEI MC,27,80,Brazil,wiki/87006.png,,Conserva Fagner,MD LD ZAG,33,79,Brazil,wiki/18276.png,,Marcio Rafinha,MD MD ZAG,36,78,Brazil,wiki/9130.png,,Carlos Sanchez,MEI MC,37,77,Uruguay,wiki/18205.png,,Junior Alonso,LE,29,80,Paraguay,wiki/66594.png,,Barcellos Taison,PE ATA,34,79,Brazil,wiki/34210.png,,Everton Cebolinha,MEI MC,26,81,Brazil,wiki/73914.png,,Tche Tche,MD MC MEI LD,29,78,Brazil,wiki/86671.png,,Felipe Melo,MD MC ZAG,39,77,Brazil,wiki/6162.png,,Cardoso Christian,MC MD,21,77,Brazil,wiki/104784.png,,Jhon Chancellor,ZAG,31,75,Venezuela,wiki/61749.png,,Emanuel Britez,ZAG,30,75,Argentina,wiki/69973.png,,Candido Richard,MC MD,28,76,Brazil,wiki/94626.png,,Lucas Evangelista,MC MEI MD,27,77,Brazil,wiki/67783.png,,Ramon Menezes,ZAG,27,74,Brazil,wiki/87047.png,,Leo Sena,MC MD,26,74,Brazil,wiki/89445.png,,
a,Barbosa Rony,ATA MEI,27,80,Brazil,wiki/99213.png,,Fabian Balbuena,ZAG,31,79,Paraguay,wiki/62739.png,,Igor Gomes,MEI MC,23,78,Brazil,wiki/99243.png,,Vieira Luan,ATA ATA,29,77,Brazil,wiki/72230.png,,Givanildo Hulk,ATA MEI,36,80,Brazil,wiki/33654.png,,Wanderson Maciel,PE ATA,27,79,Brazil,wiki/64855.png,,Bruno Henrique,ATA MEI,31,81,Brazil,wiki/81439.png,,Victor Cuesta,ZAG,33,78,Argentina,wiki/58396.png,,German Cano,ATA,34,77,Argentina,wiki/32359.png,,Thiago Heleno,ZAG,33,77,Brazil,wiki/18266.png,,Araujo Egidio,MD LE ZAG,36,75,Brazil,wiki/28023.png,,Juninho Capixaba,MD LE ZAG,25,75,Brazil,wiki/90477.png,,Rodrigues Messias,ZAG,27,75,Brazil,wiki/86963.png,,Raul Goncalves,MC MD,26,76,Brazil,wiki/94129.png,,Willian Maranhao,MC MD,26,74,Brazil,wiki/99182.png,,Matheus Sales,MC MD,27,74,Brazil,wiki/85985.png,,
a,Oliveira Danilo,MC MD,21,79,Brazil,wiki/105064.png,,Renato Augusto,MC MEI MD,34,79,Brazil,wiki/18281.png,,Bezerra Patrick,MC MEI VOL,30,78,Brazil,wiki/76921.png,,Joao Paulo,GOL,27,77,Brazil,wiki/80267.png,,Cristian Pavon,ATA MEI,26,80,Argentina,wiki/73146.png,,Gabriel Mercado,LD,35,78,Argentina,wiki/24139.png,,Erick Pulgar,MC MD,28,80,Chile,wiki/72125.png,,Victor Sa,PE ATA,28,78,Brazil,wiki/91635.png,,Yago Felipe,MC MEI MD,27,76,Brazil,wiki/81741.png,,Pedro Henrique,ZAG,26,77,Brazil,wiki/85142.png,,Willian Farias,MC MD,33,75,Brazil,wiki/48462.png,,Rodrigues Felipe,MD MC LD,28,75,Brazil,wiki/102148.png,,Luiz Otavio,ZAG,33,75,Brazil,wiki/74688.png,,Bernardo Natan,ZAG,21,76,Brazil,wiki/106523.png,,Gabriel Baralhas,MC MD,23,74,Brazil,wiki/108652.png,,Fellipe Bastos,MC MD,32,74,Brazil,wiki/34926.png,,
a,Gustavo Scarpa,MEI MC,28,79,Brazil,wiki/74019.png,,Ramos Cassio,GOL,35,79,Brazil,wiki/18237.png,,Joao Miranda,ZAG,37,78,Brazil,wiki/4060.png,,Marcos Leonardo,ATA,19,76,Brazil,wiki/104471.png,,Passos Otavio,MC MD,28,79,Brazil,wiki/73544.jpg,,Carlos de Pena,PE PE,30,78,Uruguay,wiki/68633.png,,Éverton Ribeiro,MEI MD,33,80,Brazil,wiki/32347.png,,Fernando Marcal,MD LE LE,33,77,Brazil,wiki/55794.png,,Samuel Xavier,MD LD ZAG,32,76,Brazil,wiki/64841.png,,Felipe Pablo,ATA MEI,30,77,Brazil,wiki/52042.png,,Andrey Ramos,MC MEI MD,24,75,Brazil,wiki/90487.png,,Guilherme Tinga,MD LD LD,29,75,Brazil,wiki/73911.jpg,,Fernandes Richardson,MC MD,31,75,Brazil,wiki/84983.jpg,,Eric Ramires,MC MEI MD,22,76,Brazil,wiki/99191.png,,Luis Dudu,MD LD ZAG,25,74,Brazil,wiki/94807.png,,Santos Auremir,MD MC LD,30,74,Brazil,wiki/54558.png,,
a,Marcos Rocha,MD LD ZAG,33,79,Brazil,wiki/41184.png,,Victor Giuliano,MEI MC,32,78,Brazil,wiki/37955.png,,Luciano Neves,ATA ATA,29,78,Brazil,wiki/72401.png,,Brayan Angulo,ATA,26,76,Ecuador,wiki/79892.png,,Delmino Pedrinho,MEI MD,24,79,Brazil,wiki/90580.png,,Brito Daniel,GOL,28,77,Brazil,wiki/94274.png,,Guilherme Pedro,ATA,25,80,Brazil,wiki/87068.png,,Gatito Fernandez,GOL,34,77,Paraguay,wiki/31356.png,,Siqueira Willian,ATA MEI,35,76,Brazil,wiki/18270.png,,David Terans,ATA ATA,28,77,Uruguay,wiki/71042.png,,Alex Muralha,GOL,32,75,Brazil,wiki/73782.png,,Fernando Miguel,GOL,37,75,Brazil,wiki/59230.png,,Fernando Sobral,MC MD,27,75,Brazil,wiki/77876.png,,Dalmoro Hyoran,MEI MC,29,76,Brazil,wiki/76947.png,,Xavier Jorginho,MEI MC,31,74,Brazil,wiki/65061.png,,Moraes Reynaldo,ZAG,25,74,Brazil,wiki/94360.png,,
a,Ze Rafael,MC MEI MD,29,79,Brazil,wiki/68908.png,,Junior Moraes,ATA,35,78,Ukraine,wiki/27998.png,,Citadin Eder,PE ATA,35,77,Italy,wiki/15311.png,,Gabriel Carabajal,MEI,30,75,Argentina,wiki/58752.png,,Franca Keno,PE ATA,32,79,Brazil,wiki/78238.png,,Girotto Gabriel,MC MD,30,77,Brazil,wiki/61565.png,,Rodrigo Caio,ZAG,29,79,Brazil,wiki/51236.png,,Renzo Saravia,LD ZAG,29,77,Argentina,wiki/69289.png,,Michel Araujo,ATA ATA,25,76,Uruguay,wiki/89558.png,,Leo Cittadini,MC MEI MD,28,76,Brazil,wiki/65108.png,,Jesus Trindade,MD ME LE,29,74,Uruguay,wiki/74240.png,,Romulo Otero,MEI,29,75,Venezuela,wiki/54107.png,,Michel Macedo,MD LD ZAG,32,75,Brazil,wiki/39489.png,,Luan Cândido,MD LE ZAG,21,76,Brazil,wiki/99258.png,,Diego Churin,ATA,32,74,Argentina,wiki/32357.png,,Luiz Apodi,MD MC PD ZAG,35,74,Brazil,wiki/32336.jpg,,
a,Murilo Cerqueira,VOL ZAG,25,78,Brazil,wiki/90543.png,,Carlos Gil,ZAG,35,78,Brazil,wiki/41229.png,,Marcos Guilherme,PE MEI,27,77,Brazil,wiki/73468.png,,Ferreira Madson,MD LD ZAG,30,75,Brazil,wiki/61293.png,,Eduardo Vargas,ATA ATA,32,79,Chile,wiki/32459.png,,Igor Liziero,MC MD,24,77,Brazil,wiki/96168.png,,David Luiz,ZAG,35,79,Brazil,wiki/22645.png,,Carlos Eduardo,ATA ATA,32,77,Brazil,wiki/41289.png,,Lucas Calegari,MD LD ZAG,20,75,Brazil,wiki/102126.png,,Matheus Fernandes,MC MD,24,76,Brazil,wiki/90591.png,,Signorini Robinho,MEI MC,34,74,Brazil,wiki/34217.png,,Marcelo Benevenuto,ZAG,26,75,Brazil,wiki/87022.png,,Nino Paraiba,MD LD ZAG,36,75,Brazil,wiki/43666.png,,Junio Helinho,PE MEI,22,76,Brazil,wiki/99242.png,,Luiz Fernando,PE MEI,25,74,Brazil,wiki/85673.jpg,,Caio Vinicius,MC MD,23,74,Brazil,wiki/102125.png,,
a,Garcia Luan,ZAG,29,78,Brazil,wiki/61630.png,,Mateus Vital,MEI,24,77,Brazil,wiki/91270.png,,Maycon Nikao,PE MEI,30,77,Brazil,wiki/48534.png,,Vinicius Zanocelo,MC MEI MD,21,75,Brazil,wiki/113334.png,,Rodrigues Jair,MC MD,28,79,Brazil,wiki/77163.png,,Braian Romero,ATA ATA,31,77,Argentina,wiki/80095.png,,Nascimento Pablo,ZAG,31,79,Brazil,wiki/48539.png,,Lucas Piazon,PE MEI,28,76,Brazil,wiki/61041.png,,Wellington Martins,MC MD,31,75,Brazil,wiki/37876.png,,Vitor Bueno,ATA ATA,27,76,Brazil,wiki/86874.png,,Guillermo de Los Santos,ZAG,31,74,Uruguay,wiki/50686.jpg,,Tarouco Titi,ZAG,34,75,Brazil,wiki/27979.png,,Vinicius Lima,MEI MC,26,75,Brazil,wiki/94267.png,,Bruno Praxedes,MEI MC,20,75,Brazil,wiki/104090.png,,Cordeiro Hayner,MD LD ZAG,26,73,Brazil,wiki/94636.png,,Joao Caetano,LE,23,73,Brazil,wiki/104287.png,,
a,Joaquin Piquerez,MD LE ZAG,24,77,Uruguay,wiki/95046.png,,Victor Cantillo,MC MD,28,77,Colombia,wiki/67189.png,,Euler Alisson,MEI,29,77,Brazil,wiki/68451.png,,Guilherme Camacho,MC MEI MD,32,75,Brazil,wiki/41222.png,,Felipe Éverson,GOL,32,79,Brazil,wiki/47457.png,,Correia David,ATA MEI,26,76,Brazil,wiki/87050.png,,Filipe Luis,MD LE ZAG,37,79,Brazil,wiki/3086.png,,Patrick de Paula,MC MD,22,76,Brazil,wiki/103853.png,,Gustavo Nonato,MC MEI MD,24,75,Brazil,wiki/99251.png,,Tomas Cuello,MEI MC,22,75,Argentina,wiki/96122.png,,Luciano Castan,ZAG,32,74,Brazil,wiki/77838.png,,Pedro Rocha,ATA MEI,27,75,Brazil,wiki/81743.png,,Diego Rigonato,MD LE MEI ZAG,34,75,Brazil,wiki/28530.jpg,,Meemyas Jadsom,MD MC LD,21,75,Brazil,wiki/104201.png,,Emerson Santos,LD,27,73,Brazil,wiki/87018.png,,Dada Belmonte,MEI,25,73,Brazil,wiki/115478.png,,
a,Gabriel Menino,MD MC LD,21,77,Brazil,wiki/103732.png,,Fabio Santos,MD LE ZAG,36,77,Brazil,wiki/17676.png,,Rodrigo Nestor,MC MEI MD,22,76,Brazil,wiki/100033.png,,Lucas Braga,PE ATA,25,75,Brazil,wiki/105068.png,,Allan Souza,MC MD,25,78,Brazil,wiki/82325.png,,Rodrigo Moledo,ZAG,34,75,Brazil,wiki/41849.png,,Diego Alves,GOL,37,79,Brazil,wiki/9579.png,,Lucas Fernandes,MEI MC,24,75,Brazil,wiki/87075.png,,Paulo Henrique Ganso,MEI,32,75,Brazil,wiki/33533.png,,Agustin Canobbio,PE ATA,23,75,Uruguay,wiki/89651.png,,Salmazzo Regis,MEI,29,74,Brazil,wiki/73612.png,,Renato Kayzer,ATA MEI,26,75,Brazil,wiki/102134.png,,Alves Jo,ATA,35,75,Brazil,wiki/3688.png,,Carlos Eduardo,ATA MEI,25,75,Brazil,wiki/81796.png,,William Klaus,ZAG,28,72,Brazil,wiki/89230.png,,Jackson Diego,MD MC PD ZAG,26,72,Brazil,wiki/missing_player.jpg,,
a,Jose Lopez,ATA,21,77,Argentina,wiki/109574.png,,Ramiro Benetti,MC MEI VOL,29,77,Brazil,wiki/58899.png,,Luan Santos,MC MD,23,76,Brazil,wiki/99241.png,,Eduardo Bauermann,ZAG,26,75,Brazil,wiki/89404.png,,Claudio Guga,MD LD ZAG,24,78,Brazil,wiki/98159.png,,Eduardo Vitao,ZAG,22,75,Brazil,wiki/98126.png,,Aderbar Santos,GOL,32,79,Brazil,wiki/54606.png,,Victor Kanu,ZAG,25,75,Brazil,wiki/97280.png,,Jhon Arias,MEI,24,75,Colombia,wiki/89088.png,,Carvalho Erick,MD MC LD,24,75,Brazil,wiki/102295.png,,Leo Gamalho,ATA,36,74,Brazil,wiki/78240.jpg,,Lucas Crispim,MEI MC,28,74,Brazil,wiki/73535.png,,Victor Luis,MD LE ZAG,29,75,Brazil,wiki/59048.png,,Souza Alerrandro,ATA,22,74,Brazil,wiki/99227.png,,Cardozo Shaylon,MEI MC,25,72,Brazil,wiki/89382.png,,Santos Vinicius,PE MEI,29,72,Brazil,wiki/44104.png,,
a,Moraes Jorge,MD LE ZAG,26,77,Brazil,wiki/81736.png,,Yuri Alberto,ATA MEI,21,77,Brazil,wiki/94668.png,,Leo Pele,LE LE,26,76,Brazil,wiki/90538.png,,Jhojan Julio,PE MEI,24,75,Ecuador,wiki/95168.png,,Igor Rabello,ZAG,27,78,Brazil,wiki/87421.png,,Pedro Henrique,MEI MC,32,75,Brazil,wiki/55225.jpg,,Leo Pereira,ZAG,26,78,Brazil,wiki/72236.png,,Da Silva Rafael,MD LD ZAG,32,75,Brazil,wiki/34811.png,,Allan Nathan,MEI MC,26,75,Brazil,wiki/73413.png,,Oliveira Khellven,MD LD ZAG,21,75,Brazil,wiki/101268.png,,Alef Manga,ATA MEI,27,74,Brazil,wiki/112702.png,,Jose Welison,MC MD,27,74,Brazil,wiki/73469.png,,Bruno Pacheco,MD LE ZAG,30,75,Brazil,wiki/90505.png,,Jan Hurtado,ATA,22,74,Venezuela,wiki/94174.png,,Oliveira Ronaldo,GOL,26,72,Brazil,wiki/90517.png,,Marquinhos Gabriel,PE MEI,32,72,Brazil,wiki/41179.png,,
a,Eduard Atuesta,MC MEI MD,25,77,Colombia,wiki/89399.png,,Fausto Vera,MC MD,22,75,Argentina,wiki/103745.png,,Igor Vinicius,MD LD ZAG,25,75,Brazil,wiki/101126.png,,Luiz Felipe,ZAG,28,74,Brazil,wiki/85682.png,,Eduardo Sasha,ATA MEI,30,78,Brazil,wiki/47327.png,,Martins Rene,MD LE ZAG,29,75,Brazil,wiki/56452.png,,Ayrton Lucas,MD LE ZAG,25,78,Brazil,wiki/87065.png,,Gustavo Sauer,MEI MC,29,75,Brazil,wiki/99823.png,,Andre Trindade,MC MD,21,75,Brazil,wiki/105080.png,,Marcelo Cirino,ATA MEI,30,75,Brazil,wiki/43276.jpg,,Meira Neilton,ATA ATA,28,74,Brazil,wiki/67702.png,,Matheus Vargas,MEI MC,26,74,Brazil,wiki/82334.png,,Bonfim Dentinho,ATA ATA,33,75,Brazil,wiki/27981.jpg,,Jose Hurtado,MD LD ZAG,20,74,Ecuador,wiki/112327.png,,Leo Pereira,MEI MC,22,72,Brazil,wiki/114528.png,,Johann Nicolas,ATA MEI,32,72,Brazil,wiki/115479.png,,
a,Silva Wesley,ATA MEI,23,77,Brazil,wiki/102747.png,,Du Queiroz,MC MD,22,75,Brazil,wiki/114436.png,,Diego Costa,ZAG,23,75,Brazil,wiki/104185.png,,Junior Auro,MD LD LE,26,74,Brazil,wiki/77167.png,,Junior Ademir,PE ATA,27,77,Brazil,wiki/99172.png,,Magalhaes Mauricio,MEI MC,21,74,Brazil,wiki/101728.png,,Costa Marinho,ATA MEI,32,78,Brazil,wiki/43627.png,,Shawann Adryelson,ZAG,24,74,Brazil,wiki/86943.png,,Alan Carvalho,ATA,33,75,China,wiki/33328.png,,Krepski Bento,GOL,23,75,Brazil,wiki/105112.png,,Thonny Anderson,ATA ATA,24,72,Brazil,wiki/99233.png,,Silva Romarinho,PE ATA,28,74,Brazil,wiki/94630.png,,Bonfim Cleber,ATA,25,74,Brazil,wiki/104743.png,,Lima Ramon,MD LE ZAG,21,74,Brazil,wiki/105063.png,,Edson Fernando,MC MD,24,70,Brazil,wiki/102181.png,,Jose Maguinho,MD LD ZAG,30,70,Brazil,wiki/95255.png,,
a,Miguel Merentiel,ATA ATA,26,76,Uruguay,wiki/89614.png,,Gustavo Mosquito,PE ATA,24,75,Brazil,wiki/105103.png,,Carniel Jandrei,GOL,29,75,Brazil,wiki/91078.png,,Rodrigo Fernandez,MC MD,26,74,Uruguay,wiki/89594.png,,Humberto Rever,ZAG,37,77,Brazil,wiki/34047.png,,Johnny Cardoso,MC MEI MD,20,73,United States,wiki/103187.png,,Silva Matheuzinho,MD LD ZAG,21,77,Brazil,wiki/105988.png,,Philipe Sampaio,ZAG,27,74,Brazil,wiki/76717.jpg,,Caio Paulista,PE ATA,24,75,Brazil,wiki/102108.png,,Alex Santana,MC MEI MD,27,75,Brazil,wiki/94279.png,,Hernan Perez,ATA ATA,33,72,Paraguay,wiki/25661.png,,Marcelo Boeck,GOL,37,74,Brazil,wiki/10339.png,,Vieira Jael,ATA,33,74,Brazil,wiki/35798.png,,Lima Aderlan,MD LD ZAG,32,74,Brazil,wiki/76721.png,,Cleidson Camutanga,ZAG,28,70,Brazil,wiki/112949.png,,Lucas Halter,ZAG,22,70,Brazil,wiki/101266.png,,
a,Rafael Navarro,ATA,22,75,Brazil,wiki/104746.png,,Bruno Mendez,LD LD,22,75,Uruguay,wiki/94940.png,,Nahuel Bustos,ATA MEI,24,75,Argentina,wiki/90285.png,,Goes Sandry,MC MEI MD,20,72,Brazil,wiki/102342.png,,Mariano Ferreira,MD LD ZAG,36,77,Brazil,wiki/27948.png,,Filipe Mikael,ATA,23,72,Brazil,wiki/108620.png,,Ribas Diego,MEI MC,37,77,Brazil,wiki/3317.png,,Joel Carli,ZAG,35,74,Argentina,wiki/57663.png,,David Braz,ZAG,35,75,Brazil,wiki/27889.png,,Luis Orejuela,MD LD ZAG,27,74,Colombia,wiki/75983.png,,Guilherme Biro,MD LE ZAG,22,70,Brazil,wiki/108646.png,,Lucas Sasha,MD MC LD,32,74,Brazil,wiki/45099.jpg,,Jhon Vasquez,PE ATA,27,74,Colombia,wiki/67290.jpg,,Marcos Sorriso,PE ATA,21,72,Brazil,wiki/114570.png,,Diego Loureiro,GOL,24,70,Brazil,wiki/102290.png,,Hugo Ferreira,MD LE ZAG,25,70,Brazil,wiki/missing_player.jpg,,
a,Rocha Mayke,MD MC PD ZAG,29,75,Brazil,wiki/65767.jpg,,Rafael Ramos,MD LD ZAG,27,75,Portugal,wiki/74840.png,,Giuliano Galoppo,MC MEI MD,23,75,Argentina,wiki/104588.png,,Ângelo Gabriel,PE ATA,17,72,Brazil,wiki/106617.png,,Alan Kardec,ATA,33,77,Brazil,wiki/29441.jpg,,Guilherme Weverton,MD LD ZAG,23,68,Brazil,wiki/101321.png,,Hugo Souza,GOL,23,77,Brazil,wiki/98276.png,,Luis Henrique,ATA ATA,20,74,Brazil,wiki/104192.png,,Liberato Marrony,ATA MEI,23,75,Brazil,wiki/99186.png,,Hugo Moura,MC MD,24,74,Brazil,wiki/101129.png,,Milouski Natanael,MD LD ZAG,20,70,Brazil,wiki/104289.png,,Vieira Moises,ATA MEI,26,74,Brazil,wiki/112547.png,,Gabriel Lacerda,ZAG,23,74,Brazil,wiki/105085.png,,Julio Cesar,GOL,37,72,Brazil,wiki/34228.png,,Airton Moises,PE ATA,23,70,Brazil,wiki/107880.png,,Luan Dias,MEI,25,70,Brazil,wiki/missing_player.jpg,,
a,Bruno Tabata,PE ATA,25,75,Brazil,wiki/96079.png,,Raul Gustavo,ZAG,23,74,Brazil,wiki/113335.png,,Felipe Alves,GOL,34,74,Brazil,wiki/95317.png,,Araujo Nathan,MD LD ZAG,20,72,Brazil,wiki/105304.png,,Nathan Silva,MD MC ZAG,25,77,Brazil,wiki/97019.png,,Nunes Keiller,GOL,25,68,Brazil,wiki/87102.png,,Thiago Maia,MC MD,25,77,Brazil,wiki/81405.png,,Diego Goncalves,PE ATA,27,72,Brazil,wiki/70476.png,,Cris Silva,LE ZAG,29,75,Brazil,wiki/81411.png,,Nicolas Hernandez,ZAG,24,74,Colombia,wiki/100169.png,,Pablo Garcia,MEI MC,23,70,Uruguay,wiki/85752.png,,Robson Fernandes,ATA MEI,31,74,Brazil,wiki/94256.png,,Joao Ricardo,GOL,33,74,Brazil,wiki/67850.png,,Gabriel Novaes,ATA,23,70,Brazil,wiki/99966.png,,Santos Renan,GOL,33,70,Brazil,wiki/33363.png,,Fernando Sidimar,ZAG,30,68,Brazil,wiki/missing_player.jpg,,
a,Benjamin Kuscevic,ZAG,26,75,Chile,wiki/84922.png,,Robson Bambu,ZAG,24,74,Brazil,wiki/99215.png,,Gabriel Neves,MC MD,25,74,Uruguay,wiki/100222.png,,Lucas Pires,MD LE ZAG,21,72,Brazil,wiki/124110.png,,Nascimento Jemerson,ZAG,30,75,Brazil,wiki/69010.png,,Alexandre Alemao,ATA MEI,24,68,Brazil,wiki/104719.png,,Almeida Rodinei,MD LD ZAG,30,77,Brazil,wiki/68360.png,,Pererira Carlinhos,MD LE ZAG,35,72,Brazil,wiki/47703.png,,Mario Pineida,MD MD ZAG,30,74,Ecuador,wiki/48704.png,,Santos Vitinho,PE MEI,23,74,Brazil,wiki/102176.png,,Matheus Alexandre,MD LD ZAG,23,70,Brazil,wiki/114081.png,,Fabricio Baiano,MC MD,30,72,Brazil,wiki/68852.png,,Ze Roberto,ATA,28,74,Brazil,wiki/91571.png,,Leonardo Realpe,ZAG,21,70,Ecuador,wiki/104272.png,,Wellington Rato,ATA MEI,30,70,Brazil,wiki/116021.png,,Alves Savio,MD LE ZAG,27,68,Brazil,wiki/missing_player.jpg,,
a,Jailson Siqueira,MD MC ZAG,26,75,Brazil,wiki/87110.png,,Medeiros Roni,MC MEI MD,23,74,Brazil,wiki/105101.png,,Andres Colorado,MC MD,23,74,Colombia,wiki/100745.png,,Vinicius Balieiro,MD MC LD,23,70,Brazil,wiki/108601.png,,Ribeiro Dodo,MD LE ZAG,30,75,Brazil,wiki/43456.png,,Kaique Rocha,LD LD,21,68,Brazil,wiki/102341.png,,Joao Gomes,MC MD,21,76,Brazil,wiki/104698.png,,Vinicius Lopes,ATA MEI,23,72,Brazil,wiki/105022.png,,David Duarte,ZAG,27,74,Brazil,wiki/101135.png,,Matheus Felipe,ZAG,23,70,Brazil,wiki/112213.png,,Adrian Martinez,ATA ATA,30,70,Argentina,wiki/100168.png,,Luan Polli,GOL,29,72,Brazil,wiki/76951.jpg,,Iury Castilho,ATA,26,72,Brazil,wiki/90498.png,,Moreira Weverson,MD LE ZAG,22,70,Brazil,wiki/104706.png,,Arthur Henrique,MD MC PE ZAG,28,69,Brazil,wiki/77053.jpg,,Renato Junior,ATA,20,68,Brazil,wiki/missing_player.jpg,,
a,Marcelo Lomba,GOL,35,75,Brazil,wiki/43625.png,,Ferreira Adson,PE MEI,21,74,Brazil,wiki/114244.png,,Damascena Welington,MD LE ZAG,21,74,Brazil,wiki/114545.png,,Furtado John,GOL,26,70,Brazil,wiki/86940.png,,Monteiro Rafael,GOL,33,74,Brazil,wiki/43672.png,,Gustavo Maia,PE ATA,21,65,Brazil,wiki/104885.png,,Fabricio Bruno,ZAG,26,75,Brazil,wiki/85980.png,,Junior Santos,ATA,27,72,Brazil,wiki/101000.png,,Marcos Felipe,GOL,26,74,Brazil,wiki/79764.png,,Bryan Garcia,MEI MC,21,70,Ecuador,wiki/missing_player.jpg,,Soares Val,MD MC LD,25,70,Brazil,wiki/94281.png,,Anthony Landazuri,LD LD,25,72,Ecuador,wiki/100472.png,,Oliveira Richard,GOL,31,72,Brazil,wiki/94244.png,,Kevin Lomonaco,ZAG,20,70,Argentina,wiki/112731.png,,Joao Peglow,PE ATA,20,68,Brazil,wiki/102425.png,,Joao da Silva,ZAG,21,67,Brazil,wiki/missing_player.jpg,,
a,Breno Lopes,ATA MEI,26,75,Brazil,wiki/108485.png,,Bruno Melo,MD LE ZAG,29,74,Brazil,wiki/102147.png,,Nahuel Ferraresi,LD,23,72,Venezuela,wiki/92829.png,,Rwan Seco,ATA,21,70,Brazil,wiki/124112.png,,Goncalves Calebe,MC MD,22,70,Brazil,wiki/108603.png,,Roberto Rosa,ZAG,24,65,Brazil,wiki/101319.png,,Guillermo Varela,MC ZAG,29,75,Uruguay,wiki/66592.png,,Daniel Borges,MD LD ZAG,29,72,Brazil,wiki/68996.png,,Matheus Martinelli,MC MD,20,74,Brazil,wiki/108643.png,,Vitor Roque,ATA MEI,17,68,Brazil,wiki/117952.png,,Matias Galarza,MC MD,20,70,Paraguay,wiki/115633.png,,Caio Alexandre,MC MD,23,72,Brazil,wiki/104744.png,,Arruda Erick,PE ATA,24,72,Brazil,wiki/92580.png,,Azevedo Lucao,GOL,21,70,Brazil,wiki/104240.png,,Viana Ricardinho,ATA,21,68,Brazil,wiki/113336.png,,Marco Antonio,MEI MC,22,65,Brazil,wiki/102139.png,,
a,Vinicius Silvestre,GOL,28,68,Brazil,wiki/82289.png,,Lucas Piton,MD MC PE ZAG,21,74,Brazil,wiki/102302.png,,Andre Anderson,MEI MC,22,70,Italy,wiki/98263.png,,Nascimento Alex,ZAG,23,70,Brazil,wiki/105066.png,,Rubens Dias,MD LE ZAG,21,70,Brazil,wiki/123985.png,,Estevao Barreto,MEI MC,20,65,Brazil,wiki/missing_player.jpg,,Victor Hugo,MEI MC,18,67,Brazil,wiki/120402.png,,Lucas Perri,GOL,24,70,Brazil,wiki/82286.png,,John Kennedy,ATA MEI,20,72,Brazil,wiki/108642.png,,Romulo Cardoso,ATA,20,68,Brazil,wiki/121060.png,,Bruno Gomes,MC MD,21,70,Brazil,wiki/102971.png,,Lopes Ronald,MC MD,25,72,Brazil,wiki/105107.png,,Lucas Ribeiro,ZAG,23,72,Brazil,wiki/98951.png,,Miguel Silveira,MEI,19,68,Brazil,wiki/104207.png,,Barbosa Rickson,MC MD,24,68,Brazil,wiki/102098.png,,Henrique Lordelo,MC MD,22,65,Brazil,wiki/missing_player.jpg,,
a,Gustavo Garcia,MD LD ZAG,20,65,Brazil,wiki/112416.png,,Joao Xavier,MC MD,22,72,Brazil,wiki/105100.png,,Filho Walce,ZAG,23,70,Brazil,wiki/101127.png,,Goncalves Tailson,PE MEI,23,70,Brazil,wiki/103061.png,,Matheus Mendes,GOL,23,68,Brazil,wiki/105060.png,,Matheus Cadorini,ATA MEI,20,65,Brazil,wiki/missing_player.jpg,,Santiago Ocampos,MD LD ZAG,20,66,Paraguay,wiki/103489.png,,Hugo Goncalves,MD LE ZAG,20,69,Brazil,wiki/108605.png,,Matheus Ferraz,ZAG,37,72,Brazil,wiki/65250.png,,Azevedo Pedrinho,MD LE ZAG,20,68,Brazil,wiki/missing_player.jpg,,Leandro Warley,MD LD MEI ZAG,22,70,Brazil,wiki/103266.png,,Valentin Depietri,PE ATA,21,70,Argentina,wiki/114080.png,,Guilherme Castilho,MC MEI MD,22,72,Brazil,wiki/114568.png,,Bruno Goncalves,ATA,19,65,Brazil,wiki/117413.png,,Kelvin Giacobe,ATA MEI,25,65,Brazil,wiki/missing_player.jpg,,Yan Souto,ZAG,20,65,Brazil,wiki/missing_player.jpg,,
a,Lucas Freitas,ZAG,21,65,Brazil,wiki/missing_player.jpg,,Matheus Donelli,GOL,20,65,Brazil,wiki/103672.png,,Pablo Maia,MC MD,20,70,Brazil,wiki/missing_player.jpg,,Rabelo Ivonei,MC MD,20,67,Brazil,wiki/102343.png,,Matias Michael,GOL,27,68,Brazil,wiki/99219.png,,Lucas Ramos,MC MD,21,65,Brazil,wiki/missing_player.jpg,,Matheus Franca,MEI MC,18,65,Brazil,wiki/116512.png,,Breno Silva,MC MD,22,68,Brazil,wiki/102160.png,,Matheus Martins,PE ATA,19,68,Brazil,wiki/113774.png,,Nascimento Reinaldo,PE ATA,21,67,Brazil,wiki/108630.png,,Fabricio Daniel,ATA ATA,25,70,Brazil,wiki/missing_player.jpg,,Brayan Ceballos,ZAG,21,70,Colombia,wiki/missing_player.jpg,,Matheus Peixoto,ATA,26,72,Brazil,wiki/90479.png,,Luciano Silva,MD MC ZAG,19,62,Brazil,wiki/missing_player.jpg,,Lucas Lima,MD LD ZAG,22,62,Brazil,wiki/missing_player.jpg,,Marcelo Rangel,GOL,34,65,Brazil,wiki/102158.png,,
a,Fabinho Silva,MC MD,20,65,Brazil,wiki/missing_player.jpg,,Carlos Miguel,GOL,23,62,Brazil,wiki/missing_player.jpg,,Talles Costa,MEI MC,20,70,Brazil,wiki/114546.png,,Bruno Oliveira,MEI MC,24,67,Brazil,wiki/110960.png,,Carvalho Neto,MD MC LD,19,65,Brazil,wiki/102327.png,,Igor Gomes,LD,21,62,Brazil,wiki/123499.png,,Daniel Cabral,MC MD,20,62,Brazil,wiki/102357.png,,Romildo de Piage,MC MD,22,68,Brazil,wiki/104745.png,,Carvalho Wisney,MD LD MEI ZAG,23,62,Brazil,wiki/96250.png,,Anderson Paixao,GOL,24,65,Brazil,wiki/104783.png,,Rafael Santos,MD LE LE,24,69,Brazil,wiki/102136.png,,Hercules Pereira,MC MD,21,68,Brazil,wiki/124323.png,,Ramos Kelvyn,MD LE ZAG,23,70,Brazil,wiki/108668.png,,Maycon Cleiton,GOL,23,59,Brazil,wiki/missing_player.jpg,,Alves Danilo,ZAG,21,59,Brazil,wiki/108650.png,,Vinicius Taylon,LD,22,65,Brazil,wiki/missing_player.jpg,,
a,Michel Augusto,ZAG,19,65,Brazil,wiki/missing_player.jpg,,Sucigan Biro,MEI,18,62,Brazil,wiki/missing_player.jpg,,Rafael Luiz,MD MC PD ZAG,20,65,Brazil,wiki/107906.png,,Lucas Barbosa,PE ATA,21,65,Brazil,wiki/122047.png,,Ruan Talison,LD LD,22,62,Brazil,wiki/108602.png,,,,,,,,,Ryan Luka,ATA,19,62,Brazil,wiki/missing_player.jpg,,Matheus Nascimento,ATA,18,68,Brazil,wiki/105111.png,,Alexandre Jesus,ATA,20,62,Brazil,wiki/104236.png,,Gentil Jader,ATA ATA,19,65,Brazil,wiki/116346.png,,Diego Porfirio,MD LE ZAG,23,65,Brazil,wiki/missing_player.jpg,,Conceicao David,ATA MEI,22,68,Brazil,wiki/missing_player.jpg,,Marcos Buiu,MD LD ZAG,26,68,Brazil,wiki/114241.png,,,,,,,,,Lucas Gazal,ZAG,23,57,Brazil,wiki/missing_player.jpg,,Danilo Cardoso,ZAG,25,62,Brazil,wiki/missing_player.jpg,,
a,Barbosa Vanderlan,MD LE LE,19,65,Brazil,wiki/108621.png,,Pedro Henrique,ATA MEI,16,62,Brazil,wiki/122048.png,,Luiz Gustavo,ZAG,20,65,Brazil,wiki/missing_player.jpg,,Mota Allanzinho,PE ATA,22,65,Brazil,wiki/missing_player.jpg,,Cristian de Lima,GOL,20,62,Brazil,wiki/106173.png,,,,,,,,,Franca Wesley,MD LD ZAG,18,62,Brazil,wiki/missing_player.jpg,,Luiz Kayque,MC MD,22,67,Brazil,wiki/115482.png,,Samuel Granada,ATA,21,62,Brazil,wiki/missing_player.jpg,,Gabriel Pereira,GOL,20,62,Brazil,wiki/103224.png,,Rafael William,GOL,20,65,Brazil,wiki/missing_player.jpg,,Barbosa Diguinho,LD,21,62,Brazil,wiki/102146.png,,Silva Geovane,MC MD,23,67,Brazil,wiki/missing_player.jpg,,,,,,,,,Pedro Pepe,MC,20,57,Brazil,wiki/missing_player.jpg,,Matheus Alves,GOL,27,62,Brazil,wiki/102159.png,,
a,Henrique Giovani,ATA MEI,18,65,Brazil,wiki/111934.png,,,,,,,,,Juan Santos,ATA,20,65,Brazil,wiki/missing_player.jpg,,Kevin Malthus,MC MD,19,62,Brazil,wiki/114574.png,,Felipe Felicio,ATA MEI,19,62,Brazil,wiki/missing_player.jpg,,,,,,,,,Rego Werton,ATA ATA,18,59,Brazil,wiki/missing_player.jpg,,Lucas Mezenga,ZAG,20,65,Brazil,wiki/missing_player.jpg,,Arthur Wenderroscky,MEI MC,17,59,Brazil,wiki/121716.png,,Luiz Juninho,MC MD,19,62,Brazil,wiki/missing_player.jpg,,Marcio Silva,ZAG,21,62,Brazil,wiki/missing_player.jpg,,Vitor Ricardo,MD LD ZAG,22,62,Brazil,wiki/missing_player.jpg,,Vinicius Machado,GOL,22,65,Brazil,wiki/113489.png,,,,,,,,,Custodio Michel,ZAG,21,57,Brazil,wiki/missing_player.jpg,,Matheus Santos,PE ATA,24,62,Brazil,wiki/missing_player.jpg,,
a,Marinho Henri,ZAG,20,62,Brazil,wiki/104426.png,,,,,,,,,Joao Moreira,MC MEI ZAG,18,65,Portugal,wiki/120986.png,,Leonardo Zabala,ZAG,19,62,Bolivia,wiki/106596.png,,Wilker Bruno,ATA ATA,18,55,Brazil,wiki/missing_player.jpg,,,,,,,,,Cleiton Santana,ZAG,19,57,Brazil,wiki/missing_player.jpg,,Douglas Borges,GOL,32,65,Brazil,wiki/112840.png,,,,,,,,,Gabriel Kawan,MC MEI MD,20,62,Brazil,wiki/105114.png,,Nathan Mendes,MD LD ZAG,20,62,Brazil,wiki/missing_player.jpg,,Cerqueira Geilson,MC MD,21,62,Brazil,wiki/104770.png,,Marcos Victor,ZAG,20,62,Brazil,wiki/missing_player.jpg,,,,,,,,,,,,,,,,Luiz Filipe,MEI,21,59,Brazil,wiki/missing_player.jpg,,
a,Luis Guilherme,PE MEI,16,62,Brazil,wiki/123318.png,,,,,,,,,Thiago Couto,GOL,23,64,Brazil,wiki/104781.png,,Bertolassi Cadu,MD LD ZAG,20,59,Brazil,wiki/102339.png,,,,,,,,,,,,,,,,Matheus Goncalves,PE MEI,17,57,Brazil,wiki/118989.png,,Ruan Jeffinho,PE MEI,22,65,Brazil,wiki/124625.png,,,,,,,,,Lucas Edu,ZAG,22,62,Brazil,wiki/104239.png,,Jose Hugo,PE ATA,22,62,Brazil,wiki/missing_player.jpg,,Nascimento Habraao,ZAG,21,62,Brazil,wiki/missing_player.jpg,,Leo Rafael,MEI MC,21,62,Brazil,wiki/missing_player.jpg,,,,,,,,,,,,,,,,Douglas Silva,MD LD ZAG,23,59,Brazil,wiki/missing_player.jpg,,
a,Felipe Endrick,ATA MEI,16,62,Brazil,wiki/117462.png,,,,,,,,,Lanza Patryck,MD LE ZAG,19,62,Brazil,wiki/106521.png,,Silva Derick,ZAG,20,59,Brazil,wiki/missing_player.jpg,,,,,,,,,,,,,,,,Petterson Novaes,ATA MEI,18,57,Brazil,wiki/missing_player.jpg,,Valentim Rikelmi,PE MEI,21,62,Brazil,wiki/missing_player.jpg,,,,,,,,,Correia Emersonn,ATA ATA,18,60,Brazil,wiki/missing_player.jpg,,Ferreira Kazu,MD LE ZAG,22,62,Brazil,wiki/104288.png,,Vinicius Popo,ATA MEI,21,62,Brazil,wiki/101547.png,,Leandro Marques,MC MD,22,59,Brazil,wiki/102053.png,,,,,,,,,,,,,,,,Marcio Victor,GOL,21,57,Brazil,wiki/missing_player.jpg,,
a,,,,,,,,,,,,,,,Lucas Beraldo,VOL ZAG,18,62,Brazil,wiki/missing_player.jpg,,Damasceno Renyer,ATA MEI,19,59,Brazil,wiki/104472.png,,,,,,,,,,,,,,,,Matheus Cunha,GOL,21,57,Brazil,wiki/missing_player.jpg,,Henrique Vermudt,VOL ZAG,23,62,Brazil,wiki/104290.png,,,,,,,,,Joao Pedro,LE,19,57,Brazil,wiki/missing_player.jpg,,Gabriel Thalisson,ZAG,20,59,Brazil,wiki/missing_player.jpg,,,,,,,,,Andre Luiz,GOL,22,57,Brazil,wiki/missing_player.jpg,,,,,,,,,,,,,,,,,,,,,,,
a,,,,,,,,,,,,,,,Matheus Caio,ATA MEI,18,62,Brazil,wiki/missing_player.jpg,,Miguel Ángel Terceros,ATA ATA,18,57,Bolivia,wiki/123290.png,,,,,,,,,,,,,,,,,,,,,,,Gabriel Tigrao,ATA,20,62,Brazil,wiki/missing_player.jpg,,,,,,,,,Martins Danielzinho,PE MEI,20,57,Brazil,wiki/missing_player.jpg,,Marcao Amorim,GOL,22,57,Brazil,wiki/missing_player.jpg,,,,,,,,,,,,,,,,,,,,,,,,,,,,,,,,,,,,,
a,,,,,,,,,,,,,,,Pedro Vilhena,MEI,20,62,Brazil,wiki/missing_player.jpg,,Vinicius Diogenes,GOL,21,57,Brazil,wiki/missing_player.jpg,,,,,,,,,,,,,,,,,,,,,,,Bruno Leite,MEI MC,22,62,Brazil,wiki/105116.png,,,,,,,,,,,,,,,,,,,,,,,,,,,,,,,,,,,,,,,,,,,,,,,,,,,,,,,,,,
a,,,,,,,,,,,,,,,Leandro Mathias,GOL,17,57,Brazil,wiki/missing_player.jpg,,Paulo Mazoti,GOL,22,57,Brazil,wiki/missing_player.jpg,,,,,,,,,,,,,,,,,,,,,,,Jacob Montes,MEI MC,23,59,United States,wiki/113057.png,,,,,,,,,,,,,,,,,,,,,,,,,,,,,,,,,,,,,,,,,,,,,,,,,,,,,,,,,,
a,,,,,,,,,,,,,,,Joao Adriano,ATA,19,57,Brazil,wiki/missing_player.jpg,,,,,,,,,,,,,,,,,,,,,,,,,,,,,,Guilherme Liberato,MC MD,21,59,Brazil,wiki/111959.png,,,,,,,,,,,,,,,,,,,,,,,,,,,,,,,,,,,,,,,,,,,,,,,,,,,,,,,,,,
a,,,,,,,,,,,,,,,,,,,,,,,,,,,,,,,,,,,,,,,,,,,,,,,,,,Da Silva Rai,PE MEI,20,59,Brazil,wiki/missing_player.jpg,,,,,,,,,,,,,,,,,,,,,,,,,,,,,,,,,,,,,,,,,,,,,,,,,,,,,,,,,,
a,,,,,,,,,,,,,,,,,,,,,,,,,,,,,,,,,,,,,,,,,,,,,,,,,,J P Galvao,ZAG,21,57,Brazil,wiki/missing_player.jpg,,,,,,,,,,,,,,,,,,,,,,,,,,,,,,,,,,,,,,,,,,,,,,,,,,,,,,,,,,
a,,,,,,,,,,,,,,,,,,,,,,,,,,,,,,,,,,,,,,,,,,,,,,,,,,,,,,,,,,,,,,,,,,,,,,,,,,,,,,,,,,,,,,,,,,,,,,,,,,,,,,,,,,,,,,,,,
a,,,,,,,,,,,,,,,,,,,,,,,,,,,,,,,,,,,,,,,,,,,,,,,,,,,,,,,,,,,,,,,,,,,,,,,,,,,,,,,,,,,,,,,,,,,,,,,,,,,,,,,,,,,,,,,,,
a,,,,,,,,,,,,,,,,,,,,,,,,,,,,,,,,,,,,,,,,,,,,,,,,,,,,,,,,,,,,,,,,,,,,,,,,,,,,,,,,,,,,,,,,,,,,,,,,,,,,,,,,,,,,,,,,,
a,,,,,,,,,,,,,,,,,,,,,,,,,,,,,,,,,,,,,,,,,,,,,,,,,,,,,,,,,,,,,,,,,,,,,,,,,,,,,,,,,,,,,,,,,,,,,,,,,,,,,,,,,,,,,,,,,
a,,,,,,,,,,,,,,,,,,,,,,,,,,,,,,,,,,,,,,,,,,,,,,,,,,,,,,,,,,,,,,,,,,,,,,,,,,,,,,,,,,,,,,,,,,,,,,,,,,,,,,,,,,,,,,,,,
a,,,,,,,,,,,,,,,,,,,,,,,,,,,,,,,,,,,,,,,,,,,,,,,,,,,,,,,,,,,,,,,,,,,,,,,,,,,,,,,,,,,,,,,,,,,,,,,,,,,,,,,,,,,,,,,,,
a,,,,,,,,,,,,,,,,,,,,,,,,,,,,,,,,,,,,,,,,,,,,,,,,,,,,,,,,,,,,,,,,,,,,,,,,,,,,,,,,,,,,,,,,,,,,,,,,,,,,,,,,,,,,,,,,,
a,,,,,,,,,,,,,,,,,,,,,,,,,,,,,,,,,,,,,,,,,,,,,,,,,,,,,,,,,,,,,,,,,,,,,,,,,,,,,,,,,,,,,,,,,,,,,,,,,,,,,,,,,,,,,,,,,

