a,América-MEX,,,,,,,Chivas Guadalajara,,,,,,,Cruz Azul,,,,,,,Monterrey,,,,,,,Pachuca,,,,,,,Pumas,,,,,,,Tigres,,,,,,,Toluca,,,,,,,Santos Laguna,,,,,,,Atlas,,,,,,,Club León,,,,,,,Tijuana,,,,,,,Puebla,,,,,,,Querétaro,,,,,,,Necaxa,,,,,,,Juárez,,,,,,,
a,Guillermo Ochoa,GOL,36,80,Mexico,wiki/8733.png,,Roberto Alvarado,MEI MC,23,78,Mexico,wiki/88989.png,,Carlos Rodriguez,MC MEI MD,25,79,Mexico,wiki/89205.png,,Esteban Andrada,GOL,31,80,Argentina,wiki/48761.png,,Victor Guzman,MEI MC,27,77,Mexico,wiki/85075.png,,Juan Dinenno,ATA,27,77,Argentina,wiki/69217.png,,Florian Thauvin,PE MEI,29,81,France,wiki/55862.png,,Tiago Volpi,GOL,31,78,Brazil,wiki/73615.png,,C. Acevedo,GOL,25,77,Mexico,/235/183/22_60.png,,C. Vargas,GOL,32,79,Colombia,/212/067/22_60.png,,Á. Mena,MD PD,33,78,Ecuador,/223/053/22_60.png,,L. López,ZAG,31,75,Argentina,/215/051/22_60.png,,A. Silva,GOL,37,76,Paraguay,/214/373/22_60.png,,F. Martínez,ATA ME MD,31,73,Ecuador,/191/164/22_60.png,,F. Meza,ZAG,31,73,Argentina,/214/986/22_60.png,,D. Lezcano,ATA,31,75,Paraguay,/204/226/22_60.png,,
a,Nestor Araujo,ZAG,30,79,Mexico,wiki/46052.png,,Jose Macias,ATA,22,77,Mexico,wiki/96371.png,,Ángel Romero,ATA MEI,29,79,Paraguay,wiki/63347.png,,Hector Moreno,ZAG,34,79,Mexico,wiki/7727.png,,Óscar Murillo,LE,34,75,Colombia,wiki/36609.png,,Adrian Aldrete,LE LE,34,75,Mexico,wiki/17886.png,,Guido Pizarro,MD MC ZAG,32,80,Argentina,wiki/44512.png,,Claudio Baeza,MD MC ZAG,28,77,Chile,wiki/61178.png,,F. Gorriarán,VOL MC,26,77,Uruguay,/240/471/22_60.png,,J. Furch,ATA,31,75,Argentina,/215/064/22_60.png,,R. Cota,GOL,33,76,Mexico,/186/098/22_60.png,,R. Ibarra,MD PD,30,74,Ecuador,/204/738/22_60.png,,F. Mancuello,MC,32,75,Argentina,/214/968/22_60.png,,Á. Sepúlveda,ATA MD ME,30,72,Mexico,/199/689/22_60.png,,N. Castillo,ATA,28,72,Chile,/212/878/22_60.png,,J. Esquivel,LD LD MC,23,72,Mexico,/235/125/22_60.png,,
a,Bruno Valdez,ZAG,29,79,Paraguay,wiki/62203.png,,Alexis Vega,ATA MEI,24,77,Mexico,wiki/86562.png,,Luis Abram,ZAG,26,78,Peru,wiki/79895.png,,Cesar Montes,ZAG,25,79,Mexico,wiki/84000.png,,Kevin Álvarez,MD MD ZAG,23,75,Mexico,wiki/109020.png,,Nicolas Freire,ZAG,28,75,Argentina,wiki/69488.png,,Nahuel Guzman,GOL,36,79,Argentina,wiki/18519.png,,Jean Meneses,MEI MC,29,77,Chile,wiki/82140.png,,Dória,ZAG,26,76,Brazil,/209/329/22_60.png,,E. Aguilera,ZAG,32,74,Argentina,/223/243/22_60.png,,L. Montes,MC VOL MEI,35,76,Mexico,/184/703/22_60.png,,D. Barbona,MD ME,26,74,Argentina,/227/274/22_60.png,,I. Reyes,ZAG MC,21,74,Mexico,/252/008/22_60.png,,W. Aguerre,GOL,28,72,Uruguay,/253/847/22_60.png,,F. Formiliano,ZAG VOL,28,71,Uruguay,/232/607/22_60.png,,F. Castillo,ATA ME MD,29,72,Colombia,/202/858/22_60.png,,
a,Jonathan Rodriguez,ATA MEI,28,79,Uruguay,wiki/68632.png,,Isaac Brizuela,LD MC MEI ZAG,31,76,Mexico,wiki/42989.png,,Juan Escobar,LD LD,26,78,Paraguay,wiki/83050.png,,Luis Romo,MD MC ZAG,27,79,Mexico,wiki/89098.png,,Gustavo Cabral,ZAG,36,75,Argentina,wiki/3538.png,,Gil Alcala,GOL,29,74,Mexico,wiki/85077.png,,Andre-Pierre Gignac,ATA,36,79,France,wiki/6519.png,,Camilo Sanvezzo,ATA,33,77,Brazil,wiki/43006.png,,H. Preciado,ATA ME,27,75,Colombia,/226/591/22_60.png,,M. Nervo,ZAG,30,74,Argentina,/213/581/22_60.png,,W. Tesillo,ZAG LE,31,75,Colombia,/214/169/22_60.png,,J. Montecinos,PD MD PE,25,73,Chile,/259/564/22_60.png,,D. de Buen,VOL MC ZAG,29,73,Mexico,/190/467/22_60.png,,J. Dos Santos,ATA,29,72,Uruguay,/253/932/22_60.png,,M. Salas,ATA MD,23,70,Argentina,/244/205/22_60.png,,D. Rolán,ATA ME MEI,28,72,Uruguay,/213/114/22_60.png,,
a,Jorge Sanchez,MD MD ZAG,24,78,Mexico,wiki/89160.png,,Jesus Molina,MC MD,34,75,Mexico,wiki/30512.jpg,,Julio Dominguez,ZAG,34,77,Mexico,wiki/17464.png,,Jesus Gallardo,MD MC PE ZAG,27,79,Mexico,wiki/79479.png,,Erick Sanchez,MEI MC,22,75,Mexico,wiki/89227.png,,Leonel Lopez,MEI MC,28,74,Mexico,wiki/79497.png,,Rafael Carioca,MC MD,33,79,Brazil,wiki/33351.png,,Alexis Canelo,ATA ATA,30,77,Argentina,wiki/79550.jpg,,B. Lozano,ME MD,27,74,Uruguay,/230/967/22_60.png,,J. Quiñones,ATA MD MEI,24,74,Colombia,/234/579/22_60.png,,O. Fernández,ME MC MEI,28,75,Colombia,/241/990/22_60.png,,B. Angulo,LE LE,31,72,Colombia,/184/035/22_60.png,,J. Segovia,ZAG,32,72,Argentina,/247/148/22_60.png,,J. Hernández,VOL MC,32,71,Mexico,/187/421/22_60.png,,L. Quintana,ZAG,29,70,Mexico,/210/653/22_60.png,,M. Olivera,LE ZAG,29,71,Uruguay,/236/382/22_60.png,,
a,Diego Valdes,MEI MC,28,78,Chile,wiki/61770.png,,Fernando Gonzalez,MC MD,28,75,Mexico,wiki/76476.png,,Jesus Corona,GOL,41,77,Mexico,wiki/9044.jpg,,Maximiliano Meza,MEI MC,30,79,Argentina,wiki/68959.png,,Nicolas Ibañez,ATA,27,75,Argentina,wiki/90297.png,,Efrain Velarde,LE ZAG,36,74,Mexico,wiki/17970.jpg,,Yeferson Soteldo,PE MEI,24,79,Venezuela,wiki/79868.png,,Raul Lopez,MD MC PD ZAG,29,76,Mexico,wiki/69751.jpg,,L. Suárez,MD ME,25,74,Argentina,/225/591/22_60.png,,A. Rocha,VOL MC,28,73,Mexico,/213/711/22_60.png,,J. Meneses,ME MD MC,28,75,Chile,/229/469/22_60.png,,F. Ferreyra,ATA,30,72,Argentina,/213/432/22_60.png,,P. Parra,MEI MC PE,27,72,Chile,/214/238/22_60.png,,K. Balanta,VOL MC ZAG,24,71,Colombia,/225/502/22_60.png,,L. Malagón,GOL,24,70,Mexico,/232/654/22_60.png,,H. González,GOL,30,70,Mexico,/186/990/22_60.png,,
a,Richard Sanchez,MC MEI MD,26,78,Paraguay,wiki/25118.png,,Alan Mozo,MD LD ZAG,25,75,Mexico,wiki/89114.png,,Uriel Antuna,ATA MEI,24,77,Mexico,wiki/89165.png,,Rogelio Funes Mori,ATA,31,79,Mexico,wiki/43283.png,,Aviles Hurtado,ATA MEI,35,75,Colombia,wiki/50983.png,,Favio Álvarez,MEI PE MC,29,74,Argentina,wiki/80074.png,,Luis Rodriguez,MD LD ZAG,31,78,Mexico,wiki/46058.png,,Fernando Navarro,MD MC LD,33,75,Mexico,wiki/37376.jpg,,A. Cervantes,VOL MC,23,72,Mexico,/239/617/22_60.png,,A. Santamaría,ZAG,29,72,Peru,/236/260/22_60.png,,J. Campbell,PD MEI ATA,29,75,Costa Rica,/204/713/22_60.png,,J. Orozco,GOL,35,72,Mexico,/163/301/22_60.png,,F. Aristeguieta,ATA,29,71,Venezuela,/212/618/22_60.png,,P. Barrera,MD PD,34,70,Mexico,/173/434/22_60.png,,F. Madrigal,VOL MC,29,69,Mexico,/229/488/22_60.png,,Arribas,ZAG,32,70,Spain,/197/890/22_60.png,,
a,Miguel Layun,MD MC MEI ZAG,33,78,Mexico,wiki/28129.png,,Jesus Sanchez,MD MC PD ZAG,32,75,Mexico,wiki/46095.jpg,,Ignacio Rivero,MC MEI ZAG,30,76,Uruguay,wiki/63776.png,,Rodolfo Pizarro,MEI MC,28,78,Mexico,wiki/64995.png,,Romario Ibarra,MD LE MEI ZAG,27,74,Ecuador,wiki/66278.png,,Gustavo del Prete,ATA ATA,26,74,Argentina,wiki/107612.png,,Luis Quiñones,PE ATA,30,78,Colombia,wiki/62794.jpg,,Andres Mosquera,LD,32,75,Colombia,wiki/36588.png,,A. Preciado,ME MD,26,72,Ecuador,/241/412/22_60.png,,L. Reyes,LE ZAG,30,72,Mexico,/234/578/22_60.png,,E. Hernández,MD PD,33,74,Mexico,/186/302/22_60.png,,L. Rodríguez,ME MEI MC,24,72,Argentina,/229/595/22_60.png,,G. Corral,LD LD MC,30,71,Mexico,/187/701/22_60.png,,J. González,MC VOL,22,70,Mexico,/239/475/22_60.png,,Á. Araos,MEI MC PD,24,69,Chile,/230/600/22_60.png,,J. Gómez,LD MC LD,27,70,Mexico,/212/104/22_60.png,,
a,Pedro Aquino,MC MD,27,78,Peru,wiki/66599.png,,Gilberto Sepulveda,ZAG,23,75,Mexico,wiki/103759.png,,Rafael Baca,MC MD,32,76,Mexico,wiki/51162.png,,Stefan Medina,LD LD,30,78,Colombia,wiki/49695.png,,Óscar Ustari,GOL,35,74,Argentina,wiki/7232.png,,Carlos Gutierrez,LD MC MEI ZAG,23,72,Mexico,wiki/100653.png,,Javier Aquino,MEI MC,32,78,Mexico,wiki/46051.png,,Leonardo Fernandez,MEI,23,75,Uruguay,wiki/82671.png,,F. Torres,ZAG,24,71,Ecuador,/252/053/22_60.png,,J. Abella,LD LD,27,71,Mexico,/217/168/22_60.png,,S. Barreiro,ZAG,27,74,Colombia,/214/129/22_60.png,,G. Alcalá,GOL,28,72,Mexico,/226/721/22_60.png,,K. Ramírez,MD ME MEI,26,71,Uruguay,/242/372/22_60.png,,L. Sequeira,MD ATA ME,26,70,Argentina,/240/743/22_60.png,,R. Aguirre,ATA PD PE,26,69,Uruguay,/224/201/22_60.png,,Marcos Mauro,ZAG,30,70,Argentina,/219/688/22_60.png,,
a,Roger Martinez,ATA MEI,27,78,Colombia,wiki/69216.png,,Jesus Angulo,MEI MD,25,75,Mexico,wiki/89640.png,,Santiago Gimenez,ATA,21,75,Mexico,wiki/102542.png,,Hugo Gonzalez,GOL,31,77,Mexico,wiki/46375.png,,Luis Chavez,MC MD,26,74,Mexico,wiki/76503.jpg,,Jero Rodriguez,MD MC ATA PE ZAG,23,72,Mexico,wiki/104980.png,,Sebastian Cordova,MEI MC,25,78,Mexico,wiki/98414.png,,Jorge Torres,MC ZAG,34,75,Mexico,wiki/20686.png,,J. Correa,ATA,28,71,Argentina,/223/593/22_60.png,,F. Troyansky,ATA ME,24,71,Argentina,/233/057/22_60.png,,A. Mosquera,ZAG LD,31,73,Colombia,/219/787/22_60.png,,M. Ruiz,MC,20,71,Mexico,/244/973/22_60.png,,D. Álvarez,ME MD PD,26,71,Mexico,/227/227/22_60.png,,J. Romagnoli,PE PD ME,25,69,Argentina,/265/423/22_60.png,,M. Giménez,ATA,24,69,Argentina,/261/161/22_60.png,,P. Aguilar,LD,35,70,Mexico,/171/378/22_60.png,,
a,Henry Martin,ATA,29,77,Mexico,wiki/76505.png,,Antonio Briseño,ZAG,28,75,Mexico,wiki/55753.jpg,,Cristian Tabo,ATA ATA,28,75,Uruguay,wiki/63620.png,,Alfonso Gonzalez,MEI MC,27,77,Mexico,wiki/58774.png,,Jesus Trindade,MD ME LE,28,74,Uruguay,wiki/74240.png,,Arturo Ortiz,VOL ZAG,29,72,Mexico,wiki/69848.png,,Diego Reyes,ZAG,29,77,Mexico,wiki/46879.png,,Jordan Sierra,MC MD,25,75,Ecuador,wiki/90099.png,,E. Aguirre,ATA ATA,22,70,Mexico,/246/755/22_60.png,,D. Barbosa,LD MD,24,70,Mexico,/237/497/22_60.png,,J. Rodríguez,VOL MC,25,73,Mexico,/237/131/22_60.png,,M. Manotas,ATA,25,71,Colombia,/222/590/22_60.png,,M. Araújo,ME LE,21,70,Uruguay,/254/817/22_60.png,,J. Rodríguez,GOL,28,69,Mexico,/192/009/22_60.png,,A. Medina,MD MC,23,68,Mexico,/239/629/22_60.png,,F. Rodríguez,GOL,32,69,Mexico,/177/621/22_60.png,,
a,Jonathan Dos Santos,MC MEI MD,32,77,Mexico,wiki/42004.png,,Hiram Mier,ZAG,32,75,Mexico,wiki/46059.png,,Erik Lira,MC MD,22,74,Mexico,wiki/107600.png,,Érick Aguirre,MD MC MEI LE,25,77,Mexico,wiki/74829.png,,Miguel Herrera,ZAG,33,74,Mexico,wiki/65804.jpg,,Higor Meritao,MC MD,27,72,Brazil,wiki/113162.png,,Jesus Angulo,LE,24,77,Mexico,wiki/97101.png,,Luis Garcia,GOL,29,75,Mexico,wiki/69827.png,,H. Rodríguez,ZAG,31,70,Mexico,/187/298/22_60.png,,E. Zaldívar,VOL MC,24,69,Mexico,/237/848/22_60.png,,V. Dávila,ATA MEI,23,71,Chile,/225/455/22_60.png,,J. Vázquez,VOL MC,33,71,Mexico,/209/610/22_60.png,,Gustavo Ferrareis,LD MD,25,69,Brazil,/226/210/22_60.png,,E. Martínez,ZAG,23,69,Uruguay,/253/278/22_60.png,,A. Oliveros,ZAG LE,22,68,Uruguay,/256/158/22_60.png,,G. Velázquez,ZAG,30,69,Paraguay,/246/696/22_60.png,,
a,Jorge Mere,ZAG,25,77,Spain,wiki/68718.png,,Miguel Ponce,MD LE ZAG,33,75,Mexico,wiki/46091.png,,Joaquin Martinez,MD LD ZAG,35,74,Mexico,wiki/37341.png,,Celso Ortiz,MC MD,33,77,Paraguay,wiki/36458.png,,Paulino de la Fuente,MEI,24,73,Spain,wiki/105438.png,,Julio Gonzalez,GOL,31,72,Mexico,wiki/55030.png,,Carlos Gonzalez,ATA,29,77,Paraguay,wiki/79548.png,,Haret Ortega,ZAG,22,74,Mexico,wiki/102577.png,,U. Rivas,MC VOL,25,69,Mexico,/224/509/22_60.png,,G. Maroni,MEI PE,22,69,Argentina,/234/108/22_60.png,,F. Martínez,PE PD,25,71,Uruguay,/253/268/22_60.png,,V. Loroña,LD LD,22,70,Mexico,/244/952/22_60.png,,J. Salas,MC VOL,27,69,Mexico,/224/150/22_60.png,,J. Angulo,ATA,26,69,Ecuador,/231/549/22_60.png,,A. Escoboza,LE MC ME,28,68,Mexico,/204/652/22_60.png,,V. Alvarado,ZAG LD,28,67,United States,/209/758/22_60.png,,
a,Juan Ferney Otero,ATA MEI,27,77,Colombia,wiki/75834.png,,Ángel Zaldivar,ATA ATA,28,75,Mexico,wiki/69750.jpg,,Alejandro Mayorga,LE,25,74,Mexico,wiki/91419.png,,Matias Kranevitter,MC MD,29,77,Argentina,wiki/64341.png,,Miguel Tapias,MC MD,25,72,Mexico,wiki/69787.png,,Diogo de Oliveira,ATA PD,25,70,Brazil,wiki/107598.png,,Nicolas Lopez,ATA ATA,28,77,Uruguay,wiki/50714.png,,Marcel Ruiz,MEI MC,21,74,Mexico,wiki/98302.png,,I. Govea,LD ZAG,24,69,Mexico,/242/865/22_60.png,,B. Garnica,MD,25,69,Mexico,/231/231/22_60.png,,D. Ramírez,LD ME,25,70,Mexico,/222/116/22_60.png,,C. Rivera,VOL MC MEI,25,70,Colombia,/233/079/22_60.png,,J. Cortizo,ME MD,25,69,Mexico,/236/841/22_60.png,,D. Cervantes,ZAG,31,68,Mexico,/186/984/22_60.png,,D. Villalpando,MC MEI,29,67,Mexico,/221/434/22_60.png,,A. Mora,ZAG,23,67,Mexico,/242/427/22_60.png,,
a,Álvaro Fidalgo,MEI MC,25,75,Spain,wiki/94365.png,,Cristian Calderon,MD MC PE ZAG,25,74,Mexico,wiki/89071.png,,Sebastian Jurado,GOL,24,74,Mexico,wiki/89174.png,,Sebastian Vegas,LE,25,77,Chile,wiki/75651.png,,Pablo Lopez,MC,24,72,Mexico,wiki/89225.png,,Cesar Huerta,ATA ATA,21,70,Mexico,wiki/99865.png,,Hugo Ayala,ZAG,35,76,Mexico,wiki/20690.png,,Carlos Guzman,LD ZAG,28,74,Mexico,wiki/56021.jpg,,G. Lajud,GOL,27,68,Mexico,/217/813/22_60.png,,A. Chalá,LE LE ME,25,68,Ecuador,/236/943/22_60.png,,O. Rodríguez,LE,24,70,Mexico,/229/831/22_60.png,,Y. Bárcenas,ME MD ATA,27,69,Panama,/241/731/22_60.png,,E. Gularte,ZAG,23,68,Uruguay,/253/809/22_60.png,,J. Montero,ME PE PD,31,68,Ecuador,/186/805/22_60.png,,U. Cardona,ME LE,22,67,Mexico,/241/570/22_60.png,,I. Ochoa,VOL MC,24,67,Mexico,/231/815/22_60.png,,
a,Alejandro Zendejas,MEI MC,24,75,Mexico,wiki/80118.png,,Fernando Beltran,MC MD,24,74,Mexico,wiki/96925.png,,Ivan Morales,ATA,22,70,Chile,wiki/89551.png,,Duvan Vergara,ATA MEI,25,75,Colombia,wiki/85718.png,,Roberto de la Rosa,ATA,22,72,Mexico,wiki/92329.png,,Emanuel Montejano,ATA ATA,20,67,Mexico,wiki/109059.png,,Igor Lichnovsky,VOL ZAG,28,75,Chile,wiki/54105.png,,Ian Gonzalez,ATA,29,74,Spain,wiki/72718.jpg,,E. Orrantia,LD MD,30,68,Mexico,/192/020/22_60.png,,G. Aguirre,ZAG,25,68,Mexico,/232/316/22_60.png,,S. Colombatto,MC VOL,24,69,Argentina,/232/770/22_60.png,,J. Cortizo,ME MD,25,69,Mexico,/236/841/22_60.png,,Lucas Maia,ZAG LE,28,67,Brazil,/260/094/22_60.png,,D. Cabrera,VOL MC,31,68,Mexico,/179/731/22_60.png,,I. Domínguez,LE LD,21,66,Mexico,/244/558/22_60.png,,M. Silvera,ATA ME,23,66,Uruguay,/267/406/22_60.png,,
a,Luis Fuentes,LE,35,75,Mexico,wiki/43888.png,,Carlos Cisneros,MEI,28,74,Mexico,wiki/69749.jpg,,Andres Gudiño,GOL,25,68,Mexico,wiki/102538.png,,Rodrigo Aguirre,ATA,27,74,Uruguay,wiki/58166.png,,Geisson Perea,ZAG,30,72,Colombia,wiki/94935.png,,Amaury Garcia,MEI MC,20,65,Mexico,wiki/107951.png,,Jesus Dueñas,MD MEI LE,33,75,Mexico,wiki/55023.jpg,,Daniel Álvarez,PE MEI,27,74,Mexico,wiki/81408.jpg,,F. Pizzichillo,LD VOL MC,25,67,Uruguay,/259/928/22_60.png,,O. Herrera,ME MC,20,68,Mexico,/246/295/22_60.png,,A. Blanco,GOL,33,69,Mexico,/183/743/22_60.png,,J. Angulo,ATA,26,69,Ecuador,/231/549/22_60.png,,A. Escoto,ATA,28,66,Mexico,/203/283/22_60.png,,A. Doldán,ZAG LE,24,68,Paraguay,/255/240/22_60.png,,R. González,VOL MC,27,66,Mexico,/213/444/22_60.png,,A. Acosta,LE LD MC,33,66,Mexico,/198/740/22_60.png,,
a,Sebastian Caceres,ZAG,22,75,Uruguay,wiki/94949.png,,Alan Torres,MC MD,22,74,Mexico,wiki/109066.png,,Jaiber Jimenez,MD LE ZAG,27,67,Mexico,wiki/85063.png,,Edson Gutierrez,MC ZAG,26,70,Mexico,wiki/93059.png,,Bryan Gonzalez,PE ATA,19,67,Mexico,wiki/110413.png,,Jesus Rivas,MD LD ZAG,19,65,Mexico,wiki/104586.png,,Juan Vigon,MEI MC,30,75,Mexico,wiki/58542.png,,Kevin Castañeda,MEI,22,74,Mexico,wiki/109116.png,,O. Campos,LE ME,18,67,Mexico,/260/591/22_60.png,,J. Márquez,MC VOL,21,68,Mexico,/255/111/22_60.png,,S. Ormeño,ATA,27,68,Peru,/244/641/22_60.png,,M. Domínguez,MEI ME,21,67,Mexico,/235/714/22_60.png,,G. Martínez,ATA,26,65,Mexico,/221/293/22_60.png,,M. Perg,ZAG LD,29,67,Uruguay,/240/176/22_60.png,,A. Peña,ZAG,25,64,Mexico,/230/834/22_60.png,,F. Santos,MEI ME MD,34,66,Mexico,/184/696/22_60.png,,
a,Mauro Lainez,MEI,25,75,Mexico,wiki/90696.png,,Gael Sandoval,MEI MC,26,74,Mexico,wiki/79329.png,,Alexis Gutierrez,MC,22,65,Mexico,wiki/102541.png,,Luis Cardenas,GOL,28,70,Mexico,wiki/69771.png,,Carlos Moreno,GOL,24,65,Mexico,wiki/100570.png,,Jose Galindo,VOL LD,24,65,Mexico,wiki/110716.png,,Raymundo Fulgencio,PE ATA,22,72,Mexico,wiki/104105.png,,Adrian Mora,LE,24,72,Mexico,wiki/99146.png,,S. Muñoz,ATA MEI,18,66,Mexico,/259/406/22_60.png,,U. Cardona,ME LE,22,67,Mexico,/241/570/22_60.png,,I. Vázquez,GOL,38,66,Mexico,/156/507/22_60.png,,Y. Rak,ZAG,27,67,Uruguay,/235/684/22_60.png,,M. Barragán,ATA,29,65,Mexico,/217/710/22_60.png,,E. Vera,LE,29,66,Mexico,/187/069/22_60.png,,E. Hernández,GOL,38,62,Mexico,/169/415/22_60.png,,F. Arce,VOL MC MD,24,66,United States,/222/379/22_60.png,,
a,Salvador Reyes,MD LE MEI ZAG,24,75,Mexico,wiki/89217.png,,Luis Olivas,ZAG,22,72,Mexico,wiki/109065.png,,Rodrigo Huescas,PE MEI,18,62,Mexico,wiki/missing_player.jpg,,Daniel Lajud,PE ATA,23,67,Mexico,wiki/99644.png,,Jose Castillo,ZAG,20,60,Mexico,wiki/missing_player.jpg,,Marco Garcia,MEI MC,22,62,Mexico,wiki/104097.png,,Eduardo Tercero,LE,26,70,Mexico,wiki/91282.png,,Pablo Gonzalez,MC MEI MD,29,72,Mexico,wiki/65745.jpg,,A. Ocejo,ATA,23,66,Mexico,/239/739/22_60.png,,C. Trejo,ATA,21,65,Mexico,/245/150/22_60.png,,G. Burón,LD LE,27,65,Mexico,/216/394/22_60.png,,E. Tercero,ZAG,25,67,Mexico,/239/822/22_60.png,,D. Aguilar,MC LE,23,64,Mexico,/248/548/22_60.png,,T. Figueroa,MD,22,66,Mexico,/237/498/22_60.png,,A. López,ME MC LE,24,61,Guatemala,/244/835/22_60.png,,C. Fierro,ME MD ATA,26,66,Mexico,/192/110/22_60.png,,
a,Óscar Jimenez,GOL,33,74,Mexico,wiki/68759.png,,Sergio Flores,MD MC ZAG,27,70,Mexico,wiki/58876.png,,Jorge Garcia,VOL ZAG,20,62,Mexico,wiki/102540.png,,Michell Rodriguez,PE ATA,21,65,Mexico,wiki/missing_player.jpg,,Fernando Álvarez,ZAG,18,59,Mexico,wiki/missing_player.jpg,,Ángel Garcia,MEI MC,21,62,Mexico,wiki/111078.png,,Francisco Venegas,VOL ZAG,23,70,Mexico,wiki/89223.png,,Óscar Vanegas,ZAG,26,72,Colombia,wiki/79904.png,,I. Jeraldino,ATA,25,65,Chile,/225/270/22_60.png,,I. Jeraldino,ATA,25,65,Chile,/225/270/22_60.png,,O. Villa,LE,20,61,Mexico,/267/980/22_60.png,,J. Silva,ZAG LD,26,67,Mexico,/222/643/22_60.png,,I. Rodríguez,GOL,28,63,Mexico,/205/267/22_60.png,,O. Mendoza,LD LE,32,66,Mexico,/187/225/22_60.png,,B. García,LD MC,23,61,Mexico,/244/615/22_60.png,,G. Fernández,ATA,27,66,Uruguay,/251/611/22_60.png,,
a,Alonso Escoboza,MD LE MEI ZAG,29,74,Mexico,wiki/51513.png,,Miguel Jimenez,GOL,32,69,Mexico,wiki/79357.png,,,,,,,,,Luis Sanchez,ZAG,22,65,Mexico,wiki/missing_player.jpg,,Illian Hernandez,ATA,22,59,Mexico,wiki/missing_player.jpg,,Jose Luis Caicedo,MC MEI MD,20,62,Colombia,wiki/110715.png,,Miguel Ortega,GOL,27,65,Mexico,wiki/89151.png,,Sebastian Saucedo,MEI,25,72,United States,wiki/80750.png,,R. Prieto,VOL LE,24,65,Mexico,/244/743/22_60.png,,J. Hernández,GOL,24,64,Mexico,/232/101/22_60.png,,J. Díaz Price,ME,22,61,Mexico,/242/034/22_60.png,,V. Guzmán,ZAG,19,65,Mexico,/255/218/22_60.png,,I. Vázquez,LE LE,20,58,Mexico,/255/209/22_60.png,,K. Escamilla,VOL MC,27,66,Mexico,/204/131/22_60.png,,D. Gomez,MC,17,60,Mexico,/266/529/22_60.png,,C. Ramírez,ME,28,65,Mexico,/207/485/22_60.png,,
a,Federico Viñas,ATA,23,74,Uruguay,wiki/100191.png,,Michelle Benitez,PE ATA,26,68,Mexico,wiki/89142.jpg,,,,,,,,,Axel Grijalva,ZAG,21,62,Mexico,wiki/115455.png,,Luis Calzadilla,ATA MEI,22,59,Mexico,wiki/missing_player.jpg,,Santiago Trigos,MC MD,20,60,Mexico,wiki/117070.png,,David Ayala,MC MD,22,65,Mexico,wiki/115453.png,,Brandon Sartiaguin,ZAG,22,68,Mexico,wiki/missing_player.jpg,,D. Andrade,LE LE,27,65,Mexico,/204/664/22_60.png,,L. Rodríguez,ME PE,24,64,Uruguay,/259/964/22_60.png,,F. Ambríz,MC,18,61,Mexico,/255/394/22_60.png,,B. Díaz,GOL,22,62,United States,/255/389/22_60.png,,E. Martínez,LD,18,57,Mexico,/264/700/22_60.png,,A. Nahuelpan,ATA,33,66,Argentina,/189/451/22_60.png,,F. Batista,ATA,22,60,Uruguay,/264/820/22_60.png,,M. García,MC VOL ME,29,65,Argentina,/216/698/22_60.png,,
a,Santiago Naveda,MC MD,21,72,Mexico,wiki/108500.png,,Pavel Perez,MC MEI MD,23,67,Mexico,wiki/missing_player.jpg,,,,,,,,,Jaziel Martinez,MC MD,21,60,Mexico,wiki/missing_player.jpg,,Rafael Palma,MEI MC,19,57,Mexico,wiki/missing_player.jpg,,Íñigo Ariztia,MEI,16,59,Mexico,wiki/missing_player.jpg,,Érick Ávalos,LD,22,65,Mexico,wiki/115452.png,,Gustavo Gutierrez,GOL,25,65,Mexico,wiki/109112.png,,J. Díaz,LD,22,63,Mexico,/254/483/22_60.png,,A. Gómez,LE ZAG LE,19,63,Mexico,/248/128/22_60.png,,A. León,ATA,21,60,Mexico,/256/262/22_60.png,,J. Suárez,LE MC,24,61,United States,/244/639/22_60.png,,Á. Robles,ATA,19,57,Mexico,/261/912/22_60.png,,J. Godínez,ATA,24,64,Mexico,/239/545/22_60.png,,L. García,ATA ME,28,60,Mexico,/202/824/22_60.png,,F. Contreras,MC VOL,22,64,Mexico,/257/218/22_60.png,,
a,Alan Medina,PD MC,24,72,Mexico,wiki/94812.png,,Sebastian Perez Bouquet,MEI MC,19,65,Mexico,wiki/missing_player.jpg,,,,,,,,,Cesar Ramos,GOL,22,59,Mexico,wiki/115454.png,,Carlos Rodas,GOL,20,57,Mexico,wiki/115463.png,,Hector Ramirez,ZAG,18,59,Mexico,wiki/110074.png,,Bryan Reyes,MEI,23,62,Mexico,wiki/99300.png,,Carlos Calvo,ZAG,29,65,Mexico,wiki/58936_1360431593.jpg,,J. García,GOL,23,62,Mexico,/240/286/22_60.png,,E. Ortega,MC,24,61,Mexico,/243/021/22_60.png,,P. Hernández,LE,20,58,Mexico,/261/462/22_60.png,,E. Ayón,ATA,20,60,Mexico,/264/878/22_60.png,,D. Zago,MC VOL,19,56,Mexico,/255/207/22_60.png,,J. Meza,LD,27,64,Mexico,/222/380/22_60.png,,H. Jurado,ME MD,16,58,Mexico,/264/863/22_60.png,,M. Galván,MEI MC,28,64,Mexico,/186/514/22_60.png,,
a,Mauricio Galvan,MC MD,22,65,Mexico,wiki/110852.png,,Jose Rangel,GOL,22,65,Mexico,wiki/missing_player.jpg,,,,,,,,,Neder Hernandez,PD ATA,21,57,Mexico,wiki/missing_player.jpg,,,,,,,,,Alek Álvarez,MEI MD,19,57,Mexico,wiki/missing_player.jpg,,Luis Najera,MEI,19,57,Mexico,wiki/missing_player.jpg,,Ramon Pasquel,GOL,26,62,Mexico,wiki/89232.png,,J. Carrillo,ME,19,62,Mexico,/257/489/22_60.png,,,,,,,,,J. Rangel,MC,21,56,Mexico,/261/463/22_60.png,,E. López,MC ATA,22,60,Mexico,/257/426/22_60.png,,A. Herrera,VOL,20,56,Mexico,/264/717/22_60.png,,B. Hernández,LE,26,63,Mexico,/210/762/22_60.png,,R. Castellanos,GOL,20,58,Mexico,/264/182/22_60.png,,C. Rosel,MD ME,25,63,Mexico,/227/817/22_60.png,,
a,Esteban Lozano,ATA,19,57,Mexico,wiki/missing_player.jpg,,Jose Gonzalez,ATA MEI,23,65,Mexico,wiki/missing_player.jpg,,,,,,,,,Daniel Guillen,VOL ZAG,20,57,Mexico,wiki/missing_player.jpg,,,,,,,,,Oliver Perez,MD LE ZAG,20,57,Mexico,wiki/114035.png,,,,,,,,,Alan Rodriguez,MEI MC,26,59,Mexico,wiki/109115.png,,A. Ávila,ME MC,23,61,Mexico,/239/942/22_60.png,,,,,,,,,,,,,,,,C. Castillo,ME,17,58,Mexico,/266/300/22_60.png,,R. Castillo,MC,20,55,Mexico,/262/966/22_60.png,,D. Torres,MC,24,61,Mexico,/239/623/22_60.png,,M. Pedroza,ATA,18,58,Mexico,/266/291/22_60.png,,Anderson Leite,VOL,28,62,Brazil,/266/287/22_60.png,,
a,Karel Campos,MD LE MEI ZAG,19,57,Mexico,wiki/missing_player.jpg,,Matias Cendejas,LD ZAG,19,65,Mexico,wiki/missing_player.jpg,,,,,,,,,,,,,,,,,,,,,,,Emiliano Freyfeld,ZAG,18,57,Mexico,wiki/114036.png,,,,,,,,,Ivan Acero,MC,21,59,Mexico,wiki/115448.png,,E. Games,MC,20,61,Mexico,/252/923/22_60.png,,,,,,,,,,,,,,,,L. Gamíz,VOL,21,58,Mexico,/241/980/22_60.png,,,,,,,,,C. Zamora,ZAG,25,58,Mexico,/240/108/22_60.png,,A. Palma,ME,19,57,Mexico,/261/767/22_60.png,,J. García,ZAG,25,60,Mexico,/229/985/22_60.png,,
a,,,,,,,,Deivoon Magaña,MC ZAG,22,64,Mexico,wiki/missing_player.jpg,,,,,,,,,,,,,,,,,,,,,,,Juan Carlos Gonzalez,ATA,19,57,Paraguay,wiki/missing_player.jpg,,,,,,,,,Óscar Chavez,MD LD ZAG,22,57,Mexico,wiki/115449.png,,H. Holguín,GOL,20,57,United States,/257/901/22_60.png,,,,,,,,,,,,,,,,H. Weckmann,ATA,17,57,Mexico,/267/766/22_60.png,,,,,,,,,A. García,ZAG,22,58,Mexico,/260/418/22_60.png,,J. Alcantar,ZAG,17,57,Mexico,/257/481/22_60.png,,D. García,MC,17,57,Mexico,/268/549/22_60.png,,
a,,,,,,,,Luis Puente,ATA,19,62,Mexico,wiki/106516.png,,,,,,,,,,,,,,,,,,,,,,,Jose Navarro,ATA,19,57,Mexico,wiki/missing_player.jpg,,,,,,,,,Isaias Violante,MD MC PE ZAG,18,57,Mexico,wiki/106925.png,,D. Medina,MC,20,56,Mexico,/253/488/22_60.png,,,,,,,,,,,,,,,,C. Castillo,MC,20,57,Mexico,/267/876/22_60.png,,,,,,,,,J. Hernández,ATA,17,56,Mexico,/264/306/22_60.png,,,,,,,,,F. Nevarez,LD,20,56,Mexico,/251/124/22_60.png,,
a,,,,,,,,Benjamin Sanchez,ATA,21,57,Mexico,wiki/missing_player.jpg,,,,,,,,,,,,,,,,,,,,,,,Jorge Ruvalcaba,MEI,20,57,Mexico,wiki/missing_player.jpg,,,,,,,,,,,,,,,,,,,,,,,,,,,,,,,,,,,,,S. Yanez,LD,18,57,Mexico,/264/650/22_60.png,,,,,,,,,R. Díaz,GOL,25,53,Mexico,/239/727/22_60.png,,,,,,,,,J. Zapata,MEI,18,56,Mexico,/257/883/22_60.png,,
a,,,,,,,,Juan Brigido,PD MEI,20,57,Mexico,wiki/missing_player.jpg,,,,,,,,,,,,,,,,,,,,,,,Pablo Bennevendo,LD ZAG,22,57,Mexico,wiki/113803.png,,,,,,,,,,,,,,,,,,,,,,,,,,,,,,,,,,,,,G. Vázquez,ATA,19,56,Mexico,/257/428/22_60.png,,,,,,,,,,,,,,,,,,,,,,,,,,,,,,
a,,,,,,,,Miguel Gomez,LE ZAG,19,57,Mexico,wiki/missing_player.jpg,,,,,,,,,,,,,,,,,,,,,,,Jonathan Otero,MC MD,16,57,Mexico,wiki/missing_player.jpg,,,,,,,,,,,,,,,,,,,,,,,,,,,,,,,,,,,,,,,,,,,,,,,,,,,,,,,,,,,,,,,,,,,,,,,,
a,,,,,,,,Jesus Orozco,LE LE,20,57,Mexico,wiki/missing_player.jpg,,,,,,,,,,,,,,,,,,,,,,,Miguel Carreon,MEI PE MC,18,57,Mexico,wiki/107950.png,,,,,,,,,,,,,,,,,,,,,,,,,,,,,,,,,,,,,,,,,,,,,,,,,,,,,,,,,,,,,,,,,,,,,,,,
a,,,,,,,,Irving Marquez,MC,22,57,Mexico,wiki/missing_player.jpg,,,,,,,,,,,,,,,,,,,,,,,Ángel Rico,MEI MC,17,57,Mexico,wiki/missing_player.jpg,,,,,,,,,,,,,,,,,,,,,,,,,,,,,,,,,,,,,,,,,,,,,,,,,,,,,,,,,,,,,,,,,,,,,,,,
a,,,,,,,,Gabriel Martinez,ZAG,19,57,Mexico,wiki/missing_player.jpg,,,,,,,,,,,,,,,,,,,,,,,Jose Daniel Gonzalez,MEI MD,17,57,Mexico,wiki/114033.png,,,,,,,,,,,,,,,,,,,,,,,,,,,,,,,,,,,,,,,,,,,,,,,,,,,,,,,,,,,,,,,,,,,,,,,,
a,,,,,,,,Eduardo Garcia,GOL,19,55,Mexico,wiki/missing_player.jpg,,,,,,,,,,,,,,,,,,,,,,,Pablo Lara,GOL,16,55,Mexico,wiki/missing_player.jpg,,,,,,,,,,,,,,,,,,,,,,,,,,,,,,,,,,,,,,,,,,,,,,,,,,,,,,,,,,,,,,,,,,,,,,,,
a,,,,,,,,Gael Camarena,ATA,17,54,Mexico,wiki/missing_player.jpg,,,,,,,,,,,,,,,,,,,,,,,Leonardo Tapia,GOL,21,55,Mexico,wiki/missing_player.jpg,,,,,,,,,,,,,,,,,,,,,,,,,,,,,,,,,,,,,,,,,,,,,,,,,,,,,,,,,,,,,,,,,,,,,,,,
a,,,,,,,,,,,,,,,,,,,,,,,,,,,,,,,,,,,,Kleber Carranza,MC MEI MD,18,54,Mexico,wiki/missing_player.jpg,,,,,,,,,,,,,,,,,,,,,,,,,,,,,,,,,,,,,,,,,,,,,,,,,,,,,,,,,,,,,,,,,,,,,,,,
a,,,,,,,,,,,,,,,,,,,,,,,,,,,,,,,,,,,,Jesus Quintero,MEI MD,21,52,Mexico,wiki/113164.png,,,,,,,,,,,,,,,,,,,,,,,,,,,,,,,,,,,,,,,,,,,,,,,,,,,,,,,,,,,,,,,,,,,,,,,,
a,,,,,,,,,,,,,,,,,,,,,,,,,,,,,,,,,,,,,,,,,,,,,,,,,,,,,,,,,,,,,,,,,,,,,,,,,,,,,,,,,,,,,,,,,,,,,,,,,,,,,,,,,,,,,,,,,
a,,,,,,,,,,,,,,,,,,,,,,,,,,,,,,,,,,,,,,,,,,,,,,,,,,,,,,,,,,,,,,,,,,,,,,,,,,,,,,,,,,,,,,,,,,,,,,,,,,,,,,,,,,,,,,,,,
a,,,,,,,,,,,,,,,,,,,,,,,,,,,,,,,,,,,,,,,,,,,,,,,,,,,,,,,,,,,,,,,,,,,,,,,,,,,,,,,,,,,,,,,,,,,,,,,,,,,,,,,,,,,,,,,,,
a,,,,,,,,,,,,,,,,,,,,,,,,,,,,,,,,,,,,,,,,,,,,,,,,,,,,,,,,,,,,,,,,,,,,,,,,,,,,,,,,,,,,,,,,,,,,,,,,,,,,,,,,,,,,,,,,,
a,,,,,,,,,,,,,,,,,,,,,,,,,,,,,,,,,,,,,,,,,,,,,,,,,,,,,,,,,,,,,,,,,,,,,,,,,,,,,,,,,,,,,,,,,,,,,,,,,,,,,,,,,,,,,,,,,
a,,,,,,,,,,,,,,,,,,,,,,,,,,,,,,,,,,,,,,,,,,,,,,,,,,,,,,,,,,,,,,,,,,,,,,,,,,,,,,,,,,,,,,,,,,,,,,,,,,,,,,,,,,,,,,,,,
a,,,,,,,,,,,,,,,,,,,,,,,,,,,,,,,,,,,,,,,,,,,,,,,,,,,,,,,,,,,,,,,,,,,,,,,,,,,,,,,,,,,,,,,,,,,,,,,,,,,,,,,,,,,,,,,,,
a,,,,,,,,,,,,,,,,,,,,,,,,,,,,,,,,,,,,,,,,,,,,,,,,,,,,,,,,,,,,,,,,,,,,,,,,,,,,,,,,,,,,,,,,,,,,,,,,,,,,,,,,,,,,,,,,,
a,,,,,,,,,,,,,,,,,,,,,,,,,,,,,,,,,,,,,,,,,,,,,,,,,,,,,,,,,,,,,,,,,,,,,,,,,,,,,,,,,,,,,,,,,,,,,,,,,,,,,,,,,,,,,,,,,
a,,,,,,,,,,,,,,,,,,,,,,,,,,,,,,,,,,,,,,,,,,,,,,,,,,,,,,,,,,,,,,,,,,,,,,,,,,,,,,,,,,,,,,,,,,,,,,,,,,,,,,,,,,,,,,,,,

