a,River Plate,,,,,,,Boca Juniors,,,,,,,Colón,,,,,,,Racing,,,,,,,Independiente,,,,,,,Vélez Sarsfield,,,,,,,Lanús,,,,,,,Estudiantes,,,,,,,Rosario Central,,,,,,,San Lorenzo,,,,,,,Newell's Old Boys,,,,,,,Argentinos Juniors,,,,,,,Talleres,,,,,,,Arsenal Sarandí,,,,,,,Banfield,,,,,,,Defensa y Justicia,,,,,,,
a,F. Armani,GOL,35,79,Argentina,/214/584/23_60.png,,A. Rossi,GOL,26,79,Argentina,/227/275/23_60.png,,L. Rodríguez,ATA ATA MEI,37,77,Argentina,/192/906/23_60.png,,G. Arias,GOL,34,78,Chile,/223/249/23_60.png,,I. Marcone,VOL MC,32,76,Argentina,/215/057/23_60.png,,L. Janson,PE ATA,27,76,Argentina,/215/202/23_60.png,,L. Acosta,ME MD ATA,34,74,Argentina,/188/268/23_60.png,,L. Godoy,LD LD,27,75,Argentina,/228/415/23_60.png,,J. Báez,ZAG,31,72,Paraguay,/223/072/23_60.png,,C. Zapata,ZAG,35,72,Colombia,/177/983/23_60.png,,C. Lema,ZAG,32,75,Argentina,/215/228/23_60.png,,K. Mac Allister,ZAG LD,24,74,Argentina,/233/230/23_60.png,,N. Tenaglia,LD ZAG,26,76,Argentina,/240/953/23_60.png,,A. Medina,GOL,35,70,Argentina,/261/152/23_60.png,,N. Domingo,VOL MC ZAG,37,72,Argentina,/167/665/23_60.png,,E. Unsain,GOL,27,75,Argentina,/222/511/23_60.png,,
a,E. Pérez,VOL MC,36,79,Argentina,/196/432/23_60.png,,S. Villa,PE PD,26,79,Colombia,/233/959/23_60.png,,F. Farías,ATA ATA ME,19,75,Argentina,/256/287/23_60.png,,L. Sigali,ZAG,35,77,Argentina,/215/135/23_60.png,,L. Romero,VOL MC,28,76,Argentina,/215/119/23_60.png,,D. Godín,ZAG,36,76,Uruguay,/182/493/23_60.png,,J. Sand,ATA,41,74,Argentina,/152/912/23_60.png,,J. Rodríguez,VOL MC,26,75,Argentina,/224/796/23_60.png,,V. Malcorra,ME MC,34,72,Argentina,/226/797/23_60.png,,A. Bareiro,ATA,25,72,Paraguay,/246/690/23_60.png,,J. García,ATA,29,74,Argentina,/240/963/23_60.png,,A. Roa,MEI MD ME,29,74,Colombia,/221/310/23_60.png,,F. Pizzini,MD ME,28,75,Argentina,/214/971/23_60.png,,D. Pérez,LE,33,70,Argentina,/215/049/23_60.png,,A. Urzi,ME PE,22,72,Argentina,/246/469/23_60.png,,A. Frías,ZAG,24,74,Argentina,/251/886/23_60.png,,
a,N. De la Cruz,MC ME MEI,25,80,Uruguay,/240/699/23_60.png,,M. Rojo,ZAG,32,78,Argentina,/201/862/23_60.png,,C. Bernardi,MEI MD MC,32,74,Argentina,/235/176/23_60.png,,E. Mena,LE LE,33,76,Chile,/209/744/23_60.png,,S. Barreto,ZAG,23,74,Argentina,/241/872/23_60.png,,L. Giannetti,ZAG,28,75,Argentina,/215/147/23_60.png,,R. Loaiza,VOL MC,28,73,Colombia,/214/226/23_60.png,,F. Zuqui,MC MEI VOL,30,74,Argentina,/215/155/23_60.png,,M. Benítez,LE ME MC,31,72,Argentina,/223/241/23_60.png,,S. Torrico,GOL,42,72,Argentina,/216/692/23_60.png,,L. Vangioni,LE LE,35,74,Argentina,/212/541/23_60.png,,G. Ávalos,ATA,31,74,Paraguay,/226/286/23_60.png,,D. Valoyes,MD ME ATA,25,74,Colombia,/226/604/23_60.png,,F. Kruspzky,ME MEI ATA,19,70,Argentina,/260/667/23_60.png,,M. Cuero,MD ME,29,72,Colombia,/214/434/23_60.png,,N. Tripichio,LD ZAG,26,72,Argentina,/227/900/23_60.png,,
a,J. Quintero,MEI MD,29,78,Colombia,/210/513/23_60.png,,F. Fabra,LE,31,77,Colombia,/214/040/23_60.png,,R. Delgado,LE ZAG,32,73,Argentina,/216/036/23_60.png,,A. Moreno,VOL MC,23,75,Argentina,/245/055/23_60.png,,S. Sosa,GOL,35,74,Uruguay,/205/409/23_60.png,,L. Burián,GOL,38,74,Uruguay,/176/526/23_60.png,,P. De la Vega,MD PD PE,21,73,Argentina,/246/045/23_60.png,,M. Andújar,GOL,38,74,Argentina,/173/857/23_60.png,,J. Rodríguez,ZAG,28,72,Argentina,/244/950/23_60.png,,J. Devecchi,GOL,26,72,Argentina,/225/282/23_60.png,,W. Ditta,ZAG,25,73,Colombia,/245/810/23_60.png,,M. Torrén,ZAG,33,73,Argentina,/176/920/23_60.png,,G. Herrera,GOL,30,74,Argentina,/215/251/23_60.png,,D. Miloc,VOL MC,31,69,Argentina,/215/993/23_60.png,,J. Álvarez,MD PD,26,72,Argentina,/239/491/23_60.png,,J. Rodríguez,ZAG,28,72,Argentina,/244/950/23_60.png,,
a,M. Suárez,ATA PE,34,79,Argentina,/188/042/23_60.png,,D. Benedetto,ATA,32,77,Argentina,/215/061/23_60.png,,F. Garcés,ZAG,22,73,Argentina,/241/031/23_60.png,,L. Miranda,MC VOL,28,75,Argentina,/214/988/23_60.png,,J. Cazares,MEI,30,73,Ecuador,/208/504/23_60.png,,F. Ortega,LE,23,74,Argentina,/242/287/23_60.png,,T. Belmonte,MC VOL,24,72,Argentina,/241/607/23_60.png,,M. Boselli,ATA,37,74,Argentina,/161/938/23_60.png,,G. Servio,GOL,30,71,Argentina,/211/264/23_60.png,,N. Barrios,PE MEI,24,71,Argentina,/237/994/23_60.png,,P. Pérez,MC VOL,36,72,Argentina,/215/079/23_60.png,,L. Villalba,ZAG LE LE,27,73,Argentina,/214/937/23_60.png,,E. Díaz,LE ZAG,26,74,Argentina,/246/870/23_60.png,,C. Chimino,LD,34,68,Argentina,/223/615/23_60.png,,E. Bologna,GOL,40,71,Argentina,/142/962/23_60.png,,M. Benítez,LE ME MC,31,72,Argentina,/223/241/23_60.png,,
a,M. Casco,LE LD,34,78,Argentina,/215/071/23_60.png,,A. Varela,VOL MC,20,76,Argentina,/260/599/23_60.png,,B. Perlaza,VOL MC,30,72,Colombia,/226/747/23_60.png,,E. Vecchio,MEI MC,33,75,Argentina,/179/765/23_60.png,,A. Soñora,MC MEI VOL,23,73,United States,/252/240/23_60.png,,W. Bou,ATA MEI ATA,28,74,Argentina,/224/510/23_60.png,,L. Di Plácido,LD LD MD,28,72,Argentina,/222/022/23_60.png,,M. Castro,MD ME,26,73,Uruguay,/246/771/23_60.png,,D. Martínez,LD,32,71,Argentina,/224/104/23_60.png,,E. Cerutti,PD PE MD,30,71,Argentina,/219/525/23_60.png,,L. Morales,GOL,22,72,Argentina,/253/012/23_60.png,,D. Batallini,MD ME PD,26,73,Argentina,/232/709/23_60.png,,M. Catalán,ZAG LD,29,72,Argentina,/214/990/23_60.png,,G. Goñi,ZAG,23,68,Argentina,/235/966/23_60.png,,R. Enrique,ATA PE,21,71,Argentina,/261/072/23_60.png,,N. Fernández,ATA PE PD,26,71,Argentina,/225/289/23_60.png,,
a,M. Borja,ATA,29,76,Colombia,/219/862/23_60.png,,G. Fernández,MC VOL,30,76,Argentina,/211/269/23_60.png,,R. Ábila,ATA,32,72,Argentina,/226/378/23_60.png,,E. Copetti,ATA PD,26,74,Argentina,/238/332/23_60.png,,D. Batallini,MD ME PD,26,73,Argentina,/232/709/23_60.png,,L. Hoyos,GOL,33,73,Argentina,/224/348/23_60.png,,F. Aguilar,ZAG,29,72,Colombia,/214/384/23_60.png,,F. Noguera,ZAG,29,73,Argentina,/223/064/23_60.png,,J. Broun,GOL,36,71,Argentina,/216/033/23_60.png,,J. Méndez,VOL MC,25,71,Argentina,/241/927/23_60.png,,M. Capasso,ZAG,26,71,Argentina,/244/945/23_60.png,,J. Gómez,MEI MC,32,73,Argentina,/211/489/23_60.png,,A. Aguerre,GOL,31,72,Argentina,/215/123/23_60.png,,M. Pittón,MC VOL MD,27,68,Argentina,/228/961/23_60.png,,J. Dátolo,MEI MC,38,70,Argentina,/142/966/23_60.png,,N. Colombo,ZAG,23,71,Argentina,/252/036/23_60.png,,
a,P. Díaz,ZAG,27,76,Chile,/214/436/23_60.png,,S. Romero,GOL,35,76,Argentina,/173/373/23_60.png,,P. Goltz,ZAG,37,72,Argentina,/214/763/23_60.png,,G. Hauche,PD PE,35,74,Argentina,/203/872/23_60.png,,J. Insaurralde,ZAG,37,72,Argentina,/153/060/23_60.png,,L. Pratto,ATA,34,73,Argentina,/184/252/23_60.png,,L. Morales,GOL,22,72,Argentina,/253/012/23_60.png,,L. Díaz,ATA,30,73,Argentina,/214/777/23_60.png,,J. Komar,ZAG,25,71,Argentina,/222/428/23_60.png,,F. Gattoni,ZAG,23,70,Argentina,/241/930/23_60.png,,G. Velázquez,ZAG,31,70,Paraguay,/246/696/23_60.png,,J. Cabrera,MD ME LD,30,72,Uruguay,/224/317/23_60.png,,R. Pérez,ZAG,32,72,Colombia,/214/191/23_60.png,,G. Canto,ZAG LE,28,68,Argentina,/227/526/23_60.png,,F. Altamirano,GOL,26,70,Argentina,/227/477/23_60.png,,G. Alanís,MD ME LE,28,71,Argentina,/224/403/23_60.png,,
a,E. Barco,ME ATA PE,23,77,Argentina,/236/007/23_60.png,,Ó. Romero,MEI MD MC,29,76,Paraguay,/220/334/23_60.png,,J. Álvarez,MD PD,26,72,Argentina,/239/491/23_60.png,,G. Piovi,LE ZAG LE,27,74,Argentina,/219/670/23_60.png,,L. Fernández,ATA PD PE,31,72,Argentina,/208/054/23_60.png,,L. Orellano,PD,22,73,Argentina,/246/423/23_60.png,,D. Braghieri,ZAG,35,71,Argentina,/215/050/23_60.png,,P. Piatti,MD ME,33,73,Argentina,/183/899/23_60.png,,J. Pereyra,ME MC,23,71,Argentina,/233/092/23_60.png,,A. Batalla,GOL,26,70,Argentina,/227/186/23_60.png,,A. Méndez,LD LD,26,70,Uruguay,/253/294/23_60.png,,L. Cháves,GOL,26,72,Argentina,/213/272/23_60.png,,J. Buffarini,LD,33,71,Argentina,/215/108/23_60.png,,S. Lomónaco,ATA ME MD,23,68,Argentina,/235/946/23_60.png,,A. Cabrera,VOL MC,29,69,Argentina,/258/455/23_60.png,,A. Soto,LE ZAG,28,70,Argentina,/231/507/23_60.png,,
a,E. Mammana,ZAG LD,26,75,Argentina,/221/551/23_60.png,,L. Advíncula,LD,32,76,Peru,/204/539/23_60.png,,I. Chicco,GOL,26,71,Argentina,/232/817/23_60.png,,J. Gómez,MEI MC,32,73,Argentina,/211/489/23_60.png,,F. Ferreyra,ATA,31,72,Argentina,/213/432/23_60.png,,M. de los Santos,ZAG,29,72,Uruguay,/239/645/23_60.png,,F. Troyansky,ATA MD ME,25,71,Argentina,/233/057/23_60.png,,E. Mas,LE LE ME,33,72,Argentina,/214/955/23_60.png,,F. Almada,ZAG,23,70,Argentina,/246/547/23_60.png,,J. Elías,MC MD LD,26,70,Argentina,/231/360/23_60.png,,J. Fernández,VOL MC,27,70,Argentina,/219/452/23_60.png,,M. Bíttolo,LE LE ME,32,72,Argentina,/215/148/23_60.png,,M. Santos,ATA,29,71,Uruguay,/230/964/23_60.png,,A. Díaz,ATA,22,68,Argentina,/246/108/23_60.png,,A. Chávez,ATA,31,69,Argentina,/223/066/23_60.png,,C. Ortiz,MEI MC,29,70,Argentina,/223/206/23_60.png,,
a,A. Palavecino,MC MEI,25,78,Argentina,/247/450/23_60.png,,M. Retegui,ATA,23,75,Argentina,/241/850/23_60.png,,E. Meza,LD LD,23,71,Argentina,/258/090/23_60.png,,E. Insua,ZAG LE,33,73,Argentina,/179/696/23_60.png,,L. Benegas,ATA PE,33,71,Chile,/214/862/23_60.png,,S. Cáseres,VOL MC ZAG,25,72,Argentina,/236/527/23_60.png,,N. Pasquini,LE ME MC,31,70,Argentina,/214/772/23_60.png,,J. Sosa,MC VOL,37,72,Argentina,/143/121/23_60.png,,L. Blanco,LE ME,23,70,Argentina,/257/185/23_60.png,,A. Martegani,MEI MC ME,22,69,Argentina,/262/083/23_60.png,,C. Ferreira,MC MEI,22,69,Argentina,/241/568/23_60.png,,N. Reniero,ATA,27,71,Argentina,/237/283/23_60.png,,J. Komar,ZAG,25,71,Argentina,/222/428/23_60.png,,F. Apaolaza,ATA,25,67,Argentina,/243/170/23_60.png,,E. Coronel,LD,25,68,Argentina,/242/482/23_60.png,,K. Gutiérrez,VOL MC,25,70,Argentina,/241/833/23_60.png,,
a,R. Aliendro,MC VOL,31,75,Argentina,/233/029/23_60.png,,J. Ramírez,MC ME,29,74,Argentina,/214/665/23_60.png,,C. Vega,VOL MC,28,71,Argentina,/251/213/23_60.png,,M. Rojas,PD MD MC,26,73,Paraguay,/237/183/23_60.png,,M. Álvarez,GOL,33,71,Argentina,/244/987/23_60.png,,L. Jara,LD,31,72,Argentina,/215/331/23_60.png,,F. Monetti,GOL,33,70,Argentina,/215/985/23_60.png,,H. Toledo,ME MD PE,26,72,Argentina,/231/128/23_60.png,,W. Montoya,MD MC,28,70,Argentina,/224/461/23_60.png,,G. Maroni,MEI PE,23,68,Argentina,/234/108/23_60.png,,R. Macagno,GOL,25,69,Argentina,/231/258/23_60.png,,F. González Metilli,MD ME ATA,25,71,Argentina,/246/770/23_60.png,,C. Villalba,VOL MC,23,70,Argentina,/247/400/23_60.png,,B. Rivero,VOL MC,26,67,Argentina,/231/219/23_60.png,,A. Maldonado,ZAG,24,68,Argentina,/233/780/23_60.png,,G. Togni,ME LE PE,24,70,Argentina,/237/512/23_60.png,,
a,R. Rojas,LD ZAG,26,75,Paraguay,/246/914/23_60.png,,C. Zambrano,ZAG,32,74,Peru,/187/132/23_60.png,,M. Ibáñez,GOL,35,70,Argentina,/214/983/23_60.png,,E. Cardona,MEI ME PE,29,73,Colombia,/192/342/23_60.png,,J. Laso,ZAG LD,31,70,Argentina,/226/772/23_60.png,,T. Guidara,LD,26,71,Argentina,/237/122/23_60.png,,Y. Cabral,ZAG,30,70,Argentina,/221/990/23_60.png,,B. Rollheiser,ME MEI ATA,22,71,Argentina,/252/114/23_60.png,,F. Torrent,LD,30,68,Argentina,/251/127/23_60.png,,A. Vombergar,ATA ATA,27,68,Argentina,/247/143/23_60.png,,L. Melano,PD PE ATA,29,68,Argentina,/215/266/23_60.png,,C. Quintana,ZAG,34,71,Argentina,/234/458/23_60.png,,H. Fertoli,ME MD MEI,27,70,Argentina,/222/693/23_60.png,,J. Navas,LD MD,28,66,Argentina,/258/603/23_60.png,,J. Palacios,MD MC,23,67,Argentina,/254/585/23_60.png,,F. Domínguez,MD LD LD,24,69,Uruguay,/245/247/23_60.png,,
a,S. Simón,MD MC,20,74,Argentina,/256/408/23_60.png,,F. Roncaglia,LD ZAG,35,73,Argentina,/183/966/23_60.png,,S. Pierotti,MD MC,21,70,Argentina,/253/139/23_60.png,,J. Carbonero,PE PD,22,72,Colombia,/242/654/23_60.png,,A. Vigo,LD LD,23,70,Argentina,/247/150/23_60.png,,J. Menéndez,MD PE PD,28,71,Argentina,/235/047/23_60.png,,C. Spinelli,ATA,25,70,Argentina,/238/180/23_60.png,,J. Morel,ZAG VOL MC,24,70,Paraguay,/253/251/23_60.png,,J. Candia,ATA PD,27,68,Uruguay,/255/319/23_60.png,,G. Campi,ZAG,31,68,Argentina,/220/429/23_60.png,,B. Calderara,LE ME,24,68,Argentina,/259/500/23_60.png,,J. Galván,ZAG VOL,30,70,Argentina,/226/616/23_60.png,,F. Girotti,ATA,23,70,Argentina,/246/471/23_60.png,,A. Antilef,MC MEI,23,66,Argentina,/242/317/23_60.png,,A. Maciel,ZAG,25,67,Argentina,/240/457/23_60.png,,M. Ledesma,GOL,25,69,Argentina,/225/858/23_60.png,,
a,D. Martínez,ZAG LE,24,74,Paraguay,/241/569/23_60.png,,A. Molinas,MEI MC,21,73,Argentina,/256/502/23_60.png,,L. Picco,VOL MC,23,69,Argentina,/252/044/23_60.png,,F. Mura,LD LE,23,72,Argentina,/247/156/23_60.png,,G. Togni,ME LE PE,24,70,Argentina,/237/512/23_60.png,,E. Insua,LE,31,70,Argentina,/215/144/23_60.png,,F. Pérez,MC MD,22,70,Argentina,/253/030/23_60.png,,M. Méndez,ATA,23,70,Uruguay,/259/883/23_60.png,,F. Buonanotte,MEI MD MC,17,68,Argentina,/269/495/23_60.png,,A. Díaz,ATA,22,68,Argentina,/246/108/23_60.png,,J. Garro,PE PD ATA,29,68,Argentina,/215/168/23_60.png,,A. Rodríguez,MC MEI,22,70,Uruguay,/271/501/23_60.png,,Á. Martino,ME LE,24,69,Argentina,/236/671/23_60.png,,J. Ibáñez,ME,25,65,Argentina,/232/801/23_60.png,,M. Cuadra,ATA ME MD,27,67,Argentina,/235/927/23_60.png,,T. Cardona,ZAG,26,69,Argentina,/229/537/23_60.png,,
a,P. Solari,MD ATA PD,21,74,Argentina,/256/509/23_60.png,,J. García,GOL,35,73,Argentina,/178/566/23_60.png,,A. Teuten,LE LE,23,69,Uruguay,/261/532/23_60.png,,G. Gómez,GOL,26,72,Argentina,/235/925/23_60.png,,L. Rodríguez,LE LE,28,69,Argentina,/214/660/23_60.png,,M. Brizuela,ZAG LE,25,70,Argentina,/252/168/23_60.png,,M. Esquivel,MC MEI,23,68,Argentina,/254/587/23_60.png,,L. Lollo,ZAG,35,69,Argentina,/215/254/23_60.png,,J. Velázquez,ZAG,31,68,Argentina,/210/814/23_60.png,,M. Braida,ME LE PE,25,68,Argentina,/258/746/23_60.png,,F. González,PE PD,21,67,Argentina,/259/533/23_60.png,,F. Lanzillotta,GOL,29,70,Argentina,/226/675/23_60.png,,R. Villagra,VOL MC,21,69,Argentina,/255/351/23_60.png,,J. Bigo,GOL,23,65,Argentina,/269/557/23_60.png,,N. Linares,VOL MC,26,67,Argentina,/240/964/23_60.png,,L. Otormín,ATA PD MEI,25,68,Uruguay,/259/968/23_60.png,,
a,B. Zuculini,VOL MC,29,76,Argentina,/203/864/23_60.png,,J. Campuzano,VOL MC,26,73,Colombia,/242/267/23_60.png,,J. Sánchez Miño,ME LE MC,32,68,Argentina,/201/953/23_60.png,,C. Alcaraz,MEI MC ME,19,71,Argentina,/256/402/23_60.png,,L. González,MC VOL,22,69,Argentina,/252/239/23_60.png,,N. Garayalde,MC MEI,22,70,Argentina,/262/148/23_60.png,,G. De Amores,GOL,27,68,Uruguay,/258/133/23_60.png,,E. Muñoz,ZAG,31,69,Argentina,/186/695/23_60.png,,F. Mac Allister,VOL MC,26,68,Argentina,/232/826/23_60.png,,J. Palacios,MD MC,23,67,Argentina,/254/585/23_60.png,,J. Sforza,MC VOL,20,67,Argentina,/258/289/23_60.png,,F. Moyano,MC VOL,24,69,Argentina,/241/931/23_60.png,,R. Garro,MEI ME,24,68,Argentina,/267/629/23_60.png,,J. Pombo,ZAG,21,64,Argentina,/268/620/23_60.png,,J. Álvarez,ME PE LE,27,67,Uruguay,/259/929/23_60.png,,A. Fontana,ATA,26,68,Argentina,/225/915/23_60.png,,
a,E. Gómez,LE LE,28,73,Argentina,/221/053/23_60.png,,N. Figal,ZAG LD,28,73,Argentina,/219/841/23_60.png,,J. Novillo,ZAG,24,68,Argentina,/246/667/23_60.png,,M. Martínez,VOL ZAG,29,71,Argentina,/226/798/23_60.png,,T. Pozzo,MD ME ATA,21,69,Argentina,/258/284/23_60.png,,M. Perrone,MC VOL,19,70,Argentina,/267/991/23_60.png,,N. Thaller,ZAG,23,68,Argentina,/242/343/23_60.png,,I. Gómez,VOL MC,25,69,Argentina,/235/987/23_60.png,,A. Veliz,ATA,18,67,Argentina,/269/176/23_60.png,,G. Hernández,ZAG,24,67,Argentina,/268/621/23_60.png,,D. Reasco,ATA MEI,23,66,Ecuador,/254/069/23_60.png,,M. Coronel,ATA ME,23,68,Argentina,/259/537/23_60.png,,A. Schott,LD,22,68,Argentina,/244/757/23_60.png,,I. Gariglio,ZAG LD,24,64,Argentina,/259/271/23_60.png,,L. Abecasis,LD,32,67,Argentina,/205/630/23_60.png,,L. Albertengo,ATA,31,67,Argentina,/215/309/23_60.png,,
a,T. Pochettino,MC MEI,26,73,Argentina,/231/524/23_60.png,,N. Orsini,ATA,27,72,Argentina,/220/148/23_60.png,,B. Farioli,MD MEI ME,24,68,Argentina,/254/222/23_60.png,,N. Reniero,ATA,27,71,Argentina,/237/283/23_60.png,,A. Costa,LE LE ZAG,22,69,Argentina,/261/097/23_60.png,,V. Gómez,ZAG LE,19,70,Argentina,/267/860/23_60.png,,J. Aude,LE VOL,19,67,Argentina,/258/095/23_60.png,,J. Díaz,LE ZAG,24,68,Argentina,/241/022/23_60.png,,G. Ramírez,ATA,32,66,Paraguay,/231/814/23_60.png,,N. Ortigoza,VOL MC,37,67,Paraguay,/161/636/23_60.png,,J. Cacciabue,VOL MC MD,24,66,Argentina,/242/294/23_60.png,,F. Mater,MD LD MC,23,68,Argentina,/258/528/23_60.png,,C. Oliva,MC VOL,26,68,Uruguay,/247/076/23_60.png,,L. Brochero,MD MEI PD,23,64,Argentina,/257/549/23_60.png,,D. Gissi,ZAG,31,66,Switzerland,/189/551/23_60.png,,B. Rivero,VOL MC,26,67,Argentina,/231/219/23_60.png,,
a,L. González Pirez,ZAG,30,73,Argentina,/199/669/23_60.png,,L. Vázquez,ATA,21,72,Argentina,/251/651/23_60.png,,A. Schott,LD,22,68,Argentina,/244/757/23_60.png,,J. Galván,ZAG VOL,30,70,Argentina,/226/616/23_60.png,,G. Hachen,MC VOL,31,69,Argentina,/215/081/23_60.png,,J. Florentín,MC,25,69,Paraguay,/253/249/23_60.png,,B. Aguirre,LD LE MD,21,67,Argentina,/259/576/23_60.png,,N. Paz,ZAG LE,29,68,Argentina,/219/451/23_60.png,,G. Infantino,MD ME,19,66,Argentina,/258/104/23_60.png,,A. Giay,LD MD MC,18,66,Argentina,/268/657/23_60.png,,F. Mansilla,ZAG,23,65,Argentina,/263/434/23_60.png,,L. Sánchez,ME LE LE,28,68,Argentina,/267/573/23_60.png,,F. Mac Allister,VOL MC,26,68,Argentina,/232/826/23_60.png,,L. Marchi,LE,25,64,Argentina,/251/979/23_60.png,,F. Quinteros,LE,23,66,Argentina,/246/865/23_60.png,,L. Souto,LD LD LE,23,66,Argentina,/270/456/23_60.png,,
a,L. Beltrán,ATA PD,21,72,Argentina,/246/258/23_60.png,,E. Zeballos,PD PE,20,72,Argentina,/260/601/23_60.png,,L. Acevedo,ZAG,30,67,Argentina,/222/889/23_60.png,,K. Gutiérrez,VOL MC,25,70,Argentina,/241/833/23_60.png,,G. Asís,LD LD MC,26,68,Argentina,/239/951/23_60.png,,A. Osorio,ATA,20,68,Argentina,/268/083/23_60.png,,M. Pérez,ZAG,22,67,Argentina,/255/333/23_60.png,,L. Heredia,ATA ME,26,67,Argentina,/241/025/23_60.png,,M. Tanlongo,VOL MC,18,66,Argentina,/258/103/23_60.png,,S. Rosane,VOL MC,22,66,Argentina,/261/438/23_60.png,,F. Ángel,MC,21,65,Colombia,/251/902/23_60.png,,L. Gómez,LD MD ME,26,68,Argentina,/232/832/23_60.png,,M. Esquivel,MC MEI,23,68,Argentina,/254/587/23_60.png,,B. Sánchez,ME MEI,29,61,Argentina,/261/537/23_60.png,,J. Cruz,ATA,22,66,Argentina,/255/453/23_60.png,,T. Galván,MEI MC,22,66,Argentina,/262/240/23_60.png,,
a,A. Herrera,LD LD,23,72,Argentina,/246/106/23_60.png,,M. Weigandt,LD,22,71,Argentina,/246/263/23_60.png,,J. Chicco,VOL MC,24,67,Argentina,/233/887/23_60.png,,M. Romero,ATA PE,23,70,Argentina,/227/903/23_60.png,,B. Martínez,PD MD,22,68,Argentina,/255/307/23_60.png,,G. Mainero,MD PD,27,68,Argentina,/242/002/23_60.png,,L. Acosta,GOL,27,67,Argentina,/220/624/23_60.png,,F. Apaolaza,ATA,25,67,Argentina,/243/170/23_60.png,,F. Lo Celso,ME MC MEI,22,65,Argentina,/255/352/23_60.png,,M. Insaurralde,MC VOL LD,23,66,Argentina,/245/249/23_60.png,,T. Jacob,LD,18,65,Argentina,/265/402/23_60.png,,J. Sandoval,LD,35,67,Uruguay,/240/689/23_60.png,,F. Álvarez,ZAG,22,67,Argentina,/242/569/23_60.png,,S. Mohamed,MEI MC MD,22,61,Mexico,/257/543/23_60.png,,L. Del Pino Mago,ZAG LE,27,66,Venezuela,/246/015/23_60.png,,J. López,MC VOL MEI,22,66,Argentina,/245/061/23_60.png,,
a,J. Maidana,ZAG,36,72,Argentina,/172/018/23_60.png,,D. González,MC,34,71,Argentina,/214/770/23_60.png,,M. Formica,MEI MC,34,67,Argentina,/192/370/23_60.png,,A. Soto,LE ZAG,28,70,Argentina,/231/507/23_60.png,,R. Márquez,PE PD ME,20,68,Argentina,/263/756/23_60.png,,M. Pittón,MC VOL MD,27,68,Argentina,/228/961/23_60.png,,S. Careaga,MC MEI,20,66,Argentina,/268/748/23_60.png,,F. Zapiola,ME MEI,21,65,Argentina,/263/502/23_60.png,,I. Cortez,LD,22,65,Argentina,/270/075/23_60.png,,M. Peralta Bauer,ATA MD,24,66,Argentina,/257/154/23_60.png,,M. Luciano,LE,18,65,Argentina,/267/900/23_60.png,,L. González,ZAG LE,28,67,Argentina,/220/291/23_60.png,,F. Álvarez,MEI MD ME,29,67,Argentina,/227/602/23_60.png,,W. Machado,MC MD VOL,28,60,Uruguay,/266/302/23_60.png,,F. Cambeses,GOL,25,66,Argentina,/232/645/23_60.png,,N. Zalazar,ZAG,25,66,Argentina,/236/670/23_60.png,,
a,J. Pinola,ZAG LE,39,72,Argentina,/146/963/23_60.png,,E. Fernández,VOL MC,19,71,Argentina,/262/151/23_60.png,,G. Nardelli,LD ZAG,22,66,Argentina,/268/535/23_60.png,,H. Fertoli,ME MD MEI,27,70,Argentina,/222/693/23_60.png,,C. Chávez,ATA PE,35,68,Argentina,/205/941/23_60.png,,A. Mulet,MC VOL,22,67,Argentina,/260/377/23_60.png,,N. Morgantini,LD LD,27,66,Argentina,/255/197/23_60.png,,J. Pourtau,GOL,22,65,Argentina,/237/575/23_60.png,,J. Leudo,VOL,28,65,Colombia,/215/336/23_60.png,,A. Sabella,ME PE MEI,21,65,Argentina,/259/136/23_60.png,,R. Sordo,PE ME ATA,22,65,Argentina,/261/443/23_60.png,,M. Godoy,MD ME ATA,20,66,Argentina,/258/700/23_60.png,,A. Maciel,ZAG,25,67,Argentina,/240/457/23_60.png,,L. Cano,ATA,27,60,Argentina,/214/673/23_60.png,,M. Romero,MC LD VOL,26,65,Argentina,/226/024/23_60.png,,M. Duarte,MC MEI MD,20,65,Argentina,/269/690/23_60.png,,
a,E. Centurión,GOL,25,70,Argentina,/246/236/23_60.png,,C. Medina,MC,20,71,Argentina,/261/082/23_60.png,,M. Otazú,ME PE LE,25,66,Paraguay,/260/974/23_60.png,,B. Garré,MD PD PE,21,69,Argentina,/241/632/23_60.png,,E. Elizalde,LE ZAG,22,67,Uruguay,/240/835/23_60.png,,J. Fernández,PD PE,18,67,Argentina,/267/866/23_60.png,,F. Orozco,ME PE PD,20,65,Argentina,/259/570/23_60.png,,C. Lattanzio,ME MC PE,24,65,Argentina,/229/878/23_60.png,,K. Ortiz,MC VOL,21,64,Argentina,/271/344/23_60.png,,D. Calcaterra,ZAG VOL,20,64,Argentina,/261/884/23_60.png,,B. Aguirre,ME PE,19,64,Argentina,/271/512/23_60.png,,G. Verón,ATA,21,66,Argentina,/242/250/23_60.png,,J. Malatini,LD ZAG,21,67,Argentina,/261/182/23_60.png,,E. Viveros,MD,19,59,Argentina,/265/478/23_60.png,,L. Ríos,MC VOL,21,65,Argentina,/254/951/23_60.png,,B. Cuello,MD ME MC,24,65,Argentina,/266/341/23_60.png,,
a,J. Paradela,ME MC MEI,23,70,Argentina,/245/354/23_60.png,,M. Payero,MC,23,71,Argentina,/240/970/23_60.png,,L. Ojeda,LE,20,65,Argentina,/270/213/23_60.png,,L. Orbán,ZAG LE,33,69,Argentina,/191/488/23_60.png,,R. Bacchia,GOL,23,65,Uruguay,/255/308/23_60.png,,D. Fernández,ZAG LD,21,66,Argentina,/251/686/23_60.png,,I. Cazal,MD ME,23,65,Paraguay,/255/088/23_60.png,,E. Mancuso,LD,23,64,Argentina,/263/690/23_60.png,,N. Romero,LE ME,22,64,Argentina,/247/081/23_60.png,,I. Leguizamón,PD PE MEI,19,64,Paraguay,/267/784/23_60.png,,M. Llano,LD MD,22,63,Argentina,/258/291/23_60.png,,L. Mosevich,ZAG,25,66,Argentina,/231/479/23_60.png,,L. Suárez,ZAG LE,27,67,Argentina,/222/378/23_60.png,,B. Báez,ATA,22,59,Argentina,/260/685/23_60.png,,A. Quirós,LE ZAG,20,64,Argentina,/261/769/23_60.png,,M. Peano,GOL,23,65,Argentina,/232/549/23_60.png,,
a,A. Vigo,LD LD,23,70,Argentina,/247/150/23_60.png,,N. Briasco,ATA PD MD,26,69,Armenia,/235/989/23_60.png,,T. Sandoval,ATA,23,64,Argentina,/233/892/23_60.png,,F. Domínguez,MD LD LD,24,69,Uruguay,/245/247/23_60.png,,P. Ostachuk,ZAG,22,64,Argentina,/261/112/23_60.png,,J. García,LD,20,65,Argentina,/256/524/23_60.png,,M. González,VOL MC,18,65,Argentina,/267/853/23_60.png,,I. Gariglio,ZAG LD,24,64,Argentina,/259/271/23_60.png,,A. Marinelli,MD ATA ME,23,64,Argentina,/254/586/23_60.png,,J. James,ZAG,21,64,Argentina,/266/808/23_60.png,,M. Esponda,VOL,19,62,Argentina,/271/767/23_60.png,,T. Nuss,MD PD ATA,21,65,Argentina,/254/816/23_60.png,,M. Godoy,MD ME ATA,20,66,Argentina,/258/700/23_60.png,,,,,,,,,G. Tanco,ZAG,22,63,Argentina,/258/071/23_60.png,,T. Escalante,MC,22,65,Argentina,/255/386/23_60.png,,
a,A. Batalla,GOL,26,70,Argentina,/227/186/23_60.png,,L. Langoni,PD ATA,19,69,Argentina,/270/107/23_60.png,,T. Moschión,VOL MC,22,62,Argentina,/246/305/23_60.png,,N. Oroz,MEI PE PD,28,69,Argentina,/223/105/23_60.png,,J. Vallejo,MD ME ATA,18,63,Argentina,/270/872/23_60.png,,S. Castro,ATA PD,17,64,Argentina,/267/861/23_60.png,,L. Boggio,MC MD,23,65,Uruguay,/265/766/23_60.png,,B. Kociubinski,VOL MC ZAG,21,63,Argentina,/263/501/23_60.png,,L. Martínez Dupuy,ATA,21,64,Mexico,/258/081/23_60.png,,F. Flores,ZAG LD,20,64,Argentina,/257/380/23_60.png,,J. Giani,PD PE MEI,23,62,Argentina,/261/261/23_60.png,,M. Di Cesare,ZAG,20,65,Argentina,/260/233/23_60.png,,G. Benavídez,LD LD,26,66,Argentina,/261/081/23_60.png,,,,,,,,,I. Rodríguez,MC,20,63,Argentina,/261/691/23_60.png,,A. Ríos,ATA MEI MC,32,64,Argentina,/181/989/23_60.png,,
a,C. Ferreira,MC MEI,22,69,Argentina,/241/568/23_60.png,,E. Rolón,VOL,27,68,Argentina,/231/212/23_60.png,,,,,,,,,I. Pillud,LD,36,68,Argentina,/193/141/23_60.png,,J. Romero,ATA,18,62,Argentina,/266/663/23_60.png,,N. Romero,LE ME,22,64,Argentina,/247/081/23_60.png,,M. Vera,LD,23,64,Argentina,/255/317/23_60.png,,M. Pellegrino,ATA,20,63,Argentina,/263/229/23_60.png,,L. Ferreyra,ME MEI,20,64,Argentina,/259/486/23_60.png,,N. Blandi,ATA,32,63,Argentina,/200/197/23_60.png,,F. Herrera,GOL,18,61,Argentina,/267/575/23_60.png,,F. Redondo,VOL,19,64,Spain,/269/622/23_60.png,,A. Franco,MC MD,23,66,Ecuador,/246/058/23_60.png,,,,,,,,,E. López,ATA,20,63,Paraguay,/253/556/23_60.png,,F. Versaci,ME MD MEI,20,63,Argentina,/256/525/23_60.png,,
a,A. Fontana,ATA,26,68,Argentina,/225/915/23_60.png,,A. Sández,LE,21,68,Argentina,/263/518/23_60.png,,,,,,,,,M. Tagliamonte,GOL,24,67,Argentina,/238/093/23_60.png,,S. Ortíz,VOL MC,21,61,Argentina,/270/822/23_60.png,,M. Borgogno,GOL,23,64,Argentina,/243/476/23_60.png,,M. Sanabria,ME PE,18,64,Argentina,/267/852/23_60.png,,G. Piñeiro,MC MEI,21,62,Argentina,/269/935/23_60.png,,,,,,,,,G. Luján,ZAG LD,21,63,Argentina,/262/339/23_60.png,,M. Portillo,MC,22,61,Argentina,/269/620/23_60.png,,Y. González,ME PE,20,63,Argentina,/260/125/23_60.png,,J. Blázquez,GOL,21,65,Argentina,/242/073/23_60.png,,,,,,,,,J. Perales,ATA,21,62,Argentina,/267/775/23_60.png,,L. Amadé,GOL,22,61,Argentina,/257/985/23_60.png,,
a,E. López,LD,21,67,Argentina,/252/706/23_60.png,,V. Taborda,ME MEI PE,21,68,Argentina,/263/693/23_60.png,,,,,,,,,J. López,MC VOL MEI,22,66,Argentina,/245/061/23_60.png,,S. Ayala,ATA,20,60,Argentina,/270/875/23_60.png,,F. Díaz,MC,21,64,Argentina,/267/627/23_60.png,,F. Ortellado,ZAG,21,64,Argentina,/268/816/23_60.png,,B. Valdez,LE,20,62,Argentina,/261/083/23_60.png,,,,,,,,,T. Silva,LE LE,19,62,Argentina,/267/795/23_60.png,,G. Balzi,MC,20,61,Argentina,/263/436/23_60.png,,L. Finochietto,GOL,25,63,Argentina,/241/099/23_60.png,,I. Escobar,LE LE,26,65,Argentina,/235/049/23_60.png,,,,,,,,,M. González,MD MEI MC,20,60,Argentina,/258/080/23_60.png,,E. Cannavó,MC,20,60,Argentina,/270/215/23_60.png,,
a,F. Petroli,GOL,24,66,Argentina,/256/407/23_60.png,,G. Maroni,MEI PE,23,68,Argentina,/234/108/23_60.png,,,,,,,,,J. Cáceres,LD LD ZAG,22,66,Argentina,/251/613/23_60.png,,J. D'Angelo,VOL,21,60,Argentina,/269/717/23_60.png,,N. Delgadillo,ME PE,24,64,Argentina,/228/646/23_60.png,,B. Blando,ATA,27,64,Argentina,/270/459/23_60.png,,D. Verón,MC,21,62,Argentina,/259/598/23_60.png,,,,,,,,,A. Hausch,ATA PE,19,61,Argentina,/257/153/23_60.png,,M. Campagnaro,LE,19,60,Argentina,/265/403/23_60.png,,D. Zalazar,ME,20,63,Argentina,/267/625/23_60.png,,J. Esquivel,ATA PE,21,63,Argentina,/264/312/23_60.png,,,,,,,,,J. Eseiza,LE LE,20,60,Argentina,/261/768/23_60.png,,F. Marco,ZAG,19,60,Argentina,/270/216/23_60.png,,
a,T. Galván,MEI MC,22,66,Argentina,/262/240/23_60.png,,R. Giampaoli,ZAG,22,66,Argentina,/262/150/23_60.png,,,,,,,,,T. Banega,MC,23,64,Argentina,/255/462/23_60.png,,,,,,,,,M. Pellegrino,ATA,20,63,Argentina,/263/229/23_60.png,,L. Varaldo,ATA,20,63,Argentina,/263/418/23_60.png,,S. Núñez,ZAG,22,62,Argentina,/269/934/23_60.png,,,,,,,,,F. Perruzzi,VOL,21,61,Argentina,/269/501/23_60.png,,N. Funez,ATA,21,60,Argentina,/265/728/23_60.png,,P. Minissale,ZAG,21,63,Argentina,/261/369/23_60.png,,U. Ortegoza,MEI MC,25,62,Argentina,/269/889/23_60.png,,,,,,,,,,,,,,,,,,,,,,,
a,F. Peña,ZAG VOL,21,66,Argentina,/264/323/23_60.png,,A. Obando,ME,22,65,Argentina,/246/910/23_60.png,,,,,,,,,F. Prado,LE ZAG,21,63,Uruguay,/256/668/23_60.png,,,,,,,,,,,,,,,,L. Besozzi,ME PE MD,19,62,Argentina,/260/562/23_60.png,,B. Orosco,MEI ATA MD,24,61,Argentina,/267/600/23_60.png,,,,,,,,,E. Herrera,LD LD ZAG,19,59,Argentina,/265/822/23_60.png,,,,,,,,,J. Herrera,MD ME,19,62,Argentina,/270/649/23_60.png,,E. Batalla,PD PE,21,61,Colombia,/258/974/23_60.png,,,,,,,,,,,,,,,,,,,,,,,
a,H. López Muñoz,MD ME,21,66,Argentina,/248/231/23_60.png,,N. Valentini,ZAG,21,65,Argentina,/267/681/23_60.png,,,,,,,,,M. Quiroz,VOL MC,20,62,Argentina,/271/749/23_60.png,,,,,,,,,,,,,,,,G. Torres,ATA ME,22,61,Argentina,/260/070/23_60.png,,,,,,,,,,,,,,,,,,,,,,,,,,,,,,L. Ovando,ATA,19,61,Argentina,/264/218/23_60.png,,S. Toloza,MEI MC,19,61,Argentina,/268/581/23_60.png,,,,,,,,,,,,,,,,,,,,,,,
a,T. Lecanda,ZAG LD LD,20,64,Argentina,/256/406/23_60.png,,G. Aranda,ZAG,21,65,Argentina,/263/692/23_60.png,,,,,,,,,R. Fernández,PE ATA,16,60,Argentina,/271/029/23_60.png,,,,,,,,,,,,,,,,,,,,,,,,,,,,,,,,,,,,,,,,,,,,,,,,,,,M. Acosta,GOL,20,60,Argentina,/269/623/23_60.png,,J. Giacone,ATA,18,61,Argentina,/271/836/23_60.png,,,,,,,,,,,,,,,,,,,,,,,
a,T. Castro Ponce,MEI MC MD,21,63,Argentina,/255/924/23_60.png,,O. Salomón,ZAG,23,65,Argentina,/254/228/23_60.png,,,,,,,,,,,,,,,,,,,,,,,,,,,,,,,,,,,,,,,,,,,,,,,,,,,,,,,,,,,,,,,,,,,,,,,,G. Álvez,PD PE ATA,18,61,Argentina,/261/183/23_60.png,,,,,,,,,,,,,,,,,,,,,,,
a,T. Gutierrez,ZAG,22,62,Colombia,/266/246/23_60.png,,L. Brochero,MD MEI PD,23,64,Argentina,/257/549/23_60.png,,,,,,,,,,,,,,,,,,,,,,,,,,,,,,,,,,,,,,,,,,,,,,,,,,,,,,,,,,,,,,,,,,,,,,,,J. Romero,ATA,19,61,Argentina,/256/508/23_60.png,,,,,,,,,,,,,,,,,,,,,,,
a,N. Casasola,VOL,21,62,Argentina,/269/494/23_60.png,,R. Montes,MC,22,62,Argentina,/263/694/23_60.png,,,,,,,,,,,,,,,,,,,,,,,,,,,,,,,,,,,,,,,,,,,,,,,,,,,,,,,,,,,,,,,,,,,,,,,,F. Fragueda,GOL,21,60,Argentina,/247/756/23_60.png,,,,,,,,,,,,,,,,,,,,,,,
a,,,,,,,,G. Vega,MC,20,61,Argentina,/263/696/23_60.png,,,,,,,,,,,,,,,,,,,,,,,,,,,,,,,,,,,,,,,,,,,,,,,,,,,,,,,,,,,,,,,,,,,,,,,,,,,,,,,,,,,,,,,,,,,,,,,,,,,,
a,,,,,,,,A. Lastra,GOL,21,61,Argentina,/263/689/23_60.png,,,,,,,,,,,,,,,,,,,,,,,,,,,,,,,,,,,,,,,,,,,,,,,,,,,,,,,,,,,,,,,,,,,,,,,,,,,,,,,,,,,,,,,,,,,,,,,,,,,,
a,,,,,,,,,,,,,,,,,,,,,,,,,,,,,,,,,,,,,,,,,,,,,,,,,,,,,,,,,,,,,,,,,,,,,,,,,,,,,,,,,,,,,,,,,,,,,,,,,,,,,,,,,,,,,,,,,
a,,,,,,,,,,,,,,,,,,,,,,,,,,,,,,,,,,,,,,,,,,,,,,,,,,,,,,,,,,,,,,,,,,,,,,,,,,,,,,,,,,,,,,,,,,,,,,,,,,,,,,,,,,,,,,,,,
a,,,,,,,,,,,,,,,,,,,,,,,,,,,,,,,,,,,,,,,,,,,,,,,,,,,,,,,,,,,,,,,,,,,,,,,,,,,,,,,,,,,,,,,,,,,,,,,,,,,,,,,,,,,,,,,,,
a,,,,,,,,,,,,,,,,,,,,,,,,,,,,,,,,,,,,,,,,,,,,,,,,,,,,,,,,,,,,,,,,,,,,,,,,,,,,,,,,,,,,,,,,,,,,,,,,,,,,,,,,,,,,,,,,,
a,,,,,,,,,,,,,,,,,,,,,,,,,,,,,,,,,,,,,,,,,,,,,,,,,,,,,,,,,,,,,,,,,,,,,,,,,,,,,,,,,,,,,,,,,,,,,,,,,,,,,,,,,,,,,,,,,
a,,,,,,,,,,,,,,,,,,,,,,,,,,,,,,,,,,,,,,,,,,,,,,,,,,,,,,,,,,,,,,,,,,,,,,,,,,,,,,,,,,,,,,,,,,,,,,,,,,,,,,,,,,,,,,,,,
a,,,,,,,,,,,,,,,,,,,,,,,,,,,,,,,,,,,,,,,,,,,,,,,,,,,,,,,,,,,,,,,,,,,,,,,,,,,,,,,,,,,,,,,,,,,,,,,,,,,,,,,,,,,,,,,,,
a,,,,,,,,,,,,,,,,,,,,,,,,,,,,,,,,,,,,,,,,,,,,,,,,,,,,,,,,,,,,,,,,,,,,,,,,,,,,,,,,,,,,,,,,,,,,,,,,,,,,,,,,,,,,,,,,,
a,,,,,,,,,,,,,,,,,,,,,,,,,,,,,,,,,,,,,,,,,,,,,,,,,,,,,,,,,,,,,,,,,,,,,,,,,,,,,,,,,,,,,,,,,,,,,,,,,,,,,,,,,,,,,,,,,

