a,Sporting Cristal,,,,,,,Alianza Lima,,,,,,,Universitario,,,,,,,Cienciano,,,,,,,Jorge Wilstermann,,,,,,,Melgar,,,,,,,Sport Boys,,,,,,,Bolívar,,,,,,,The Strongest,,,,,,,Always Ready,,,,,,,Independiente Petrolero,,,,,,,Oriente Petrolero,,,,,,,Universitario de Sucre,,,,,,,Blooming,,,,,,,
a,Yoshimar Yotun,MD ME LE,32,75,Peru,wiki/37484.png,,Cristian Benavente,ATA ATA,28,77,Peru,wiki/65432.png,,A. Quintero,PD MD ATA,33,72,Panama,/194/415/22_60.png,,Fernando Guerrero,MEI,32,74,Ecuador,wiki/31246.png,,Serginho,PE ME ATA,36,70,Brazil,/223/553/22_60.png,,C. Cáceda,GOL,29,72,Peru,/234/054/22_60.png,,L. Ramírez,MEI MC,36,68,Peru,/196/433/22_60.png,,Cesar Martins,LD,29,74,Brazil,wiki/68829.png,,H. Vaca,ME PE ATA,23,71,Bolivia,/246/067/22_60.png,,A. Chumacero,MC MD,30,72,Bolivia,/211/338/22_60.png,,Jhasmani Campos,MEI,34,74,Bolivia,wiki/35800.jpg,,Elkin Blanco,MC MD,32,74,Colombia,wiki/36598.png,,Luis Maldonado,VOL ZAG,37,74,Uruguay,wiki/50863.png,,Joselito Vaca,MEI MC,39,74,Bolivia,wiki/32643.png,,
a,Nilson Loyola,LE ME ZAG,27,74,Peru,wiki/90240.png,,Josepmir Ballon,MD MC ZAG,34,74,Peru,wiki/32488.jpg,,A. Corzo,LD LD,32,70,Peru,/196/688/22_60.png,,Lampros Kontogiannis,VOL ZAG,33,72,Mexico,wiki/35081.png,,H. Osorio,ATA,33,69,Colombia,/214/957/22_60.png,,A. Arias,MC VOL,25,70,Peru,/233/571/22_60.png,,R. Cuba,LD LE,29,67,Peru,/226/003/22_60.png,,Alberto Guitian,VOL ZAG,31,74,Spain,wiki/68721.jpg,,M. Prost,ATA,32,70,Argentina,/264/709/22_60.png,,J. Arce,MD MEI ATA,36,71,Bolivia,/175/393/22_60.png,,Jonathan Cristaldo,ATA MEI,33,74,Argentina,wiki/24112.png,,Gualberto Mojica,MEI MC,37,74,Bolivia,wiki/21889.png,,Ronald Gallegos,MEI MC,39,71,Bolivia,wiki/61281_1350806401.jpg,,Ricardo Pedriel,ATA,35,74,Bolivia,wiki/37859.png,,
a,Omar Merlo,ZAG,36,74,Argentina,wiki/32354.png,,Pablo Miguez,MC MD,35,74,Uruguay,wiki/33460.jpg,,H. Novick,MEI ATA PD,32,69,Uruguay,/253/234/22_60.png,,Hansell Riojas,LD,30,70,Peru,wiki/55827.png,,A. Chávez,ATA,30,69,Argentina,/223/066/22_60.png,,H. Orzán,MC VOL LE,33,69,Argentina,/215/074/22_60.png,,P. Álvarez,GOL,27,67,Peru,/250/841/22_60.png,,Álex Granell,MC MEI MD,33,74,Spain,wiki/64474.png,,G. Esparza,ME,28,70,Argentina,/222/315/22_60.png,,G. Cristaldo,MEI MD PE,32,70,Paraguay,/221/318/22_60.png,,Victor Melgar,LD MEI ZAG,34,72,Bolivia,wiki/61325.jpg,,Maximiliano Caire,MD MD ZAG,33,72,Argentina,wiki/43561.png,,Leonel Morales,LE,34,71,Bolivia,wiki/83283.png,,Abraham Cabrera,MD LE LE,31,72,Bolivia,wiki/69178.jpg,,
a,Horacio Calcaterra,MC MEI MD,33,74,Peru,wiki/52965.png,,Jefferson Farfan,ATA ATA,37,74,Peru,wiki/3205.png,,A. Valera,ATA,25,69,Peru,/259/251/22_60.png,,Koichi Aparicio,ZAG,29,70,Peru,wiki/61950.jpg,,C. Chávez,MEI ME,35,69,Argentina,/184/890/22_60.png,,B. Cuesta,ATA,32,68,Argentina,/237/031/22_60.png,,J. Chávez,MEI ATA,35,67,Peru,/265/448/22_60.png,,Álvaro Rey,MEI MC,32,72,Spain,wiki/46990.png,,R. Amaral,MEI MC,24,70,Uruguay,/241/115/22_60.png,,M. Enoumba,ZAG VOL LD,28,69,Bolivia,/254/443/22_60.png,,Harold Reina,ATA,31,71,Colombia,wiki/61190.png,,Juan Mercado,MD MC ZAG,25,70,Bolivia,wiki/missing_player.jpg,,Lopes Jefferson,ZAG,33,70,Brazil,wiki/61274_1350806401.jpg,,Jefferson da Silva,ATA,32,72,Brazil,wiki/missing_player.jpg,,
a,Christofer Gonzales,MEI MC,29,74,Peru,wiki/56383.jpg,,Oslimg Mora,MEI MC,23,72,Peru,wiki/100478.png,,J. Carvallo,GOL,35,68,Peru,/186/655/22_60.png,,Luciano Recalde,ZAG,26,70,Argentina,wiki/115359.png,,R. Ballivián,PD LD,29,68,Bolivia,/228/741/22_60.png,,C. Bordacahar,PD ATA MD,29,68,Argentina,/219/575/22_60.png,,A. Blanco,ATA,33,67,Argentina,/254/071/22_60.png,,Diego Bejarano,MD MC LD,30,72,Bolivia,wiki/61188.png,,J. Reinoso,ATA,36,69,Colombia,/214/567/22_60.png,,N. Cabrera,ZAG LD,38,68,Bolivia,/176/472/22_60.png,,Rodrigo Vargas,ATA MEI,32,71,Bolivia,wiki/61387.jpg,,Miguel Angel Rios,MC,29,70,Bolivia,wiki/missing_player.jpg,,Luis Melgar,ATA,39,70,Bolivia,wiki/55689_1349319791.jpg,,Cristian Arano,MC MEI MD,27,71,Bolivia,wiki/missing_player.jpg,,
a,Alejandro Hohberg,PE MEI,30,74,Peru,wiki/57445.png,,Jose Manzaneda,MEI MC,27,72,Peru,wiki/79891.png,,F. Alonso,ZAG,30,67,Uruguay,/259/607/22_60.png,,Facundo Curuchet,ATA MEI,32,70,Argentina,wiki/45784.png,,M. Villarroel,MC VOL,22,68,Bolivia,/253/617/22_60.png,,L. Iberico,PE ME ATA,23,67,Peru,/254/220/22_60.png,,E. Renteria,ZAG VOL,27,67,Colombia,/221/703/22_60.png,,Ruben Cordano,GOL,23,71,Bolivia,wiki/92332.png,,O. Ribera,LD ZAG,29,69,Bolivia,/246/066/22_60.png,,E. Blanco,VOL MC,31,68,Colombia,/214/545/22_60.png,,Álex Arancibia,GOL,32,70,Bolivia,wiki/55356_1350807891.jpg,,Alexis Ribera,MEI,26,70,Bolivia,wiki/missing_player.jpg,,Vladimir Castellon,ATA MEI,32,70,Bolivia,wiki/61373.png,,Erwin Sanchez,MC MEI MD,29,70,Bolivia,wiki/missing_player.jpg,,
a,Írven Avila,ATA ATA,31,74,Peru,wiki/33336.png,,Hernan Barcos,ATA,38,72,Argentina,wiki/26097.png,,J. Villamarín,ATA MD PD,29,67,Peru,/259/949/22_60.png,,Danilo Carando,ATA,33,69,Argentina,wiki/44655.png,,Robson,LD ZAG,28,67,Brazil,/259/835/22_60.png,,L. Galeano,ZAG,29,67,Argentina,/212/208/22_60.png,,J. Bolívar,LE ME,21,66,Peru,/265/446/22_60.png,,Leonel Justiniano,MC MD,29,71,Bolivia,wiki/61245.jpg,,Rafinha,MEI ATA,28,69,Brazil,/212/764/22_60.png,,M. Riquelme,ATA PE,32,67,Argentina,/224/137/22_60.png,,Alejandro Bejarano,MEI,38,70,Bolivia,wiki/61278_1350806402.jpg,,Hugo Dorrego,MC MEI MD,29,70,Uruguay,wiki/75555.png,,Ricardo Verduguez,MD LE ZAG,32,70,Bolivia,wiki/34925_1240439587.jpg,,Alan Farell,MEI MC,26,70,Bolivia,wiki/missing_player.jpg,,
a,Gianfranco Chavez,LD,23,72,Peru,wiki/93104.png,,Ricardo Lagos,MD LE ZAG,26,72,Peru,wiki/missing_player.jpg,,N. Quina,LE ZAG LD,34,67,Peru,/241/745/22_60.png,,Aldair Perleche,ZAG,27,68,Peru,wiki/missing_player.jpg,,J. Sanguinetti,MEI ATA MD,30,67,Argentina,/218/848/22_60.png,,J. Sánchez,MEI ME,32,67,Peru,/196/853/22_60.png,,T. Carranza,MC VOL,29,66,Peru,/259/774/22_60.png,,Jose Sagredo,MD ME LE,28,71,Bolivia,wiki/90256.png,,F. Saucedo,MC MEI,31,68,Bolivia,/233/569/22_60.png,,J. Borja,MEI ME,27,67,Ecuador,/254/340/22_60.png,,Gustavo Pinedo,ATA MEI,33,70,Bolivia,wiki/30004_1253918489.jpg,,Leandro Zazpe,MD LE LE,28,70,Uruguay,wiki/72842.png,,Carlos Vargas,ATA,35,69,Bolivia,wiki/39629.jpg,,Jose Peñarrieta,GOL,33,70,Bolivia,wiki/61249.jpg,,
a,Johan Madrid,ZAG,25,72,Peru,wiki/17640.png,,Jairo Concha,MC MEI MD,23,72,Peru,wiki/95935.png,,A. Alfageme,VOL MC,30,67,Peru,/234/179/22_60.png,,Luis Álvarez,MC MD,32,67,Peru,wiki/55829.png,,E. Rodríguez,LD ZAG,36,66,Bolivia,/196/887/22_60.png,,M. Pérez Guedes,MD ME MC,29,66,Argentina,/211/274/22_60.png,,D. Saffadi,ATA,23,66,Peru,/265/591/22_60.png,,Francisco da Costa,ATA,27,71,Brazil,wiki/104102.png,,D. Wayar,VOL MC,27,68,Bolivia,/236/242/22_60.png,,D. Valda,LD MD,24,67,Bolivia,/264/712/22_60.png,,Janeiler Rivas,ZAG,34,70,Colombia,wiki/63008.png,,Hector Sanchez,MEI MC,25,70,Bolivia,wiki/missing_player.jpg,,Dustin Maldonado,LE,32,69,Bolivia,wiki/61317.jpg,,Christian Latorre,MD MC ZAG,35,70,Uruguay,wiki/50597.jpg,,
a,Jhilmar Lora,LD ZAG,21,72,Peru,wiki/111514.png,,Arley Rodriguez,ATA ATA,29,72,Colombia,wiki/79912.png,,I. Santillán,LE LE ME,30,67,Peru,/226/005/22_60.png,,Miguel Vargas,GOL,26,67,Chile,wiki/84918.jpg,,E. Pérez,MD PD,28,66,Bolivia,/253/547/22_60.png,,J. Archimbaud,VOL,26,66,Peru,/254/373/22_60.png,,J. Barco,MC VOL,24,66,Peru,/253/825/22_60.png,,Pato Rodriguez,MEI,32,70,Argentina,wiki/32323.jpg,,A. Jusino,ZAG VOL,28,67,Bolivia,/247/884/22_60.png,,J. Flores,LE ME,27,67,Bolivia,/231/335/22_60.png,,Luis Ali,ATA MEI,28,70,Bolivia,wiki/62907.png,,Wilson Quiñonez,GOL,33,68,Paraguay,wiki/63298.jpg,,Carlos Mendoza,LE,29,69,Bolivia,wiki/missing_player.jpg,,Nahuel Iribarren,ZAG,34,69,Argentina,wiki/100834.png,,
a,Washington Corozo,PE ATA,23,72,Ecuador,wiki/51635.png,,Édgar Benitez,ATA ATA,34,72,Paraguay,wiki/13749.jpg,,R. Guarderas,VOL MC,27,67,Peru,/253/810/22_60.png,,Adrian Ugarriza,ATA ATA,25,66,Peru,wiki/93597.png,,F. Rodríguez,LE,26,66,Bolivia,/254/409/22_60.png,,A. Ramos,LD,22,66,Peru,/260/204/22_60.png,,M. Palomino,MC MEI VOL,27,66,Peru,/265/590/22_60.png,,Carlos Melgar,MEI MC,27,70,Bolivia,wiki/missing_player.jpg,,Y. Calleros,VOL MC ZAG,23,66,Uruguay,/254/066/22_60.png,,R. Ramallo,PE ME ATA,30,67,Bolivia,/220/545/22_60.png,,Yesit Martinez,MC,20,69,Bolivia,wiki/missing_player.jpg,,Luciano Guaycochea,MC MD,30,68,Argentina,wiki/70080.png,,Yhon Villegas,LD,26,68,Bolivia,wiki/missing_player.jpg,,Jose Vargas,MC VOL,30,69,Bolivia,wiki/missing_player.jpg,,
a,Martin Tavara,MC MD,23,72,Peru,wiki/37454.png,,Aldair Fuentes,MD MC ZAG,24,71,Peru,wiki/90724.png,,R. Villamarín,LD MD,24,67,Peru,/242/398/22_60.png,,Erick Perleche,LD MC ZAG,21,65,Peru,wiki/missing_player.jpg,,R. Castro,VOL MC,31,66,Bolivia,/225/708/22_60.png,,J. Vidales,PD MD,29,65,Peru,/224/983/22_60.png,,C. Flórez,LE ZAG,26,66,Colombia,/219/861/22_60.png,,Bruno Miranda,ATA,24,69,Bolivia,wiki/89944.png,,G. Castillo,ZAG,30,66,Uruguay,/253/807/22_60.png,,A. Giménez,GOL,34,66,Paraguay,/214/761/22_60.png,,Jennry Alaca,LE,35,69,Bolivia,wiki/61388_1350807930.jpg,,Daniel Rojas,MC MD,22,68,Bolivia,wiki/missing_player.jpg,,Diego Zamora,GOL,28,68,Bolivia,wiki/missing_player.jpg,,Marco Vaca,GOL,32,69,Bolivia,wiki/missing_player.jpg,,
a,Alejandro Duarte,GOL,28,72,Peru,wiki/93737.png,,Wilmer Aguirre,ATA MEI,39,71,Peru,wiki/19027.png,,A. Succar,ATA PD,25,66,Peru,/242/486/22_60.png,,Ayrthon Quintana,MD LE ZAG,21,65,Peru,wiki/missing_player.jpg,,S. Echeverría,ZAG LD,31,66,Argentina,/226/447/22_60.png,,K. Quevedo,PD PE,24,65,Peru,/253/549/22_60.png,,L. Nieto,MEI,30,66,Argentina,/228/571/22_60.png,,Bruno Savio,ATA,27,69,Brazil,wiki/86970.jpg,,J. Gutíerrez,GOL,24,66,Bolivia,/253/637/22_60.png,,E. Rivera,MC VOL,31,66,Bolivia,/260/647/22_60.png,,Francisco Silva,ZAG,31,69,Paraguay,wiki/44996.jpg,,Ruben Carballo,ZAG,31,68,Bolivia,wiki/61307_1350807979.jpg,,Miguel Bengolea,ATA ATA,21,68,Bolivia,wiki/91076.png,,Richard Spenhay,MC MD,24,69,Bolivia,wiki/missing_player.jpg,,
a,Jesus Castillo,MC MD,21,70,Peru,wiki/missing_player.jpg,,Aldair Rodriguez,ATA MEI,27,70,Peru,wiki/66627.png,,L. Urruti,PE PD,28,66,Uruguay,/254/626/22_60.png,,Edison Kuncho,PE ATA,26,65,Peru,wiki/missing_player.jpg,,C. Machado,VOL MC,31,65,Bolivia,/234/372/22_60.png,,A. Deneumostier,ZAG,22,65,Peru,/254/176/22_60.png,,C. Torrejón,VOL ZAG,28,66,United States,/265/447/22_60.png,,Hernan Rodriguez,MC MD,26,68,Bolivia,wiki/95715.png,,L. Ursino,MEI PD MC,32,66,Argentina,/259/961/22_60.png,,A. Rambal,ZAG LD,28,65,Colombia,/218/731/22_60.png,,Luis Acuña,MEI MC,33,69,Argentina,wiki/59705.jpg,,Francisco Rodriguez,MD ME LE,27,68,Bolivia,wiki/missing_player.jpg,,Juan Rios,ZAG,34,68,Colombia,wiki/61220_1351038268.jpg,,Robert Cueto,MD LD ZAG,23,68,Bolivia,wiki/missing_player.jpg,,
a,Fernando Pacheco,ATA MEI,22,70,Peru,wiki/95574.png,,Jefferson Portales,ZAG,24,70,Peru,wiki/95570.png,,B. Velarde,ZAG,22,66,Peru,/253/786/22_60.png,,Kevin Sandoval,MEI,25,65,Peru,wiki/missing_player.jpg,,R. Vargas,ATA PE,26,65,Bolivia,/226/044/22_60.png,,P. Reyna,LE ME,19,65,Peru,/254/204/22_60.png,,J. Alarcón,PE ME MC,18,65,Peru,/265/445/22_60.png,,Roberto Fernandez,MD LE ZAG,22,68,Bolivia,wiki/missing_player.jpg,,J. Cascini,VOL MC MEI,24,65,Argentina,/232/712/22_60.png,,G. Torres,MD PD,25,65,Colombia,/239/787/22_60.png,,Mijail Aviles,VOL,35,69,Venezuela,wiki/62086.jpg,,Juan Carlos Montenegro,ATA ATA,25,68,Bolivia,wiki/missing_player.jpg,,Eduardo Bastos,LE,33,68,Brazil,wiki/61279.jpg,,Julio Cesar Perez,LE ZAG,30,68,Bolivia,wiki/missing_player.jpg,,
a,Renato Solis,GOL,24,70,Peru,wiki/96685.png,,Ángelo Campos,GOL,29,70,Peru,wiki/95166.png,,N. Cabanillas,PD MEI LE,20,65,Peru,/253/902/22_60.png,,Oshiro Takeuchi,ATA MEI,27,65,Peru,wiki/missing_player.jpg,,C. Áñez,LD MD,25,65,Bolivia,/246/407/22_60.png,,F. Oncoy,VOL MC,20,64,Peru,/260/202/22_60.png,,L. Garro,LD MD,24,65,Peru,/265/740/22_60.png,,Victor Ábrego,ATA MEI,25,68,Bolivia,wiki/missing_player.jpg,,E. Triverio,ATA,32,65,Argentina,/217/201/22_60.png,,J. Meza,PD ATA,30,65,Venezuela,/266/574/22_60.png,,Martin Chiatti,ZAG,29,68,Argentina,wiki/missing_player.jpg,,Facundo Suarez,ATA,27,67,Argentina,wiki/missing_player.jpg,,Eber Caicedo,MEI,31,68,Ecuador,wiki/66349.jpg,,Fernando Arismendi,PE ATA,31,68,Uruguay,wiki/63962.png,,
a,Cristopher Olivares,ATA PD,23,68,Peru,wiki/93213.png,,Pablo Lavandeira,MEI MC,32,70,Uruguay,wiki/52699.png,,J. Murrugarra,VOL MC,24,65,Peru,/259/941/22_60.png,,Mathias Carpio,MEI,19,64,Peru,wiki/missing_player.jpg,,L. Cárdenas,GOL,30,64,Bolivia,/255/428/22_60.png,,P. Ibáñez,LD ZAG,20,64,Peru,/255/995/22_60.png,,E. Uribe,VOL ZAG,35,65,Peru,/267/944/22_60.png,,Javier Rojas,GOL,26,67,Bolivia,wiki/missing_player.jpg,,J. Arrascaita,ME,27,65,Bolivia,/220/544/22_60.png,,S. Adrián,LE ZAG MC,25,65,Bolivia,/254/357/22_60.png,,Diago Gimenez,ZAG,25,68,Argentina,wiki/missing_player.jpg,,Luis Salces,PE ATA,27,67,Argentina,wiki/77426.jpg,,Bruno Pascua,MEI MC,32,68,Spain,wiki/missing_player.jpg,,Santos Navarro,ATA MEI,31,68,Bolivia,wiki/missing_player.jpg,,
a,Percy Liza,ATA PD,22,68,Peru,wiki/missing_player.jpg,,Yordi Vilchez,ZAG,27,70,Peru,wiki/missing_player.jpg,,G. Barreto,MEI VOL MC,25,65,Peru,/253/772/22_60.png,,Jose Racchumick,ZAG,20,62,Peru,wiki/missing_player.jpg,,M. Ortiz,ZAG VOL,31,64,Bolivia,/241/404/22_60.png,,R. Farro,GOL,36,63,Peru,/254/401/22_60.png,,M. Guevgeozián,ATA,35,65,Armenia,/232/657/22_60.png,,Imanol Cardenas,MEI MEI MD,22,66,Bolivia,wiki/missing_player.jpg,,L. Demiquel,LD,21,65,Bolivia,/253/538/22_60.png,,G. Añasgo,LE ME,24,64,Argentina,/266/233/22_60.png,,Carlos Florenciañez,MEI MC,28,67,Paraguay,wiki/50867_1310496266.jpg,,Wilfredo Soleto,ZAG,26,67,Bolivia,wiki/missing_player.jpg,,Jorge Lovera,MEI MC,25,68,Bolivia,wiki/missing_player.jpg,,Julio Herrera,LD MC ZAG,23,67,Bolivia,wiki/missing_player.jpg,,
a,Jhon Marchan,MEI,23,68,Venezuela,wiki/missing_player.jpg,,Fabio Rojas,LD LD,22,68,Peru,wiki/missing_player.jpg,,A. Barco,VOL MC,19,64,Peru,/265/725/22_60.png,,Juniors Barbieri,GOL,26,62,Peru,wiki/96005.png,,A. Fernández,PE ME LE,25,64,Bolivia,/260/937/22_60.png,,J. Luján,ZAG,24,62,Peru,/260/203/22_60.png,,V. Bazán,ATA,23,65,Peru,/267/943/22_60.png,,Kevin Salvatierra,PE ATA,20,65,Bolivia,wiki/missing_player.jpg,,S. Torres,LD LD,31,65,Bolivia,/247/883/22_60.png,,M. Cortés,MD ME,24,64,Colombia,/236/297/22_60.png,,Joel Bejarano,MC MD,26,66,Bolivia,wiki/missing_player.jpg,,Sebastian Álvarez,ZAG,20,65,Bolivia,wiki/missing_player.jpg,,Sergio Rios,GOL,36,67,Bolivia,wiki/61270.jpg,,Edward Vaca,MEI MC,22,65,Bolivia,wiki/missing_player.jpg,,
a,Jesus Pretell,MC MD,23,68,Peru,wiki/95599.png,,Oswaldo Valenzuela,MC MD,21,67,Peru,wiki/missing_player.jpg,,J. Zevallos,LD,22,63,Peru,/253/874/22_60.png,,Sharif Ramirez,MEI,19,57,Peru,wiki/missing_player.jpg,,C. Menacho,MD,21,64,Bolivia,/254/065/22_60.png,,N. Figueroa,ATA,19,62,Peru,/265/683/22_60.png,,R. Revoredo,ZAG LD,35,65,Peru,/204/537/22_60.png,,Javier Uzeda,PE ATA,19,62,Bolivia,wiki/missing_player.jpg,,J. Aponte,LE LE,29,65,Bolivia,/253/640/22_60.png,,C. Árabe,MC MD,29,64,Bolivia,/254/383/22_60.png,,Emerson Velasquez,ZAG,23,65,Bolivia,wiki/missing_player.jpg,,Marcelo Suarez,ZAG,20,62,Bolivia,wiki/missing_player.jpg,,Manuel Valda,GOL,26,66,Bolivia,wiki/missing_player.jpg,,Braulio Uraezaña,GOL,27,65,Bolivia,wiki/missing_player.jpg,,
a,Joao Grimaldo,MEI,19,67,Peru,wiki/missing_player.jpg,,Carlos Montoya,ZAG,20,67,Peru,wiki/missing_player.jpg,,P. Quispe,MEI MC,19,63,Peru,/267/794/22_60.png,,Luiggi Villafuerte,MEI MC,22,52,Peru,wiki/missing_player.jpg,,J. Escobar,GOL,33,64,Colombia,/214/571/22_60.png,,J. Cáceres,PD MD,18,62,Peru,/258/297/22_60.png,,P. Vivanco,VOL MC,21,63,Peru,/248/566/22_60.png,,Gabriel Villamil,MC MD,20,62,Bolivia,wiki/missing_player.jpg,,I. Benegas,ZAG,33,64,Paraguay,/218/192/22_60.png,,A. Martínez,ZAG,27,64,Venezuela,/255/123/22_60.png,,Juan Pablo Rioja,LD,34,65,Bolivia,wiki/missing_player.jpg,,Carlos Roca,LE ZAG,25,60,Bolivia,wiki/missing_player.jpg,,Rai Lima,MEI,22,65,Bolivia,wiki/missing_player.jpg,,Juan Ferrufino,ATA MEI,21,64,Bolivia,wiki/missing_player.jpg,,
a,Diego Soto,MEI,20,65,Peru,wiki/missing_player.jpg,,Áxel Moyano,MC,21,65,Peru,wiki/missing_player.jpg,,Á. Cayetano,VOL MC ZAG,30,63,Uruguay,/259/685/22_60.png,,,,,,,,,R. Montero,ZAG,30,64,Bolivia,/253/583/22_60.png,,M. Lazo,ZAG LD,17,61,Peru,/259/542/22_60.png,,J. Lobatón,PE ME,23,63,Peru,/259/616/22_60.png,,Sebastian Melgar,ATA ATA,20,62,Bolivia,wiki/97485.png,,J. Careaga,GOL,24,64,Bolivia,/254/195/22_60.png,,D. Ortega,ATA,26,63,Bolivia,/267/639/22_60.png,,William Velasco,MEI MC,22,65,Bolivia,wiki/missing_player.jpg,,Ferddy Roca,ATA MEI,22,59,Bolivia,wiki/missing_player.jpg,,Walter Veizaga,MC,33,65,Bolivia,wiki/61191.jpg,,Samuel Garzon,ATA MEI,23,64,Bolivia,wiki/missing_player.jpg,,
a,Emile Franco,GOL,21,65,Peru,wiki/missing_player.jpg,,Jose Gallardo,MD MC PD ZAG,21,65,Peru,wiki/missing_player.jpg,,T. Cantoro,ATA,20,62,Argentina,/255/065/22_60.png,,,,,,,,,R. Morales,VOL MC,27,63,Argentina,/261/402/22_60.png,,W. Tandazo,MC,21,61,Peru,/254/188/22_60.png,,J. Huerto,LE,22,62,Peru,/259/831/22_60.png,,Yomar Rocha,MD LE ZAG,19,55,Bolivia,wiki/missing_player.jpg,,G. Viscarra,GOL,28,64,Bolivia,/236/241/22_60.png,,J. Mamani,VOL MC,20,63,Bolivia,/255/491/22_60.png,,Leonel Buter,ATA,29,65,Argentina,wiki/74170.png,,Jose Briceño,ATA,20,59,Bolivia,wiki/missing_player.jpg,,William Ferreira,ATA,39,65,Uruguay,wiki/24306.png,,Pablo Lujan,MD LE ZAG,19,62,Bolivia,wiki/missing_player.jpg,,
a,Benjamin Villalta,LD,21,65,Peru,wiki/missing_player.jpg,,Darlin Leiton,PE ATA,21,65,Ecuador,wiki/missing_player.jpg,,D. Romero,GOL,19,61,Peru,/259/606/22_60.png,,,,,,,,,B. Poveda,GOL,17,63,Bolivia,/269/137/22_60.png,,J. Cabezudo,GOL,19,58,Peru,/255/989/22_60.png,,G. Gambetta,GOL,22,61,Peru,/265/471/22_60.png,,Miguel Villarroel,MC MD,19,55,Bolivia,wiki/missing_player.jpg,,J. Chura,PD MD,19,62,Bolivia,/259/619/22_60.png,,E. Taborga,LE ME,19,61,Bolivia,/268/456/22_60.png,,Alejandro Medina,PE MC,25,64,Bolivia,wiki/missing_player.jpg,,Jan Mateo,ATA,19,55,Porto Rico,wiki/missing_player.jpg,,,,,,,,,Lucas Bolivia,ZAG,24,62,Bolivia,wiki/90300.png,,
a,Cristian Carbajal,LE,22,65,Peru,wiki/missing_player.jpg,,Óscar Pinto,PE ATA,20,65,Peru,wiki/111563.png,,P. Guzmán,ZAG,21,61,Peru,/267/393/22_60.png,,,,,,,,,R. Gareca,MD,19,62,Bolivia,/267/985/22_60.png,,D. Rodríguez,LD,19,58,Peru,/255/993/22_60.png,,B. Aburto,ATA,19,61,Peru,/268/595/22_60.png,,,,,,,,,R. Gómez,VOL MC,20,62,Bolivia,/253/612/22_60.png,,P. Vaca,PD LD,19,61,Bolivia,/264/533/22_60.png,,Roberto Flores,MD LD ZAG,21,64,Bolivia,wiki/missing_player.jpg,,,,,,,,,,,,,,,,Ervin Montero,ZAG,21,59,Bolivia,wiki/missing_player.jpg,,
a,Matias Cordova,GOL,20,57,Peru,wiki/missing_player.jpg,,Miguel Cornejo,MEI MC,22,65,Peru,wiki/missing_player.jpg,,J. Rugel,ZAG LD,20,60,Peru,/259/828/22_60.png,,,,,,,,,J. Vargas,VOL MC,25,62,Bolivia,/247/886/22_60.png,,B. Portugal,ATA,18,58,Peru,/268/568/22_60.png,,I. Quispe,GOL,21,61,Peru,/265/828/22_60.png,,,,,,,,,J. Villamil,LE,28,62,Bolivia,/259/617/22_60.png,,D. Medina,LD,19,61,Bolivia,/261/474/22_60.png,,Robin Ramirez,ATA,32,62,Paraguay,wiki/45004.jpg,,,,,,,,,,,,,,,,Jorge Orozco,ATA,22,59,Bolivia,wiki/missing_player.jpg,,
a,Aldair Vasquez,MC,19,57,Peru,wiki/missing_player.jpg,,Mauricio Matzuda,MEI,22,60,Peru,wiki/missing_player.jpg,,J. Calderón,GOL,23,60,Peru,/253/837/22_60.png,,,,,,,,,E. Olivares,LE,18,61,Bolivia,/261/555/22_60.png,,K. Cabrera,MC,17,57,Peru,/259/543/22_60.png,,X. Moreno,MC,17,58,Peru,/267/949/22_60.png,,,,,,,,,D. Camacho,MC VOL,22,61,Bolivia,/261/185/22_60.png,,L. Claros,GOL,23,61,Bolivia,/254/396/22_60.png,,Alexis Medina,PD MEI,26,57,Argentina,wiki/missing_player.jpg,,,,,,,,,,,,,,,,Rodrigo Orihuela,MC,18,58,Bolivia,wiki/missing_player.jpg,,
a,Flavio Alcedo,ZAG,19,57,Peru,wiki/missing_player.jpg,,Sebastian Cavero,MD LE MEI ZAG,20,59,Peru,wiki/missing_player.jpg,,C. Flores,VOL MC,20,60,Peru,/264/571/22_60.png,,,,,,,,,J. Herrera,ATA,19,60,Bolivia,/267/452/22_60.png,,R. Bettocchi,GOL,19,57,Peru,/255/991/22_60.png,,M. Pacheco,MC VOL,20,58,Peru,/268/594/22_60.png,,,,,,,,,G. Sotomayor,PE ME PD,21,61,Bolivia,/253/656/22_60.png,,L. Galarza,GOL,20,61,Paraguay,/266/353/22_60.png,,Tobias Moriceau,LE ZAG,25,57,Argentina,wiki/missing_player.jpg,,,,,,,,,,,,,,,,Saul Severiche,LD,20,57,Bolivia,wiki/missing_player.jpg,,
a,Marlon Perea,ATA,19,52,Peru,wiki/missing_player.jpg,,Franco Saravia,GOL,23,59,Peru,wiki/missing_player.jpg,,G. Larios,PD PE ATA,19,60,Peru,/264/638/22_60.png,,,,,,,,,L. Rodríguez,LE,18,59,Bolivia,/264/673/22_60.png,,,,,,,,,A. García,MEI ATA,18,58,Peru,/268/596/22_60.png,,,,,,,,,J. Flores,PD MD,17,57,Bolivia,/264/570/22_60.png,,J. Martínes,ME PE,18,60,Bolivia,/255/671/22_60.png,,Christian Choque,LD ZAG,20,57,Bolivia,wiki/missing_player.jpg,,,,,,,,,,,,,,,,,,,,,,,
a,,,,,,,,Enzo Borletti,MC,18,57,Peru,wiki/missing_player.jpg,,J. Tandazo,MD PD,17,58,Peru,/267/798/22_60.png,,,,,,,,,M. Colque,ZAG LD,18,59,Bolivia,/266/354/22_60.png,,,,,,,,,,,,,,,,,,,,,,,,,,,,,,S. Claure,MD,21,59,Bolivia,/255/670/22_60.png,,Matias Romero,ATA MEI,20,57,Bolivia,wiki/missing_player.jpg,,,,,,,,,,,,,,,,,,,,,,,
a,,,,,,,,Juan Goicochea,ATA,17,57,Peru,wiki/missing_player.jpg,,,,,,,,,,,,,,,,,,,,,,,,,,,,,,,,,,,,,,,,,,,,,,,,,,,,,,,,,,,,,,,,,,,,,,,,,,,,,,,,,,,,,,
a,,,,,,,,Jhoao Velasquez,MC,16,57,Peru,wiki/missing_player.jpg,,,,,,,,,,,,,,,,,,,,,,,,,,,,,,,,,,,,,,,,,,,,,,,,,,,,,,,,,,,,,,,,,,,,,,,,,,,,,,,,,,,,,,
a,,,,,,,,Jorge del Castillo,MEI,17,57,Peru,wiki/missing_player.jpg,,,,,,,,,,,,,,,,,,,,,,,,,,,,,,,,,,,,,,,,,,,,,,,,,,,,,,,,,,,,,,,,,,,,,,,,,,,,,,,,,,,,,,
a,,,,,,,,Luis Navea,MEI MC,19,57,Peru,wiki/missing_player.jpg,,,,,,,,,,,,,,,,,,,,,,,,,,,,,,,,,,,,,,,,,,,,,,,,,,,,,,,,,,,,,,,,,,,,,,,,,,,,,,,,,,,,,,
a,,,,,,,,,,,,,,,,,,,,,,,,,,,,,,,,,,,,,,,,,,,,,,,,,,,,,,,,,,,,,,,,,,,,,,,,,,,,,,,,,,,,,,,,,,,,,,,,,,,
a,,,,,,,,,,,,,,,,,,,,,,,,,,,,,,,,,,,,,,,,,,,,,,,,,,,,,,,,,,,,,,,,,,,,,,,,,,,,,,,,,,,,,,,,,,,,,,,,,,,
a,,,,,,,,,,,,,,,,,,,,,,,,,,,,,,,,,,,,,,,,,,,,,,,,,,,,,,,,,,,,,,,,,,,,,,,,,,,,,,,,,,,,,,,,,,,,,,,,,,,
a,,,,,,,,,,,,,,,,,,,,,,,,,,,,,,,,,,,,,,,,,,,,,,,,,,,,,,,,,,,,,,,,,,,,,,,,,,,,,,,,,,,,,,,,,,,,,,,,,,,
a,,,,,,,,,,,,,,,,,,,,,,,,,,,,,,,,,,,,,,,,,,,,,,,,,,,,,,,,,,,,,,,,,,,,,,,,,,,,,,,,,,,,,,,,,,,,,,,,,,,
a,,,,,,,,,,,,,,,,,,,,,,,,,,,,,,,,,,,,,,,,,,,,,,,,,,,,,,,,,,,,,,,,,,,,,,,,,,,,,,,,,,,,,,,,,,,,,,,,,,,
a,,,,,,,,,,,,,,,,,,,,,,,,,,,,,,,,,,,,,,,,,,,,,,,,,,,,,,,,,,,,,,,,,,,,,,,,,,,,,,,,,,,,,,,,,,,,,,,,,,,
a,,,,,,,,,,,,,,,,,,,,,,,,,,,,,,,,,,,,,,,,,,,,,,,,,,,,,,,,,,,,,,,,,,,,,,,,,,,,,,,,,,,,,,,,,,,,,,,,,,,
a,,,,,,,,,,,,,,,,,,,,,,,,,,,,,,,,,,,,,,,,,,,,,,,,,,,,,,,,,,,,,,,,,,,,,,,,,,,,,,,,,,,,,,,,,,,,,,,,,,,
a,,,,,,,,,,,,,,,,,,,,,,,,,,,,,,,,,,,,,,,,,,,,,,,,,,,,,,,,,,,,,,,,,,,,,,,,,,,,,,,,,,,,,,,,,,,,,,,,,,,
a,,,,,,,,,,,,,,,,,,,,,,,,,,,,,,,,,,,,,,,,,,,,,,,,,,,,,,,,,,,,,,,,,,,,,,,,,,,,,,,,,,,,,,,,,,,,,,,,,,,
a,,,,,,,,,,,,,,,,,,,,,,,,,,,,,,,,,,,,,,,,,,,,,,,,,,,,,,,,,,,,,,,,,,,,,,,,,,,,,,,,,,,,,,,,,,,,,,,,,,,
a,,,,,,,,,,,,,,,,,,,,,,,,,,,,,,,,,,,,,,,,,,,,,,,,,,,,,,,,,,,,,,,,,,,,,,,,,,,,,,,,,,,,,,,,,,,,,,,,,,,
a,,,,,,,,,,,,,,,,,,,,,,,,,,,,,,,,,,,,,,,,,,,,,,,,,,,,,,,,,,,,,,,,,,,,,,,,,,,,,,,,,,,,,,,,,,,,,,,,,,,
a,,,,,,,,,,,,,,,,,,,,,,,,,,,,,,,,,,,,,,,,,,,,,,,,,,,,,,,,,,,,,,,,,,,,,,,,,,,,,,,,,,,,,,,,,,,,,,,,,,,
a,,,,,,,,,,,,,,,,,,,,,,,,,,,,,,,,,,,,,,,,,,,,,,,,,,,,,,,,,,,,,,,,,,,,,,,,,,,,,,,,,,,,,,,,,,,,,,,,,,,

