a,Seattle Sounders,,,,,,,Los Angeles FC,,,,,,,Columbus Crew,,,,,,,Portland Timbers,,,,,,,NE Revolution,,,,,,,NY City,,,,,,,Orlando City,,,,,,,Atlanta United,,,,,,,Inter Miami,,,,,,,Minnesota United,,,,,,,FC Dallas,,,,,,,Vancouver Whitecaps,,,,,,,NY Red Bulls,,,,,,,LA Galaxy,,,,,,,DC United,,,,,,,Toronto FC,,,,,,,
a,N. Lodeiro,MEI,33,78,Uruguay,/197/225/23_60.png,,G. Chiellini,ZAG,37,84,Italy,/138/956/23_60.png,,L. Zelarayán,MEI,30,79,Armenia,/215/270/23_60.png,,D. Chará,VOL MC,36,75,Colombia,/203/067/23_60.png,,Carles Gil,MEI MD,29,80,Spain,/210/930/23_60.png,,V. Castellanos,ATA,23,77,Argentina,/237/712/23_60.png,,P. Gallese,GOL,32,74,Peru,/225/701/23_60.png,,Luiz Araújo,MD ME MEI,26,78,Brazil,/234/128/23_60.png,,Pozuelo,MEI ATA,30,79,Spain,/203/895/23_60.png,,E. Reynoso,MEI ME,26,79,Argentina,/234/468/23_60.png,,A. Velasco,ME PE MEI,19,75,Argentina,/252/238/23_60.png,,R. Gauld,MEI ME ATA,26,76,Scotland,/208/919/23_60.png,,L. Morgan,PE ATA PD,25,75,Scotland,/221/908/23_60.png,,J. Hernández,ATA,34,79,Mexico,/178/224/23_60.png,,T. Fountas,ATA ATA MEI,26,75,Greece,/206/469/23_60.png,,L. Insigne,PE ATA ME,31,84,Italy,/198/219/23_60.png,,
a,R. Ruidíaz,ATA,31,78,Peru,/204/538/23_60.png,,C. Vela,PD PE MEI,33,81,Mexico,/169/416/23_60.png,,D. Nagbe,MC VOL,31,75,United States,/202/078/23_60.png,,S. Blanco,MEI ME,34,75,Argentina,/190/577/23_60.png,,G. Bou,ATA ATA,32,77,Argentina,/188/955/23_60.png,,M. Moralez,MEI MC,35,76,Argentina,/183/895/23_60.png,,M. Pereyra,MEI MC,32,74,Uruguay,/204/691/23_60.png,,J. Martínez,ATA,29,78,Venezuela,/207/877/23_60.png,,G. Higuaín,ATA,34,75,Argentina,/167/664/23_60.png,,F. Fragapane,ME MEI,29,73,Argentina,/207/440/23_60.png,,J. Ferreira,ATA MEI ATA,21,74,United States,/241/487/23_60.png,,J. Gressel,MD LD,28,73,Germany,/237/223/23_60.png,,Luquinhas,PD MEI PE,25,74,Brazil,/244/186/23_60.png,,Riqui Puig,MC,22,75,Spain,/242/816/23_60.png,,C. Benteke,ATA,31,74,Belgium,/184/111/23_60.png,,F. Bernardeschi,MD PD,28,79,Italy,/212/404/23_60.png,,
a,Y. Gómez Andrade,ZAG,30,75,Colombia,/224/396/23_60.png,,G. Bale,PD MD,32,81,Wales,/173/731/23_60.png,,Cucho Hernández,ATA MD ME,23,75,Colombia,/237/034/23_60.png,,Y. Chará,MEI ME MD,31,74,Colombia,/214/132/23_60.png,,D. Jones,LE LD,25,71,United States,/246/803/23_60.png,,S. Johnson,GOL,33,73,United States,/190/780/23_60.png,,F. Torres,MD ME,22,73,Uruguay,/256/136/23_60.png,,T. Almada,MEI PE PD,21,76,Argentina,/245/371/23_60.png,,Gregore,VOL MC,28,73,Brazil,/251/410/23_60.png,,R. Lod,MD ATA MEI,29,73,Finland,/228/312/23_60.png,,P. Arriola,MD PD,27,73,United States,/217/714/23_60.png,,A. Cubas,MC VOL,26,72,Paraguay,/222/429/23_60.png,,C. Cásseres Jr,VOL MC MD,22,73,Venezuela,/242/534/23_60.png,,M. Cáceres,ZAG LD MD,35,73,Uruguay,/182/495/23_60.png,,V. Pálsson,VOL MC,31,72,Iceland,/190/640/23_60.png,,D. Criscito,ZAG LE ME,35,75,Italy,/173/208/23_60.png,,
a,João Paulo,MC VOL,31,75,Brazil,/205/953/23_60.png,,Cristian Tello,ME MD,30,77,Spain,/200/315/23_60.png,,Artur,VOL MC,26,73,Brazil,/234/122/23_60.png,,C. Bravo,LE,25,73,Argentina,/232/646/23_60.png,,B. Bye,LD,26,71,United States,/242/554/23_60.png,,A. Callens,ZAG,30,73,Peru,/211/522/23_60.png,,E. Kara,ATA,26,73,Austria,/255/420/23_60.png,,M. Moreno,MEI MC PE,27,76,Argentina,/235/467/23_60.png,,L. González Pirez,ZAG,30,73,Argentina,/199/669/23_60.png,,D. St. Clair,GOL,25,71,Canada,/247/228/23_60.png,,M. Hedges,ZAG,32,72,United States,/206/662/23_60.png,,C. Dájome,ME ATA,28,71,Colombia,/229/658/23_60.png,,Carlos Coronel,GOL,25,73,Brazil,/242/084/23_60.png,,G. Brugman,VOL MC,29,72,Uruguay,/205/726/23_60.png,,B. Hamid,GOL,31,72,United States,/194/904/23_60.png,,J. Osorio,MC VOL ME,30,74,Canada,/213/439/23_60.png,,
a,C. Roldan,MD MC MEI,27,75,United States,/226/807/23_60.png,,C. Arango,ATA MEI,27,75,Colombia,/217/998/23_60.png,,E. Room,GOL,33,73,Curacao,/189/084/23_60.png,,F. Mora,ATA,28,72,Chile,/213/620/23_60.png,,H. Kessler,ZAG,24,71,United States,/255/110/23_60.png,,M. Chanot,ZAG,32,72,Luxembourg,/212/607/23_60.png,,Alexandre Pato,ATA MD ME,32,71,Brazil,/180/175/23_60.png,,E. Barco,ME ATA,23,76,Argentina,/236/007/23_60.png,,C. Jean,ATA PD,26,71,France,/211/239/23_60.png,,B. Dibassy,ZAG LE,32,71,Mali,/234/624/23_60.png,,F. Quignon,VOL MC,29,72,Argentina,/202/331/23_60.png,,L. Cavallini,ATA,29,71,Canada,/213/095/23_60.png,,A. Long,ZAG,29,73,United States,/222/123/23_60.png,,D. Joveljić,ATA,22,71,Serbia,/251/105/23_60.png,,O. Kamara,ATA,32,71,Norway,/179/551/23_60.png,,R. Laryea,LD LD LE,27,72,Canada,/232/081/23_60.png,,
a,A. Rusnák,MEI VOL MC,27,74,Slovakia,/210/423/23_60.png,,D. Bouanga,ME ATA MD,27,75,Gabon,/225/951/23_60.png,,J. Mensah,ZAG,31,72,Ghana,/198/970/23_60.png,,S. Moreno,MD ME,22,71,Colombia,/247/933/23_60.png,,M. Polster,VOL LD,29,70,United States,/226/793/23_60.png,,A. Tinnerholm,LD LD,31,72,Sweden,/199/131/23_60.png,,Antônio Carlos,ZAG,29,70,Brazil,/209/597/23_60.png,,R. Gudiño,GOL,26,74,Mexico,/226/285/23_60.png,,D. Yedlin,LD LD,28,70,United States,/212/722/23_60.png,,J. González,MC VOL,23,71,Mexico,/239/475/23_60.png,,Nanu,LD MD,28,71,Guinea Bissau,/241/981/23_60.png,,A. Schöpf,MC VOL MEI,28,70,Austria,/220/925/23_60.png,,K. Duncan,LD MD LD,24,71,United States,/236/038/23_60.png,,M. Delgado,VOL MC,27,71,United States,/208/592/23_60.png,,A. Najar,ZAG LD,29,70,Honduras,/198/705/23_60.png,,Jesús Jiménez,ATA,28,71,Spain,/244/110/23_60.png,,
a,S. Frei,GOL,36,73,United States,/190/569/23_60.png,,Ilie Sánchez,VOL ZAG MC,31,74,Spain,/199/562/23_60.png,,M. Degenek,ZAG,28,72,Australia,/229/585/23_60.png,,J. Niezgoda,ATA,27,70,Poland,/232/094/23_60.png,,I. Tajouri-Shradi,MD PD PE,28,70,Libya,/213/302/23_60.png,,Talles Magno,ME ATA,20,72,Brazil,/253/755/23_60.png,,G. González,ME PE LE,21,70,Argentina,/253/953/23_60.png,,M. Robinson,ZAG,25,73,United States,/237/255/23_60.png,,Jean Mota,MC VOL,28,70,Brazil,/209/238/23_60.png,,W. Trapp,VOL,29,69,United States,/212/424/23_60.png,,S. Lletget,MC MEI MD,29,70,United States,/201/447/23_60.png,,D. Caicedo,ME ATA,22,70,Colombia,/242/573/23_60.png,,S. Nealis,ZAG,25,70,United States,/247/459/23_60.png,,J. Araujo,LD LD MD,20,70,Mexico,/247/678/23_60.png,,M. Rodríguez,PE MEI,27,70,Chile,/214/718/23_60.png,,M. Kaye,MC VOL,27,70,Canada,/238/922/23_60.png,,
a,J. Morris,ME ATA MD,27,71,United States,/226/035/23_60.png,,M. Crépeau,GOL,28,74,Canada,/213/536/23_60.png,,Pedro Santos,LE ME MD,34,71,Portugal,/211/119/23_60.png,,L. Mabiala,ZAG,34,69,Democratic Republic Congo,/181/404/23_60.png,,G. Vrioni,ATA,23,70,Albania,/235/194/23_60.png,,Thiago Martins,ZAG,27,71,Brazil,/233/790/23_60.png,,Júnior Urso,VOL MC,33,70,Brazil,/206/171/23_60.png,,A. Franco,ZAG,25,72,Argentina,/237/604/23_60.png,,N. Marsman,GOL,31,69,Netherlands,/200/698/23_60.png,,L. Amarilla,ATA,26,69,Paraguay,/240/801/23_60.png,,F. Jara,ATA,33,70,Argentina,/198/347/23_60.png,,Janio Bikel,VOL MC,27,69,Guinea Bissau,/219/979/23_60.png,,J. Tolkin,LE LE VOL,19,69,United States,/251/834/23_60.png,,Víctor Vázquez,MEI MC,35,69,Spain,/189/508/23_60.png,,R. Canouse,VOL MC,27,69,United States,/233/314/23_60.png,,M. Bradley,VOL MC ZAG,34,69,United States,/155/887/23_60.png,,
a,Nouhou,LE ZAG,25,70,Cameroon,/237/469/23_60.png,,J. Cifuentes,VOL MC,23,73,Ecuador,/255/137/23_60.png,,S. Moreira,LD LD,27,70,France,/212/401/23_60.png,,E. Williamson,VOL MC,25,69,United States,/242/503/23_60.png,,A. Farrell,ZAG,30,69,United States,/212/592/23_60.png,,A. Morales,VOL MC,32,71,United States,/202/107/23_60.png,,R. Jansson,ZAG,30,69,Sweden,/203/137/23_60.png,,S. Sosa,VOL MC,23,71,Argentina,/246/033/23_60.png,,D. Lowe,ZAG,29,68,Jamaica,/221/626/23_60.png,,M. Boxall,ZAG,33,69,New Zealand,/202/170/23_60.png,,P. Pomykal,MC ME,22,69,United States,/238/049/23_60.png,,T. Blackmon,ZAG LD,25,68,United States,/242/596/23_60.png,,A. Reyes,ZAG,22,69,Colombia,/246/048/23_60.png,,D. Williams,ZAG,29,68,Ireland,/203/398/23_60.png,,D. Pines,ZAG,24,69,United States,/247/031/23_60.png,,C. Mavinga,ZAG,31,67,Democratic Republic Congo,/193/278/23_60.png,,
a,F. Montero,ATA ATA MEI,34,69,Colombia,/190/919/23_60.png,,K. Acosta,MC VOL,26,72,United States,/213/209/23_60.png,,D. Etienne Jr.,ME MD,25,68,Haiti,/166/539/23_60.png,,B. Tuiloma,ZAG LD,27,69,New Zealand,/220/886/23_60.png,,Nacho Gil,ME MD MC,26,68,Spain,/230/794/23_60.png,,S. Rodríguez,MEI ME MD,22,71,Uruguay,/255/862/23_60.png,,W. Cartagena,VOL MC,27,69,Peru,/221/664/23_60.png,,E. Mosquera,ME,21,69,Colombia,/248/555/23_60.png,,L. Campana,ATA,22,68,Ecuador,/253/568/23_60.png,,K. Lawrence,LE ZAG,29,69,Jamaica,/220/209/23_60.png,,M. Paes,GOL,24,69,Netherlands,/236/571/23_60.png,,B. White,ATA,26,68,United States,/243/456/23_60.png,,F. Amaya,MC VOL MEI,21,69,United States,/247/582/23_60.png,,S. Grandsir,ME MD,25,68,France,/233/550/23_60.png,,S. Birnbaum,ZAG,31,69,United States,/221/621/23_60.png,,D. Henry,ZAG,29,66,Canada,/201/208/23_60.png,,
a,X. Arreaga,ZAG,27,68,Ecuador,/246/406/23_60.png,,D. Palacios,LE,22,71,Ecuador,/245/065/23_60.png,,Y. Yeboah,MD ATA,25,68,Ghana,/229/217/23_60.png,,A. Ivačič,GOL,28,69,Slovenia,/246/958/23_60.png,,Đ. Petrović,GOL,22,67,Serbia,/269/626/23_60.png,,K. Parks,MC VOL,24,70,United States,/241/783/23_60.png,,João Moutinho,LE,24,69,Portugal,/242/629/23_60.png,,O. Alonso,VOL MC,36,69,Cuba,/190/971/23_60.png,,K. Gibbs,LE LE,32,68,England,/186/115/23_60.png,,R. Métanire,LD,32,69,Madagascar,/199/781/23_60.png,,J. Obrian,MD ME,27,68,Colombia,/227/594/23_60.png,,R. Veselinović,ZAG,23,68,Serbia,/255/827/23_60.png,,P. Klimala,ATA,23,68,Poland,/236/757/23_60.png,,J. Bond,GOL,29,68,England,/197/928/23_60.png,,R. Morrison,MEI MC,29,68,Jamaica,/201/155/23_60.png,,A. Akinola,ATA,22,65,Canada,/241/394/23_60.png,,
a,A. Roldan,LD MD LD,25,66,El Salvador,/242/648/23_60.png,,J. Murillo,ZAG LD,28,71,Colombia,/219/546/23_60.png,,K. Molino,MEI ME MD,32,68,Trinidad and Tobago,/217/852/23_60.png,,D. Župarić,ZAG,30,68,Croatia,/215/823/23_60.png,,W. Kaptoum,MC VOL,25,67,Cameroon,/223/357/23_60.png,,J. Sands,ZAG VOL,21,69,United States,/242/214/23_60.png,,C. Araújo,VOL MC,21,68,Uruguay,/259/874/23_60.png,,B. Lennon,LD MD,24,68,United States,/237/662/23_60.png,,J. Jones,LE ME MD,30,67,Trinidad and Tobago,/226/203/23_60.png,,T. Miller,GOL,29,68,United States,/231/878/23_60.png,,Martínez,ZAG,29,68,Spain,/234/781/23_60.png,,C. Gutiérrez,LE ME LE,25,67,Canada,/229/650/23_60.png,,C. Clark,MEI MC PE,19,67,United States,/259/249/23_60.png,,C. Gasper,LE,26,67,United States,/247/474/23_60.png,,R. Romo,GOL,32,68,Venezuela,/193/359/23_60.png,,A. Bono,GOL,28,65,United States,/226/786/23_60.png,,
a,W. Bruin,ATA,32,65,United States,/202/077/23_60.png,,R. Hollingshead,LE LD ZAG,31,71,United States,/221/488/23_60.png,,J. Williams,ZAG,34,67,United States,/202/171/23_60.png,,C. Paredes,VOL MC,24,68,Paraguay,/237/203/23_60.png,,C. Diop,GOL,28,67,Senegal,/204/438/23_60.png,,M. Pellegrini,ME MD,22,69,Argentina,/244/884/23_60.png,,I. Angulo,PD PE,23,68,Colombia,/236/800/23_60.png,,A. Gutman,LE LE,25,68,United States,/247/278/23_60.png,,R. Taylor,PE ME MEI,27,66,Finland,/239/944/23_60.png,,M. García,ATA,23,68,Colombia,/241/573/23_60.png,,J. Maurer,GOL,33,68,United States,/202/570/23_60.png,,Luís Martins,LE,30,67,Portugal,/205/669/23_60.png,,D. Yearwood,MC VOL,22,67,England,/240/611/23_60.png,,K. Leerdam,LD ZAG,32,67,Suriname,/193/561/23_60.png,,D. Ochoa,GOL,21,67,Mexico,/247/428/23_60.png,,S. O'Neill,ZAG,28,64,United States,/211/581/23_60.png,,
a,J. Medranda,LE ME LE,28,65,Colombia,/219/871/23_60.png,,L. Blessing,MC LD,25,70,Ghana,/237/153/23_60.png,,L. Díaz,MD,23,67,Costa Rica,/251/387/23_60.png,,J. Van Rankin,LD LE,29,67,Mexico,/208/502/23_60.png,,C. Makoun,ZAG,22,66,Venezuela,/254/129/23_60.png,,Gabriel Pereira,MD PD,20,68,Brazil,/268/297/23_60.png,,Ruan,LD,27,67,Brazil,/247/027/23_60.png,,J. Sánchez Purata,ZAG,24,68,Mexico,/244/448/23_60.png,,E. Rodríguez,ME MD,21,64,Colombia,/259/540/23_60.png,,A. Benítez,LD MD,28,68,Paraguay,/255/134/23_60.png,,M. Farfan,LE ZAG LD,23,66,United States,/236/587/23_60.png,,F. Jungwirth,ZAG VOL,33,65,Germany,/189/397/23_60.png,,R. Meara,GOL,31,65,United States,/207/610/23_60.png,,S. Kljestan,MC MEI,36,67,United States,/176/062/23_60.png,,C. Durkin,MC VOL,22,67,United States,/237/407/23_60.png,,L. MacNaughton,ZAG,27,63,Canada,/266/717/23_60.png,,
a,D. Leyva,MC VOL,19,64,United States,/248/856/23_60.png,,Sebastián Méndez,VOL MC,25,69,Ecuador,/246/057/23_60.png,,A. Mățan,ME PE,22,67,Romania,/248/113/23_60.png,,D. Ayala,VOL MC,19,67,Argentina,/254/578/23_60.png,,T. McNamara,MC VOL,31,66,United States,/221/696/23_60.png,,Héber,ATA,30,68,Brazil,/203/276/23_60.png,,N. Gioacchini,ATA MD,21,67,United States,/254/019/23_60.png,,B. Guzan,GOL,37,67,United States,/164/505/23_60.png,,B. Duke,MEI MC,21,64,United States,/255/411/23_60.png,,K. Arriaga,VOL,24,67,Honduras,/267/873/23_60.png,,J. Che,LD ZAG LD,18,66,United States,/259/159/23_60.png,,R. Teibert,MC VOL ME,29,65,Canada,/201/869/23_60.png,,O. Fernandez,PE ATA MEI,23,65,United States,/247/084/23_60.png,,J. Villafaña,LE,32,67,United States,/184/643/23_60.png,,B. Smith,LE LE ME,28,67,Australia,/210/389/23_60.png,,Q. Westberg,GOL,36,63,United States,/157/888/23_60.png,,
a,S. Cleveland,GOL,28,64,United States,/237/250/23_60.png,,E. Segura,ZAG,25,69,Colombia,/237/245/23_60.png,,J. Igbekeme,MC ME,26,66,Nigeria,/243/862/23_60.png,,D. Asprilla,ME MD,30,66,Colombia,/214/354/23_60.png,,E. Boateng,ME MD,28,66,Ghana,/217/606/23_60.png,,M. Amundsen,LE,24,67,Denmark,/242/263/23_60.png,,J. Mulraney,ME LE MD,26,67,Ireland,/229/249/23_60.png,,Matheus Rossetto,MC VOL,26,66,Brazil,/234/892/23_60.png,,R. Robinson,ME ATA,23,64,United States,/255/031/23_60.png,,N. Hansen,MD,27,66,Denmark,/237/217/23_60.png,,E. Cerrillo,VOL MC,21,65,United States,/247/509/23_60.png,,L. Owusu,VOL MC,25,65,Ghana,/255/310/23_60.png,,D. Nealis,LD LD,23,63,United States,/255/033/23_60.png,,K. Cabral,MD ATA ME,22,66,France,/246/450/23_60.png,,Miguel Berry,ATA,24,66,Spain,/256/018/23_60.png,,J. Nelson,ME MD MC,19,63,Canada,/255/339/23_60.png,,
a,K. Rowe,MC MD LD,30,64,United States,/206/631/23_60.png,,F. Escobar,LD ZAG,27,68,Argentina,/222/587/23_60.png,,M. Hairston,VOL LD,28,65,United States,/221/620/23_60.png,,M. Loría,MD ME,25,65,Costa Rica,/246/951/23_60.png,,Maciel,VOL MC,22,65,Brazil,/261/566/23_60.png,,N. Acevedo,VOL LD,23,66,Uruguay,/253/256/23_60.png,,A. Perea,VOL MC,21,67,United States,/246/047/23_60.png,,E. Hyndman,MC,26,65,United States,/215/818/23_60.png,,C. McVey,ZAG LE LD,25,64,Sweden,/242/199/23_60.png,,H. Dotson,VOL ME MEI,24,66,United States,/247/476/23_60.png,,N. Tafari,ZAG LD,25,64,United States,/256/024/23_60.png,,J. Brown,ZAG MD LD,23,65,Jamaica,/261/140/23_60.png,,T. Barlow,ATA,26,63,United States,/243/459/23_60.png,,R. Edwards,LE ME,26,66,Canada,/234/927/23_60.png,,N. Robertha,ATA PE,24,66,Curacao,/233/881/23_60.png,,J. Shaffelburg,ME LE,22,63,Canada,/251/352/23_60.png,,
a,Léo Chú,ME PE,22,64,Brazil,/263/790/23_60.png,,M. Mbacke,ZAG,20,68,Senegal,/263/295/23_60.png,,E. Bush,GOL,36,65,United States,/206/549/23_60.png,,J. Mosquera,LD MD,19,65,Colombia,/255/894/23_60.png,,O. Gonzalez,ZAG,33,64,United States,/190/560/23_60.png,,Thiago Andrade,ME MD,21,66,Brazil,/261/756/23_60.png,,K. Smith,LD LE,30,66,United States,/247/356/23_60.png,,M. Ambrose,LE ME,28,64,United States,/235/626/23_60.png,,A. Lassiter,MD ME ATA,27,64,Costa Rica,/229/881/23_60.png,,B. Kallman,ZAG,31,64,United States,/237/397/23_60.png,,E. Twumasi,LD MD,25,63,Ghana,/242/906/23_60.png,,P. Vite,ATA MEI,20,64,Ecuador,/261/222/23_60.png,,H. Ndam,ZAG LD,23,63,Cameroon,/237/550/23_60.png,,S. Coulibaly,ZAG,26,65,France,/231/872/23_60.png,,B. Hines-Ike,ZAG LD,27,65,United States,/231/948/23_60.png,,L. Petrasso,LE ME,22,62,Canada,/266/335/23_60.png,,
a,O. Vargas,MC VOL MD,16,64,United States,/263/701/23_60.png,,K. Opoku,PD,20,65,Ghana,/259/288/23_60.png,,P. Kitchen,VOL MC,30,64,United States,/202/164/23_60.png,,D. Bingham,GOL,32,65,United States,/202/469/23_60.png,,A. DeLaGarza,LD ZAG,34,63,Guam,/190/883/23_60.png,,T. Gray,LD ZAG VOL,19,63,United States,/254/492/23_60.png,,T. Akindele,ATA,30,66,Canada,/221/657/23_60.png,,D. Dwyer,ATA,31,64,United States,/207/858/23_60.png,,V. Ulloa,VOL MC LD,30,63,Mexico,/200/671/23_60.png,,J. Hayes,VOL MC,27,64,United States,/237/218/23_60.png,,J. Quiñonez,ZAG,21,63,Ecuador,/255/998/23_60.png,,J. Nerwinski,ZAG LD,27,64,United States,/237/252/23_60.png,,C. Harper,MD ME LD,20,62,United States,/256/426/23_60.png,,E. Alvarez,MD MEI PD,20,65,Mexico,/242/856/23_60.png,,A. Alfaro,ZAG,29,64,Mexico,/232/017/23_60.png,,K. Thompson,LD MD,19,62,Canada,/267/847/23_60.png,,
a,J. Atencio,VOL MC,20,62,United States,/256/934/23_60.png,,J. McCarthy,GOL,29,64,United States,/227/909/23_60.png,,M. Farsi,LD MD,22,63,Canada,/270/820/23_60.png,,N. Fogaça,ATA,23,64,Brazil,/269/092/23_60.png,,J. Bell,ZAG LE,24,63,United States,/261/565/23_60.png,,G. Zelalem,MC MEI VOL,25,63,United States,/216/699/23_60.png,,R. Schlegel,ZAG,25,64,Argentina,/237/875/23_60.png,,R. Hernández,LD LD MD,24,64,Venezuela,/240/921/23_60.png,,D. Callender,GOL,24,63,United States,/254/962/23_60.png,,O. Fisher,LD LE,30,63,Jamaica,/228/216/23_60.png,,B. Servania,VOL MC,23,63,United States,/242/302/23_60.png,,C. Cropper,GOL,29,64,United States,/203/849/23_60.png,,W. Carmona,MEI PD PE,19,62,Venezuela,/260/772/23_60.png,,E. Zavaleta,ZAG,29,65,El Salvador,/202/073/23_60.png,,C. Odoi-Atsem,LD ZAG LE,27,62,United States,/237/220/23_60.png,,D. Kerr,MD MC,19,60,Canada,/266/615/23_60.png,,
a,J. Ragen,ZAG,23,61,United States,/267/995/23_60.png,,S. Ibeagha,ZAG,30,64,United States,/232/332/23_60.png,,A. Morris,VOL MC,20,63,United States,/255/145/23_60.png,,G. Fochive,VOL MC,30,64,United States,/222/122/23_60.png,,B. Knighton,GOL,37,63,United States,/181/001/23_60.png,,L. Barraza,GOL,25,60,United States,/247/121/23_60.png,,B. Michel,ME MD ATA,24,64,United States,/247/354/23_60.png,,R. Cisneros,ATA,25,64,Mexico,/225/019/23_60.png,,B. Shea,ME LE LE,32,62,United States,/186/536/23_60.png,,A. Danladi,ATA MD,26,63,Ghana,/237/253/23_60.png,,D. Sealy,PE PD,19,62,United States,/247/612/23_60.png,,T. Hasal,GOL,22,64,Canada,/248/216/23_60.png,,Elias Manoel,ATA PE PD,20,59,Brazil,/271/195/23_60.png,,N. DePuy,ZAG,27,64,United States,/237/215/23_60.png,,J. Kempin,GOL,29,62,United States,/201/353/23_60.png,,I. Achara,ME ATA MD,24,60,Nigeria,/256/028/23_60.png,,
a,A. Cissoko,ZAG,22,60,France,/262/781/23_60.png,,T. Romero,GOL,21,61,El Salvador,/260/918/23_60.png,,E. Hurtado,ATA,31,62,United States,/212/750/23_60.png,,Z. McGraw,ZAG,25,64,United States,/257/067/23_60.png,,D. Rivera,ME,19,62,United States,/254/246/23_60.png,,C. Gloster,LE,21,60,United States,/251/631/23_60.png,,A. Grinwis,GOL,30,58,United States,/242/715/23_60.png,,A. Sejdič,MC MEI VOL,25,64,Germany,/246/804/23_60.png,,I. Vassilev,MD PD PE,21,62,United States,/254/905/23_60.png,,B. Hlongwane,MD ME,22,63,South Africa,/264/516/23_60.png,,T. Ntsabeleng,MC,24,60,South Africa,/267/610/23_60.png,,M. Baldisimo,VOL MC,22,63,Canada,/244/677/23_60.png,,D. Edelman,VOL MC,19,59,United States,/266/033/23_60.png,,J. Klinsmann,GOL,25,63,United States,/239/742/23_60.png,,S. Djeffal,MC MEI,23,61,France,/268/129/23_60.png,,G. Ranjitsingh,GOL,28,60,Trinidad and Tobago,/247/448/23_60.png,,
a,E. Dobbelaere,MD PD LD,19,57,United States,/256/935/23_60.png,,D. Trejo,MEI,24,60,Mexico,/269/734/23_60.png,,J. Anibaba,ZAG LE,33,62,United States,/202/162/23_60.png,,P. Bonilla,LD LE,22,60,Venezuela,/257/068/23_60.png,,D. Borrero,MD ME MEI,20,61,Colombia,/248/281/23_60.png,,A. Jasson,MD LD,20,59,United States,/259/713/23_60.png,,J. DeZart,VOL MC,24,58,Jamaica,/256/320/23_60.png,,E. López,ATA,20,63,Paraguay,/253/556/23_60.png,,A. Mabika,ZAG,23,61,Zambia,/260/679/23_60.png,,D. Taylor,LD LE,24,62,United States,/261/196/23_60.png,,T. Roberts,MEI MC,21,60,United States,/245/033/23_60.png,,R. Raposo,ME MD MEI,23,63,Canada,/255/772/23_60.png,,S. Ngoma,PD ATA,16,58,United States,/267/796/23_60.png,,R. Sánchez,GOL,28,61,Mexico,/202/786/23_60.png,,A. Perez,PD ATA ATA,26,60,United States,/247/636/23_60.png,,N. Okello,VOL MC,21,60,Canada,/247/057/23_60.png,,
a,A. Thomas,GOL,23,57,Russia,/262/530/23_60.png,,C. Jennings,ATA,25,56,United States,/261/994/23_60.png,,B. Scott,GOL,23,59,United States,/241/091/23_60.png,,B. Bodily,MD ME ATA,24,60,United States,/255/887/23_60.png,,E. Edwards Jr.,GOL,30,61,United States,/227/653/23_60.png,,J. Haak,MC,20,56,United States,/247/038/23_60.png,,M. Stajduhar,GOL,24,58,United States,/231/861/23_60.png,,F. Ibarra,VOL MC,21,63,Argentina,/254/695/23_60.png,,R. Sailor,ZAG,24,58,United States,/267/801/23_60.png,,J. Rosales,MD MC,21,60,Honduras,/264/157/23_60.png,,I. Parker,ME LE,19,59,United States,/266/369/23_60.png,,M. Godinho,LD MD LD,25,63,Canada,/235/573/23_60.png,,M. Nocita,ZAG,22,56,United States,/270/963/23_60.png,,P. Judd,ATA,23,58,United States,/268/483/23_60.png,,K. Smith,ATA ME PE,24,59,England,/235/784/23_60.png,,K. Chung,LD MD LE,23,59,Canada,/267/821/23_60.png,,
a,A. Ocampo-Chavez,ATA ATA,20,56,United States,/248/748/23_60.png,,M. Traore,ZAG,19,55,Senegal,/258/363/23_60.png,,W. Sands,LE LE,21,56,United States,/266/682/23_60.png,,J. Rasmussen,LE ME,23,59,United States,/267/738/23_60.png,,R. Spaulding,LE,23,60,United States,/267/923/23_60.png,,C. Mizell,GOL,30,56,United States,/261/656/23_60.png,,M. Halliday,LD,19,54,United States,/262/379/23_60.png,,A. De John,ZAG LD,31,61,United States,/228/267/23_60.png,,G. Acosta,MEI,22,57,United States,/254/130/23_60.png,,N. Kibunguchy,ZAG VOL,24,60,United States,/261/671/23_60.png,,K. ElMedkhar,ME,22,58,United States,/260/528/23_60.png,,S. Berhalter,VOL MC,21,62,United States,/255/205/23_60.png,,Z. Ryan,ATA,23,54,United States,/266/604/23_60.png,,A. Saldaña,VOL MC,20,58,United States,/260/616/23_60.png,,S. Guediri,LE LE,24,59,United States,/262/030/23_60.png,,J. Marshall-Rutty,LD MD,18,59,Canada,/255/335/23_60.png,,
a,D. Teves,MD MC,22,55,United States,/268/327/23_60.png,,A. Leone,ZAG,18,54,Mexico,/262/210/23_60.png,,S. Zawadzki,VOL,22,56,United States,/266/390/23_60.png,,J. Vom Steeg,GOL,25,58,United States,/236/005/23_60.png,,E. Kizza,ATA,23,59,Uganda,/261/362/23_60.png,,V. Latinovich,ZAG,24,55,Serbia,/261/973/23_60.png,,J. Lynn,ATA,22,54,United States,/268/767/23_60.png,,G. Campbell,ZAG,21,60,United States,/255/824/23_60.png,,I. Fray,ZAG,19,56,United States,/260/732/23_60.png,,P. Weah,MD ME,18,59,Liberia,/261/460/23_60.png,,L. Bartlett,ZAG,24,58,United States,/266/805/23_60.png,,E. Ongaro,ATA,24,62,Canada,/266/397/23_60.png,,A. Marcucci,GOL,22,53,United States,/267/787/23_60.png,,C. Dunbar,ME PE MD,19,57,United States,/256/029/23_60.png,,D. Skundrich,MC,26,58,United States,/262/233/23_60.png,,J. Perruzza,ATA PD,21,58,Canada,/260/399/23_60.png,,
a,R. Baker-Whiting,MC MEI ME,17,52,United States,/262/208/23_60.png,,C. Torres,PD ATA,18,53,Mexico,/259/291/23_60.png,,P. Schulte,GOL,21,56,United States,/266/389/23_60.png,,H. Sulte,GOL,20,56,United States,/260/743/23_60.png,,N. Buck,MD MC,17,58,United States,/266/686/23_60.png,,K. O'Toole,ME PE,23,50,United States,/268/009/23_60.png,,W. Rivera,ME,18,54,Puerto Rico,/261/585/23_60.png,,C. Wiley,LE ME,17,59,United States,/266/605/23_60.png,,N. Allen,LE LE,18,56,United States,/267/872/23_60.png,,E. Dick,GOL,27,58,United States,/242/721/23_60.png,,E. Munjoma,LD,23,58,United States,/255/130/23_60.png,,T. Ricketts,ATA,34,61,Canada,/190/720/23_60.png,,S. Sserwadda,MC VOL,19,53,Uganda,/270/066/23_60.png,,D. Aguirre,MC,22,57,United States,/263/240/23_60.png,,T. Ku-DiPietro,MD MC,20,54,United States,/266/852/23_60.png,,T. Antonoglou,LE ME,21,53,Canada,/269/091/23_60.png,,
a,,,,,,,,J. Gaines,LD,19,53,United States,/264/366/23_60.png,,I. Parente,MEI VOL,22,53,United States,/260/421/23_60.png,,D. Gutierrez,ATA MD,23,56,United States,/267/848/23_60.png,,J. Rennicks,ATA,23,58,United States,/247/347/23_60.png,,,,,,,,,T. Williams,ZAG LE,17,53,United States,/263/237/23_60.png,,B. Washington,ZAG,23,58,United States,/262/544/23_60.png,,E. Azcona,ME MEI,18,56,Dominican Republic,/260/730/23_60.png,,J. McMaster,MD,23,57,United States,/261/672/23_60.png,,N. Hernandez,MC VOL MEI,23,56,United States,/261/583/23_60.png,,I. Boehmer,GOL,20,54,Canada,/258/351/23_60.png,,J. Castellano,MC MEI,18,52,Venezuela,/266/683/23_60.png,,C. Harvey,MC,22,54,Panama,/259/568/23_60.png,,G. Samaké,LE ME,24,53,Ivory Coast,/265/592/23_60.png,,K. Franklin,LD,19,52,Canada,/268/433/23_60.png,,
a,,,,,,,,E. Dueñas,LD,17,51,Mexico,/262/209/23_60.png,,J. Russell-Rowe,ATA,19,53,Canada,/269/923/23_60.png,,T. Ikoba,ATA,18,53,United States,/266/344/23_60.png,,E. Bajraktarevic,MEI MD,17,58,United States,/269/823/23_60.png,,,,,,,,,A. Freeman,LD,17,50,United States,/267/920/23_60.png,,R. Ríos Novo,GOL,20,58,Argentina,/269/732/23_60.png,,C. dos Santos,GOL,21,54,United States,/267/636/23_60.png,,C. Montgomery,ZAG,25,55,Canada,/247/510/23_60.png,,C. Smith,LD MD,18,55,United States,/266/213/23_60.png,,E. Brienza,ATA MEI,20,52,Canada,/267/880/23_60.png,,,,,,,,,J. Perez,MD,19,54,Mexico,/256/039/23_60.png,,J. Hopkins,MEI MC,18,52,United States,/268/685/23_60.png,,,,,,,,,
a,,,,,,,,,,,,,,,J. Morris,LE ZAG,23,52,United States,/266/853/23_60.png,,,,,,,,,B. Reveno,ZAG LE,23,57,United States,/269/464/23_60.png,,,,,,,,,,,,,,,,M. Chol,MD ATA,23,57,Sudan,/261/780/23_60.png,,M. Méndez,ZAG,24,54,Cuba,/267/975/23_60.png,,T. Oluwaseyi,ATA PD,22,54,Nigeria,/271/108/23_60.png,,A. Carrera,GOL,18,53,United States,/267/802/23_60.png,,M. Anchor,GOL,17,47,Canada,/269/196/23_60.png,,,,,,,,,M. Ferkranus,ZAG,19,54,United States,/260/724/23_60.png,,J. Greene,LE LE,19,51,United States,/260/411/23_60.png,,,,,,,,,
a,,,,,,,,,,,,,,,,,,,,,,,,,,,,,,,,,,,,,,,,,,,,,,,,,,A. McFadden,LD LD MD,23,56,United States,/269/872/23_60.png,,F. Valencia,MD,17,50,United States,/260/940/23_60.png,,,,,,,,,B. Redžić,ME,19,50,United States,/261/759/23_60.png,,,,,,,,,,,,,,,,,,,,,,,,,,,,,,,,,,,,,
a,,,,,,,,,,,,,,,,,,,,,,,,,,,,,,,,,,,,,,,,,,,,,,,,,,E. Centeno,LD,20,53,United States,/266/360/23_60.png,,,,,,,,,,,,,,,,,,,,,,,,,,,,,,,,,,,,,,,,,,,,,,,,,,,,,,,,,,
a,,,,,,,,,,,,,,,,,,,,,,,,,,,,,,,,,,,,,,,,,,,,,,,,,,,,,,,,,,,,,,,,,,,,,,,,,,,,,,,,,,,,,,,,,,,,,,,,,,,,,,,,,,,,,,,,,
a,,,,,,,,,,,,,,,,,,,,,,,,,,,,,,,,,,,,,,,,,,,,,,,,,,,,,,,,,,,,,,,,,,,,,,,,,,,,,,,,,,,,,,,,,,,,,,,,,,,,,,,,,,,,,,,,,
a,,,,,,,,,,,,,,,,,,,,,,,,,,,,,,,,,,,,,,,,,,,,,,,,,,,,,,,,,,,,,,,,,,,,,,,,,,,,,,,,,,,,,,,,,,,,,,,,,,,,,,,,,,,,,,,,,
a,,,,,,,,,,,,,,,,,,,,,,,,,,,,,,,,,,,,,,,,,,,,,,,,,,,,,,,,,,,,,,,,,,,,,,,,,,,,,,,,,,,,,,,,,,,,,,,,,,,,,,,,,,,,,,,,,
a,,,,,,,,,,,,,,,,,,,,,,,,,,,,,,,,,,,,,,,,,,,,,,,,,,,,,,,,,,,,,,,,,,,,,,,,,,,,,,,,,,,,,,,,,,,,,,,,,,,,,,,,,,,,,,,,,
a,,,,,,,,,,,,,,,,,,,,,,,,,,,,,,,,,,,,,,,,,,,,,,,,,,,,,,,,,,,,,,,,,,,,,,,,,,,,,,,,,,,,,,,,,,,,,,,,,,,,,,,,,,,,,,,,,
a,,,,,,,,,,,,,,,,,,,,,,,,,,,,,,,,,,,,,,,,,,,,,,,,,,,,,,,,,,,,,,,,,,,,,,,,,,,,,,,,,,,,,,,,,,,,,,,,,,,,,,,,,,,,,,,,,
a,,,,,,,,,,,,,,,,,,,,,,,,,,,,,,,,,,,,,,,,,,,,,,,,,,,,,,,,,,,,,,,,,,,,,,,,,,,,,,,,,,,,,,,,,,,,,,,,,,,,,,,,,,,,,,,,,
a,,,,,,,,,,,,,,,,,,,,,,,,,,,,,,,,,,,,,,,,,,,,,,,,,,,,,,,,,,,,,,,,,,,,,,,,,,,,,,,,,,,,,,,,,,,,,,,,,,,,,,,,,,,,,,,,,
a,,,,,,,,,,,,,,,,,,,,,,,,,,,,,,,,,,,,,,,,,,,,,,,,,,,,,,,,,,,,,,,,,,,,,,,,,,,,,,,,,,,,,,,,,,,,,,,,,,,,,,,,,,,,,,,,,
a,,,,,,,,,,,,,,,,,,,,,,,,,,,,,,,,,,,,,,,,,,,,,,,,,,,,,,,,,,,,,,,,,,,,,,,,,,,,,,,,,,,,,,,,,,,,,,,,,,,,,,,,,,,,,,,,,
a,,,,,,,,,,,,,,,,,,,,,,,,,,,,,,,,,,,,,,,,,,,,,,,,,,,,,,,,,,,,,,,,,,,,,,,,,,,,,,,,,,,,,,,,,,,,,,,,,,,,,,,,,,,,,,,,,
a,,,,,,,,,,,,,,,,,,,,,,,,,,,,,,,,,,,,,,,,,,,,,,,,,,,,,,,,,,,,,,,,,,,,,,,,,,,,,,,,,,,,,,,,,,,,,,,,,,,,,,,,,,,,,,,,,
a,,,,,,,,,,,,,,,,,,,,,,,,,,,,,,,,,,,,,,,,,,,,,,,,,,,,,,,,,,,,,,,,,,,,,,,,,,,,,,,,,,,,,,,,,,,,,,,,,,,,,,,,,,,,,,,,,
a,,,,,,,,,,,,,,,,,,,,,,,,,,,,,,,,,,,,,,,,,,,,,,,,,,,,,,,,,,,,,,,,,,,,,,,,,,,,,,,,,,,,,,,,,,,,,,,,,,,,,,,,,,,,,,,,,
a,,,,,,,,,,,,,,,,,,,,,,,,,,,,,,,,,,,,,,,,,,,,,,,,,,,,,,,,,,,,,,,,,,,,,,,,,,,,,,,,,,,,,,,,,,,,,,,,,,,,,,,,,,,,,,,,,
a,,,,,,,,,,,,,,,,,,,,,,,,,,,,,,,,,,,,,,,,,,,,,,,,,,,,,,,,,,,,,,,,,,,,,,,,,,,,,,,,,,,,,,,,,,,,,,,,,,,,,,,,,,,,,,,,,
a,,,,,,,,,,,,,,,,,,,,,,,,,,,,,,,,,,,,,,,,,,,,,,,,,,,,,,,,,,,,,,,,,,,,,,,,,,,,,,,,,,,,,,,,,,,,,,,,,,,,,,,,,,,,,,,,,

