a,Dinamo Zagreb,,,,,,,Rijeka,,,,,,,Hajduk Split,,,,,,,Steaua Bucareste,,,,,,,CFR Cluj,,,,,,,Sparta Praga,,,,,,,Slavia Praha,,,,,,,Viktoria Plzen,,,,,,,Ferencvaros,,,,,,,Honved,,,,,,,Puskas Akademia,,,,,,,Ujpest,,,,,,,Ludogorets,,,,,,,CSKA Sofia,,,,,,,Partizan,,,,,,,Estrela Vermelha,,,,,,,
a,Dominik Livakovic,GOL,27,79,Croatia,wiki/63418.png,,Mateo Pavlovic,ZAG,32,75,Croatia,wiki/37593.png,,M. Livaja,ATA ATA PE,28,77,Croatia,/205/855/23_60.png,,D. Olaru,MC MEI PD,24,72,Romania,/247/972/23_60.png,,A. Burcă,ZAG,29,72,Romania,/248/003/23_60.png,,Jakub Jankto,MEI MC,26,79,Czech Republic,wiki/82524.png,,T. Holeš,VOL ZAG,29,78,Czech Republic,/251/116/23_60.png,,J. Staněk,GOL,26,77,Czech Republic,/221/909/23_60.png,,Anderson Esiti,MC MD,28,76,Nigeria,wiki/73490.png,,Nenad Lukic,ATA ATA,30,75,Serbia,wiki/49637.png,,Alexandru Baluta,ATA ATA,29,75,Romania,wiki/74334.png,,Petrus Boumal,MD MC LE,29,74,Cameroon,wiki/52913.png,,Igor Plastun,ZAG,32,77,Ukraine,wiki/43503.png,,Jurgen Mattheij,VOL LD,29,74,Netherlands,wiki/53929.png,,Bebras Natcho,MC MEI MD,34,78,Israel,wiki/29620.png,,Aleksandar Dragovic,LD,31,79,Austria,wiki/34612.png,,
a,Bruno Petkovic,ATA ATA,28,79,Croatia,wiki/68314.png,,Mario Vrancic,MEI MC,33,75,Bosnia,wiki/28909.png,,L. Kalinić,GOL,32,75,Croatia,/220/932/23_60.png,,O. Popescu,PE MEI,19,71,Romania,/258/942/23_60.png,,S. Scuffet,GOL,26,71,Italy,/220/048/23_60.png,,Ondrej Celustka,ZAG,33,77,Czech Republic,wiki/35089.png,,P. Ševčík,MC MD VOL,28,76,Czech Republic,/247/030/23_60.png,,L. Kalvach,VOL MC,26,76,Czech Republic,/251/221/23_60.png,,Amer Gojak,MC MEI MD,25,76,Bosnia,wiki/73558.png,,Luka Capan,VOL ZAG,27,72,Croatia,wiki/73475.png,,Jakub Plsek,MC MEI MD,28,74,Czech Republic,wiki/63297.png,,Yohan Croizet,MEI,30,74,France,wiki/58623.png,,Anton Nedyalkov,MD LE LE,29,77,Bulgaria,wiki/65815.png,,Amos Youga,MD MC ZAG,29,74,Central African Republic,wiki/71433.png,,Ricardo Gomes,ATA ATA,30,77,Cape Verde,wiki/48571.png,,Guelor Kanga,MEI MC,32,78,Gabon,wiki/65634.jpg,,
a,Mislav Orsic,ATA MEI,29,79,Croatia,wiki/41423.png,,Matej Mitrovic,ZAG,28,74,Croatia,wiki/56652.png,,N. Kalinić,ATA,34,74,Croatia,/185/431/23_60.png,,A. Cordea,PD PE,23,70,Romania,/251/236/23_60.png,,B. Adjei-Boateng,VOL MC,28,71,Ghana,/210/970/23_60.png,,Ladislav Krejci,MD MC ZAG,23,77,Czech Republic,wiki/88091.png,,L. Provod,MC ME,25,76,Czech Republic,/253/727/23_60.png,,P. Bucha,MC MEI VOL,24,75,Czech Republic,/244/788/23_60.png,,Xavier Mercier,MEI MC,33,76,France,wiki/58580.png,,Nikola Mitrovic,MC MD,35,72,Serbia,wiki/30620.png,,Shahab Zahedi,ATA MEI,27,74,Iran,wiki/99757.png,,Djordje Nikolic,GOL,25,72,Serbia,wiki/82808.png,,Gusmao Cicinho,MD MD ZAG,33,76,Bulgaria,wiki/54589.png,,Lazar Tufegdžic,ATA ATA,25,74,Serbia,wiki/84533.png,,Sinisa Sanicanin,LE,27,76,Bosnia,wiki/86629.png,,Milan Rodic,MD LE ZAG,31,77,Serbia,wiki/44787.png,,
a,Arijan Ademi,MC MEI MD,31,78,North Macedonia,wiki/34628.png,,Lindon Selahi,MEI MC,23,74,Albania,wiki/101359.png,,F. Krovinović,MEI MC VOL,26,73,Croatia,/230/988/23_60.png,,R. Radunović,LE,30,70,Montenegro,/248/095/23_60.png,,Camora,LE,35,70,Romania,/191/058/23_60.png,,Florin Niţa,GOL,35,77,Romania,wiki/55997.png,,O. Dorley,LE ME MC,23,75,Liberia,/254/909/23_60.png,,J. Mosquera,ME,32,75,Colombia,/235/317/23_60.png,,Aissa Laidouni,MC MEI MD,25,75,Tunisia,wiki/86727.png,,Donat Zsoter,MEI,26,72,Hungary,wiki/67895.jpg,,Patrizio Stronati,LE,27,74,Czech Republic,wiki/70829.png,,Branko Pauljevic,MD LD ZAG,33,72,Serbia,wiki/44853.png,,Simon Sluga,GOL,29,75,Croatia,wiki/69384.png,,Jonathan Lindseth,MC,26,73,Norway,wiki/75125.jpg,,Igor Vujacic,VOL ZAG,28,76,Montenegro,wiki/64386.png,,Sekou Sanogo,MC MD,33,77,Ivory Coast,wiki/48877.png,,
a,Luka Ivanusec,MEI MC,23,78,Croatia,wiki/84917.png,,Alen Grgic,MD MC PD ZAG,28,74,Croatia,wiki/83837.png,,E. Sahiti,PD PE ME,23,71,Kosovo,/263/056/23_60.png,,F. Coman,PE ATA,24,69,Romania,/238/274/23_60.png,,C. Deac,MEI PD,36,70,Romania,/199/572/23_60.png,,Michal Sacek,LD MC ZAG,26,76,Czech Republic,wiki/88122.png,,A. Mandous,GOL,30,75,Czech Republic,/263/286/23_60.png,,M. Havel,LE LD,27,74,Czech Republic,/244/787/23_60.png,,Mo Besic,MC MD,30,75,Bosnia,wiki/45761.png,,Jairo Samperio,PE ATA,29,72,Spain,wiki/52104.png,,Jakov Puljic,ATA ATA,29,74,Croatia,wiki/56653.png,,Nemanja Antonov,MD LE ZAG,27,72,Serbia,wiki/68790.png,,Sergio Padt,GOL,32,75,Netherlands,wiki/48128.png,,Bradley de Nooijer,MD LE LE,24,73,Netherlands,wiki/92572.png,,Slobodan Urosevic,MD LE ZAG,28,75,Serbia,wiki/68761.png,,Milan Borjan,GOL,34,77,Canada,wiki/41507.png,,
a,Kevin Theophile-Catherine,ZAG,32,78,France,wiki/38421.png,,Haris Vuckic,ATA ATA,30,74,Slovenia,wiki/37447.png,,J. Elez,ZAG,28,71,Croatia,/218/341/23_60.png,,M. Edjouma,VOL MC,25,69,Morocco,/242/325/23_60.png,,C. Manea,LD,24,69,Romania,/223/229/23_60.png,,Ladislav Krejci,MD MC PE ZAG,30,75,Czech Republic,wiki/45163.png,,P. Olayinka,ME MD ATA,26,75,Nigeria,/224/739/23_60.png,,L. Hejda,ZAG,32,74,Czech Republic,/199/244/23_60.png,,Kristoffer Zachariassen,MEI MC,27,75,Norway,wiki/90684.png,,Herdi Prenga,LD,28,72,Albania,wiki/68743.png,,Zsolt Nagy,MD LE LE,29,73,Hungary,wiki/79065.png,,Junior Tallo,ATA MEI,29,72,Ivory Coast,wiki/55923.png,,Gustavo Nonato,MC MEI MD,24,75,Brazil,wiki/99251.png,,Duckens Nazon,ATA,28,73,Haiti,wiki/82109.png,,Danilo Pantic,MEI MC,25,75,Serbia,wiki/67742.png,,Mirko Ivanic,MEI MC,29,77,Montenegro,wiki/65564.png,,
a,Stefan Ristovski,MD LD ZAG,30,78,North Macedonia,wiki/48004.png,,Prince Ampem,ATA MEI,24,74,Ghana,wiki/106305.png,,T. Borevković,ZAG,25,71,Croatia,/244/377/23_60.png,,V. Crețu,LD LE,33,68,Romania,/247/968/23_60.png,,C. Petrila,PE PD,21,69,Romania,/248/049/23_60.png,,David Pavelka,MC MEI MD,31,75,Czech Republic,wiki/49101.png,,O. Lingr,MEI ME MD,23,75,Czech Republic,/258/208/23_60.png,,J. Kopic,MD ME,32,74,Czech Republic,/205/365/23_60.png,,Ryan Mmaee,ATA,24,75,Morocco,wiki/83933.png,,Richie Ennin,ATA MEI,24,71,Canada,wiki/109704.png,,Yoëll van Nieff,MD ME LE,29,73,Netherlands,wiki/65015.png,,Vincent Onovo,MC MD,26,70,Nigeria,wiki/74467.png,,Bernard Tekpetey,PE ATA,25,75,Ghana,wiki/88724.png,,Teles Geferson,LE MC ZAG,28,73,Brazil,wiki/80254.png,,Ljubomir Fejsa,MC MD,34,75,Serbia,wiki/19653.png,,Aleksandar Katai,MEI,31,77,Serbia,wiki/48281.png,,
a,Josip Drmic,ATA,30,76,Switzerland,wiki/52793.png,,Anton Kresic,ZAG,26,72,Croatia,wiki/79668.png,,C. Awaziem,ZAG,25,71,Nigeria,/232/693/23_60.png,,B. Omrani,PD ATA PE,28,68,Algeria,/204/895/23_60.png,,Jefté,ATA,28,69,Spain,/206/031/23_60.png,,Jakub Pesek,MEI MC,29,75,Czech Republic,wiki/81181.png,,I. Schranz,MD LD ATA,28,75,Slovakia,/263/287/23_60.png,,A. Vlkanova,MEI ME MD,27,73,Czech Republic,/271/644/23_60.png,,Tokmac Nguen,PE MEI,28,75,Norway,wiki/63618.png,,Peter Szappanos,GOL,31,70,Hungary,wiki/109010.png,,Artem Favorov,MC MEI MD,28,72,Ukraine,wiki/87969.png,,Märten Kuusk,ZAG,26,70,Estônia,wiki/86713.png,,Oliveira Cauly,PE MEI,27,75,Brazil,wiki/78108.png,,Thibaut Vion,MD LD ZAG,28,72,France,wiki/58987.png,,Fousseni Diabate,PE MEI,26,75,Mali,wiki/93288.png,,Kalifa Coulibaly,ATA,31,77,Mali,wiki/52448.png,,
a,Josip Misic,MC MEI MD,28,76,Croatia,wiki/63410.png,,Mikhail Merkulov,MD LE ZAG,28,72,Russia,wiki/87901.png,,D. Melnjak,LE,29,70,Croatia,/227/584/23_60.png,,Ș. Târnovanu,GOL,22,68,Romania,/248/073/23_60.png,,M. Bordeianu,VOL MC,30,68,Romania,/244/474/23_60.png,,Milan Heca,GOL,31,75,Czech Republic,wiki/49072.jpg,,I. Traoré,VOL MEI MC,33,74,Ivory Coast,/245/850/23_60.png,,T. Chorý,ATA,27,73,Czech Republic,/244/793/23_60.png,,Carlos Auzqui,ATA ATA,31,75,Argentina,wiki/45749.png,,Dominik Nagy,MEI MC,27,70,Hungary,wiki/56557.png,,Balazs Toth,GOL,25,72,Hungary,wiki/108940.png,,Lirim Kastrati,LD,23,70,Kosovo,wiki/109088.png,,Kiril Despodov,ATA ATA,25,75,Bulgaria,wiki/56338.png,,Georgi Yomov,MEI,25,72,Bulgaria,wiki/108028.png,,Queensy Menig,ATA ATA,27,75,Netherlands,wiki/76256.png,,El Fardou Ben,ATA ATA,33,77,Comoros,wiki/35505.png,,
a,Josip Šutalo,ZAG,22,76,Croatia,wiki/102693.png,,Näis Djouahra,MEI,22,72,France,wiki/100193.png,,S. Biuk,PE ME,19,70,Croatia,/262/585/23_60.png,,V. Gheorghe,PE PD ME,25,68,Romania,/235/315/23_60.png,,V. Hammershøy-Mistrati,MEI MC,30,68,Denmark,/239/170/23_60.png,,Lukas Julis,ATA,27,75,Czech Republic,wiki/52899.png,,L. Masopust,MD LD,29,74,Czech Republic,/243/007/23_60.png,,J. Sýkora,ME MEI LE,28,73,Czech Republic,/236/547/23_60.png,,David Siger,MC MEI MD,31,74,Hungary,wiki/67985.png,,Marko Petkovic,LD LD,30,70,Serbia,wiki/46590.png,,Csaba Spandler,LE,26,72,Hungary,wiki/79106.png,,Stefan Jevtoski,MD MC LD,25,70,North Macedonia,wiki/97251.png,,Olivier Verdon,ZAG,27,74,Benin,wiki/97436.png,,Menno Koch,LE,28,72,Netherlands,wiki/68313.png,,Aleksandar Popovic,GOL,23,74,Serbia,wiki/95898.png,,Radovan Pankov,LD,27,75,Serbia,wiki/75410.png,,
a,Ivan Nevistic,GOL,24,75,Croatia,wiki/83076.png,,Jorge Obregon,ATA,25,72,Colombia,wiki/100662.png,,J. Vuković,VOL MC,30,69,Croatia,/243/956/23_60.png,,A. Compagno,ATA,26,67,Italy,/262/447/23_60.png,,C. Malele,ATA,28,68,Switzerland,/212/601/23_60.png,,Jan Kuchta,ATA MEI,25,75,Czech Republic,wiki/84078.png,,O. Kolář,GOL,27,74,Czech Republic,/244/467/23_60.png,,V. Pilař,ME MD,33,73,Czech Republic,/199/334/23_60.png,,Adnan Kovacevic,MD MC ZAG,29,74,Bosnia,wiki/62679.png,,Krisztian Tamas,MD LE ZAG,27,70,Hungary,wiki/76429.jpg,,Bence Batik,VOL LD,28,72,Hungary,wiki/55236.png,,David Banai,GOL,28,70,Hungary,wiki/67923.png,,Manuel Show,MC MD,23,74,Angola,wiki/101651.png,,Gustavo Busatto,GOL,31,72,Brazil,wiki/72231.png,,Nikola Terzic,MEI MC,22,74,Serbia,wiki/112138.png,,Marko Gobeljic,MC MEI ZAG,30,75,Serbia,wiki/56878.png,,
a,Rasmus Lauritsen,ZAG,26,75,Denmark,wiki/84302.png,,Andrija Vukcevic,MD LE ZAG,26,72,Montenegro,wiki/72795.png,,M. Fossati,MC VOL,29,69,Italy,/210/917/23_60.png,,A. Șut,VOL MC,23,67,Romania,/251/076/23_60.png,,C. Braun,LD,30,67,Germany,/243/398/23_60.png,,Lukas Haraslin,ATA ATA,26,75,Slovakia,wiki/81371.png,,Ewerton,ME MD,25,74,Brazil,/270/055/23_60.png,,V. Jemelka,ZAG LE,27,73,Czech Republic,/259/188/23_60.png,,Eldar Ćivic,MD MC PE ZAG,26,74,Bosnia,wiki/81203.png,,Ivan Lovric,LD,37,70,Croatia,wiki/48459.png,,Luciano Slagveer,ATA ATA,29,72,Netherlands,wiki/64959.png,,Matija Ljujic,MEI MC,28,70,Serbia,wiki/61000.png,,Jorginho Intima,PE ATA,27,74,Guiné-Bissau,wiki/87866.jpg,,Daouda Bamba,ATA MEI,27,72,Ivory Coast,wiki/90629.png,,Andrija Pavlovic,ATA,28,74,Serbia,wiki/64843.png,,Veljko Nikolic,MEI MC,23,75,Serbia,wiki/93123.png,,
a,Dino Peric,ZAG,28,75,Croatia,wiki/67885.png,,Alen Halilovic,PE MEI,26,72,Croatia,wiki/61368.png,,G. Lovrencsics,LD,33,69,Hungary,/210/129/23_60.png,,O. Popescu,VOL LD MC,28,67,Romania,/239/980/23_60.png,,K. Bručić,LE,30,67,Croatia,/247/417/23_60.png,,Andreas Vindheim,MD LD ZAG,27,74,Norway,wiki/73021.png,,A. Ousou,ZAG,22,73,Sweden,/245/018/23_60.png,,A. Čermák,MEI MC,27,72,Czech Republic,/244/789/23_60.png,,Balint Vecsei,MEI MC,29,74,Hungary,wiki/55999.png,,Lazar Ćirkovic,ZAG,30,69,Serbia,wiki/59386.png,,Roland Szolnoki,LD LD ZAG,30,71,Hungary,wiki/49899.png,,Dzenan Burekovic,MD LE ZAG,27,70,Bosnia,wiki/80584.png,,Aslak Fonn Witry,MD LD ZAG,26,74,Norway,wiki/97679.png,,Marcelino Carreazo,PE MEI,23,70,Venezuela,wiki/95646.png,,Aleksandar Filipovic,LE,27,74,Serbia,wiki/59625.png,,Nemanja Milunovic,ZAG,33,75,Serbia,wiki/34671.png,,
a,Petar Bockaj,MD LE MEI ZAG,26,75,Croatia,wiki/84154.png,,Nediljko Labrovic,GOL,23,72,Croatia,wiki/104326.png,,S. Simič,ZAG,27,69,Czech Republic,/219/591/23_60.png,,D. Miculescu,PD PE MEI,21,67,Romania,/257/803/23_60.png,,J. Billong,ZAG,28,67,Cameroon,/241/999/23_60.png,,Lukas Sadilek,MEI MC,26,74,Czech Republic,wiki/75785.png,,M. Usor,MD ME ATA,20,73,Nigeria,/271/092/23_60.png,,L. Pernica,ZAG,32,72,Czech Republic,/202/451/23_60.png,,Franck Boli,ATA ATA,28,74,Ivory Coast,wiki/55723.png,,Lukas Klemenz,VOL ZAG,27,69,Poland,wiki/79989.png,,Tamas Kiss,ATA MEI,21,70,Hungary,wiki/99133.png,,Krisztian Simon,PE ATA,31,69,Hungary,wiki/47949.jpg,,Georgi Terziev,LD,30,74,Bulgaria,wiki/41862.png,,Ivan Turitsov,MD LD LE,23,70,Bulgaria,wiki/108032.png,,Marko Živkovic,MD LD ZAG,28,74,Serbia,wiki/56779.png,,Aleksandar Pesic,ATA,30,75,Serbia,wiki/39418.png,,
a,Emir Dilaver,ZAG,31,74,Austria,wiki/50344.png,,Matej Vuk,PE PE,22,70,Croatia,wiki/97792.png,,J. Atanasov,VOL MC MEI,22,69,North Macedonia,/245/429/23_60.png,,M. Dulca,MC VOL,23,67,Romania,/240/812/23_60.png,,K. Muhar,VOL,26,67,Croatia,/250/952/23_60.png,,Jaroslav Zeleny,MD LE LE,30,74,Czech Republic,wiki/49033.png,,Y. Sor,MD ATA,21,73,Nigeria,/266/616/23_60.png,,R. Řezník,LD ZAG,33,72,Czech Republic,/180/823/23_60.png,,Adama Traore,PE ATA,27,74,Mali,wiki/98431.png,,Brandon Domingues,MEI MC,22,69,France,wiki/105646.png,,Wojciech Golla,MD MC ZAG,30,70,Poland,wiki/59657.png,,Giuseppe Borello,PE ATA,23,69,Italy,wiki/88914.png,,Spas Delev,ATA MEI,33,73,Bulgaria,wiki/40805.png,,Enes Mahmutovic,ZAG,25,69,Luxembourg,wiki/98306.png,,Nemanja Jovic,ATA MEI,20,74,Serbia,wiki/107174.png,,Osman Bukari,ATA MEI,23,75,Ghana,wiki/104647.png,,
a,Bosko Šutalo,LD,22,74,Croatia,wiki/102463.png,,Marco Đuricin,ATA MEI,29,70,Austria,wiki/45677.png,,J. Mlakar,ATA,23,68,Slovenia,/238/464/23_60.png,,R. Boboc,LD LE,23,66,Romania,/248/107/23_60.png,,Yuri Matias,ZAG,27,67,Brazil,/258/426/23_60.png,,Tomas Wiesner,MD MC LD,25,74,Czech Republic,wiki/96861.png,,D. Jurásek,LE ME,21,72,Czech Republic,/267/594/23_60.png,,F. Kaša,ZAG,28,71,Czech Republic,/258/333/23_60.png,,Denes Dibusz,GOL,31,74,Hungary,wiki/52470.png,,Maxim Plakushchenko,MC,26,69,Israel,wiki/99848.png,,Marius Corbu,MEI,20,70,Romania,wiki/108937.png,,Áron Csongvai,MC,21,69,Hungary,wiki/109085.png,,Claude Goncalves,MC MD,28,72,Portugal,wiki/70522.png,,Brayan Moreno,ATA,23,68,Colombia,wiki/missing_player.jpg,,Aleksandar Lutovac,ATA MEI,25,74,Serbia,wiki/84467.png,,Nenad Krsticic,MC MEI MD,32,75,Serbia,wiki/30639.png,,
a,Robert Ljubicic,MD ME LE,23,74,Austria,wiki/101149.png,,Denis Busnja,PE ATA,22,69,Croatia,wiki/100399.png,,D. Čolina,LE,21,68,Croatia,/262/579/23_60.png,,J. Dawa,ZAG,26,66,Cameroon,/252/675/23_60.png,,D. Kolinger,ZAG,28,66,Croatia,/260/841/23_60.png,,Tomas Cvancara,ATA,22,74,Czech Republic,wiki/99771.png,,V. Jurečka,ATA MD,28,72,Czech Republic,/269/510/23_60.png,,L. Holík,LD LE,24,71,Czech Republic,/267/822/23_60.png,,Samy Mmaee,VOL ZAG,26,74,Morocco,wiki/74712.png,,Albi Doka,LD ZAG,25,69,Albania,wiki/106280.png,,Jozef Urblik,MC MD,26,70,Slovakia,wiki/72271.png,,Jack Lahne,ATA MEI,20,69,Sweden,wiki/94709.png,,Matias Tissera,ATA,26,72,Argentina,wiki/90328.png,,Dimitar Evtimov,GOL,29,68,Bulgaria,wiki/68571.png,,Svetozar Markovic,ZAG,22,74,Serbia,wiki/91258.png,,Srdjan Mijailovic,VOL ZAG,28,74,Serbia,wiki/49616.png,,
a,Marko Bulat,MC MEI MD,21,74,Croatia,wiki/97455.png,,Martin Zlomislic,GOL,24,69,Bosnia,wiki/94227.png,,L. Grgic,VOL MC,26,68,Austria,/239/091/23_60.png,,B. Rusu,ATA,32,66,Romania,/251/780/23_60.png,,C. Bălgrădean,GOL,34,66,Romania,/206/272/23_60.png,,Asger Sorensen,VOL ZAG,26,74,Denmark,wiki/74997.png,,T. Kacharaba,ZAG,27,72,Ukraine,/260/314/23_60.png,,M. Tijani,ZAG,24,70,Ivory Coast,/256/021/23_60.png,,Endre Botka,MD LD ZAG,28,72,Hungary,wiki/74393.png,,Vidar Ari Jonsson,MD MC MEI ZAG,28,69,Iceland,wiki/90675.png,,Alen Skribek,ATA MEI,21,69,Hungary,wiki/missing_player.jpg,,Abdoulaye Diaby,ZAG,22,68,Mali,wiki/102361.png,,Dominik Yankov,MEI MC,22,71,Bulgaria,wiki/108024.png,,Bismark Charles,ATA MEI,21,67,Ghana,wiki/110805.png,,Nemanja Stevanovic,GOL,30,72,Serbia,wiki/59717.png,,Slavoljub Srnic,MEI MC,30,74,Serbia,wiki/46843.png,,
a,Antonio Marin,PE MEI,21,74,Croatia,wiki/95198.png,,Damjan Pavlovic,MD LE ZAG,21,69,Serbia,wiki/106002.png,,D. Mikanović,LD,28,68,Croatia,/229/657/23_60.png,,J. Tamm,ZAG,30,66,Estonia,/202/904/23_60.png,,R. Janga,ATA,30,66,Curacao,/193/056/23_60.png,,Filip Panak,MD MC ZAG,26,74,Czech Republic,wiki/88104.png,,C. Tiéhi,VOL,24,72,Ivory Coast,/243/665/23_60.png,,M. Jedlička,GOL,24,70,Czech Republic,/269/511/23_60.png,,Giorgi Kharaishvili,MEI MC,26,72,Georgia,wiki/87155.png,,Tomas Tujvel,GOL,39,68,Slovakia,wiki/27716.png,,Mohamed Mezghrani,MD LD ZAG,28,69,Belgium,wiki/97933.png,,Filip Pajovic,GOL,29,68,Serbia,wiki/79063.png,,Zan Karnicnik,LD,28,70,Slovenia,wiki/109807.png,,Stanislav Shopov,MEI MC,20,66,Bulgaria,wiki/106154.png,,Milan Lukac,GOL,37,70,Serbia,wiki/34691.png,,Strahinja Erakovic,LD,21,74,Serbia,wiki/100313.png,,
a,Sadegh Moharrami,MD MC PD ZAG,26,74,Iran,wiki/95239.png,,Gabriel Lunetta,MEI MC,26,69,Italy,wiki/106203.png,,M. Ljubičić,ATA MD,20,68,Croatia,/262/587/23_60.png,,D. Haruț,LD ZAG VOL,23,66,Romania,/251/636/23_60.png,,S. Buș,ATA,29,65,Romania,/227/561/23_60.png,,Adam Karabec,MEI MC,19,72,Czech Republic,wiki/103323.png,,D. Hovorka,ZAG,28,72,Czech Republic,/240/033/23_60.png,,M. N'Diaye,VOL MC,25,69,Senegal,/263/282/23_60.png,,Ádam Bogdan,GOL,35,72,Hungary,wiki/21095.png,,Christian Gomis,ZAG,24,68,France,wiki/108056.png,,Tamas Markek,GOL,31,67,Hungary,wiki/missing_player.jpg,,Miroslav Bjelos,MC MD,31,68,Serbia,wiki/88532.png,,Jakub Piotrowski,MC MEI MD,25,70,Poland,wiki/84439.png,,Mauricio Garcez,ATA,25,66,Brazil,wiki/111908.png,,Hamidou Traore,MC MD,26,70,Mali,wiki/91340.png,,Kings Kangwa,MEI MC,23,72,Zambia,wiki/11619.png,,
a,Luka Menalo,ATA MEI,26,74,Bosnia,wiki/89669.png,,Andres Solano,MD LD ZAG,24,68,Colombia,wiki/91012.png,,S. Eduok,PD PE,28,67,Nigeria,/236/300/23_60.png,,A. Vlad,GOL,23,66,Romania,/248/018/23_60.png,,L. Cvek,VOL MC,26,65,Croatia,/268/134/23_60.png,,Martin Minchev,ATA MEI,21,72,Bulgaria,wiki/100598.png,,J. Bořil,LE LD,31,72,Czech Republic,/204/125/23_60.png,,J. Kliment,ATA,28,69,Czech Republic,/229/154/23_60.png,,Mats Knoester,ZAG,23,72,Netherlands,wiki/96030.png,,Bertalan Bocskay,MC MD,20,67,Hungary,wiki/108951.png,,Brandon Ormonde-Ottewill,MD LE ZAG,26,67,England,wiki/81800.png,,Simeon Ajanah-Chinedu,ZAG,21,67,Nigeria,wiki/109086.png,,Pedro Henrique,ZAG,21,70,Brazil,wiki/104774.png,,Zhirayr Shaghoyan,PE ATA,21,65,Armenia,wiki/113520.png,,Patrick Andrade,MEI MC,29,69,Cape Verde,wiki/81354.png,,Srdjan Spiridonovic,ATA MEI,28,72,Austria,wiki/65463.png,,
a,Mahir Emreli,ATA MEI,25,73,Azerbaijan,wiki/45442.png,,David Nwolokor,GOL,26,67,Nigeria,wiki/81345.png,,A. Kalik,MEI MC VOL,24,67,Australia,/225/054/23_60.png,,R. Oaidă,MC VOL,24,65,Romania,/235/380/23_60.png,,Roger,PE PD MEI,26,65,Brazil,/260/304/23_60.png,,Casper Hojer,MD LE ZAG,27,72,Denmark,wiki/88433.png,,S. Tecl,ATA,31,71,Czech Republic,/198/429/23_60.png,,M. Tvrdoň,GOL,27,68,Slovakia,/263/283/23_60.png,,Rasmus Thelander,ZAG,31,71,Denmark,wiki/58379.png,,Boubacar Traore,ATA,22,66,Mali,wiki/108946.png,,György Komaromi,ATA MEI,20,67,Hungary,wiki/108934.png,,Luca Mack,VOL ZAG,22,67,Germany,wiki/104797.png,,Danny Gruper,MD MC PE ZAG,23,68,Israel,wiki/108478.png,,Yoan Baurenski,MC MD,20,62,Bulgaria,wiki/missing_player.jpg,,Zlatan Sehovic,MD LE ZAG,22,69,Serbia,wiki/96094.png,,Zoran Popovic,GOL,34,72,Serbia,wiki/64554.png,,
a,Daniel Štefulj,MD LE ZAG,22,72,Croatia,wiki/103072.png,,Adrian Liber,MC MEI MD,21,67,Croatia,wiki/95586.png,,D. Subašić,GOL,37,67,Croatia,/192/593/23_60.png,,R. Bouhenna,ZAG,31,65,Algeria,/205/300/23_60.png,,O. Hoban,VOL,39,63,Romania,/168/990/23_60.png,,Martin Vitik,VOL ZAG,19,70,Czech Republic,wiki/107826.png,,Eduardo Santos,ZAG LD,24,71,Brazil,/267/839/23_60.png,,E. Jirka,MD ME,24,68,Slovakia,/255/699/23_60.png,,Henry Wingo,MD MC PD ZAG,27,71,United States,wiki/89858.png,,Zalan Kerezsi,ATA,19,59,Hungary,wiki/missing_player.jpg,,Lamin Colley,ATA,29,65,Gambia,wiki/missing_player.jpg,,Matyas Katona,MEI,22,66,Hungary,wiki/109091.png,,Pedro Naressi,MD MC LD,24,67,Brazil,wiki/104274.png,,Hristiyan Petrov,ZAG,20,62,Bulgaria,wiki/112171.png,,Kristijan Belic,VOL ZAG,21,65,Serbia,wiki/missing_player.jpg,,Stefan Mitrovic,ATA ATA,20,72,Serbia,wiki/107051.png,,
a,Dario Špikic,PE ATA,23,72,Croatia,wiki/90265.png,,Filip Braut,MD LD ZAG,20,66,Croatia,wiki/104116.png,,K. Dimitrov,ZAG,25,65,Bulgaria,/252/738/23_60.png,,A. Pantea,LD LE,18,65,Romania,/256/898/23_60.png,,E. Yeboah,PD ATA,19,61,Ghana,/270/368/23_60.png,,Krystof Danek,MEI MC,19,70,Czech Republic,wiki/107021.png,,J. Hromada,VOL MC,26,71,Slovakia,/227/706/23_60.png,,F. Bassey,ATA,23,67,Nigeria,/266/462/23_60.png,,Jose Marquinhos,MEI MC,22,70,Brazil,wiki/98355.png,,Noel Keresztes,MC,18,57,Hungary,wiki/missing_player.jpg,,Patrik Posztobanyi,VOL ZAG,20,64,Hungary,wiki/102211.png,,Fernand Goure,ATA,20,65,Ivory Coast,wiki/missing_player.jpg,,Jhonatan Rick,PE ATA,23,67,Brazil,wiki/102178.png,,Asen Donchev,MD LD MEI ZAG,20,60,Bulgaria,wiki/108030.png,,Nikola Lakcevic,MEI,22,65,Serbia,wiki/96688.png,,Nikola Vasiljevic,GOL,26,70,Serbia,wiki/73367.png,,
a,Danijel Zagorac,GOL,35,72,Croatia,wiki/47815.png,,Roko Jurisic,MD LE ZAG,21,66,Croatia,wiki/103358.png,,K. Sentić,GOL,21,64,Croatia,/262/577/23_60.png,,O. Horșia,PD MEI PE,21,64,Romania,/251/072/23_60.png,,D. Bîrligea,ATA,22,60,Romania,/266/728/23_60.png,,Dominik Holec,GOL,28,70,Slovakia,wiki/77586.png,,D. Douděra,LD MD,24,71,Czech Republic,/269/509/23_60.png,,R. Dedič,ATA,28,62,Slovakia,/270/344/23_60.png,,Gergõ Szecsi,GOL,33,68,Hungary,wiki/67859.jpg,,Gellert Duzs,GOL,20,57,Hungary,wiki/missing_player.jpg,,Balazs Bakti,MEI MC,17,62,Hungary,wiki/120793.png,,Kevin Csoboth,ATA MEI,22,65,Hungary,wiki/101243.png,,Igor Thiago,ATA,21,65,Brazil,wiki/104195.png,,Mark Emilio Papazov,ATA,19,59,Bulgaria,wiki/missing_player.jpg,,Samed Bazdar,ATA MEI,18,60,Serbia,wiki/112137.png,,Ibrahim Mustapha,PE ATA,22,67,Ghana,wiki/106913.png,,
a,Marko Djira,MC MD,23,70,Croatia,wiki/90299.png,,Veldin Hodža,MC MD,19,65,Croatia,wiki/120935.png,,I. Šarić,ATA,21,63,Croatia,/263/478/23_60.png,,I. Stoica,ATA PD ATA,19,64,Romania,/247/955/23_60.png,,R. Bălan,ZAG,22,59,Romania,/271/163/23_60.png,,Jan Mejdr,MD MC PD ZAG,27,69,Czech Republic,wiki/missing_player.jpg,,P. Kovář,GOL,36,65,Czech Republic,/192/792/23_60.png,,,,,,,,,Lorand Paszka,MD MC PE ZAG,26,67,Hungary,wiki/missing_player.jpg,,,,,,,,,,,,,,,,Csanad Feher,VOL ZAG,20,58,Hungary,wiki/missing_player.jpg,,Ivan Yordanov,MEI MC,21,64,Bulgaria,wiki/108025.png,,Aleksandar Buchkov,MD MC PD ZAG,19,59,Bulgaria,wiki/missing_player.jpg,,Mihajlo Petkovic,PE MC,18,59,Serbia,wiki/112134.png,,Irakli Azarovi,MD LE ZAG,20,66,Georgia,wiki/102289.png,,
a,Martin Baturina,MC MEI MD,19,70,Croatia,wiki/111996.png,,Ivan Smolcic,ZAG,22,65,Croatia,wiki/104004.png,,D. Prpić,ZAG,18,61,Croatia,/271/300/23_60.png,,E. Radaslavescu,MC MEI,17,63,Romania,/265/431/23_60.png,,A. Gîdea,PD PE MC,22,57,Romania,/260/833/23_60.png,,Vojtech Vorel,GOL,26,69,Czech Republic,wiki/81230.png,,M. Jurásek,ME MD,18,63,Czech Republic,/271/296/23_60.png,,,,,,,,,Andras Csonka,MC MD,22,66,Hungary,wiki/94997.png,,,,,,,,,,,,,,,,,,,,,,,,,,,,,,Simeon Aleksandrov,MEI,19,59,Bulgaria,wiki/missing_player.jpg,,Vanja Vlahovic,MEI,18,57,Serbia,wiki/107172.png,,Nikola Mituljikic,MEI MC,19,65,Serbia,wiki/missing_player.jpg,,
a,Gabrijel Rukavina,PE ATA,18,65,Croatia,wiki/116359.png,,Matija Frigan,ATA ATA,19,65,Croatia,wiki/112012.png,,I. Krolo,VOL MC,19,59,Croatia,/271/304/23_60.png,,O. Perianu,VOL MC,20,62,Romania,/248/443/23_60.png,,R. Sava,GOL,20,55,Romania,/266/803/23_60.png,,Jan Fortelny,MEI MC,23,67,Czech Republic,wiki/missing_player.jpg,,,,,,,,,,,,,,,,Dragan Cubra,MD LD ZAG,20,60,Serbia,wiki/missing_player.jpg,,,,,,,,,,,,,,,,,,,,,,,,,,,,,,Iliya Shalamanov-Trenkov,GOL,20,57,Australia,wiki/112172.png,,,,,,,,,Nikola Stankovic,MC MEI MD,19,65,Serbia,wiki/118922.png,,
a,,,,,,,,Niko Galesic,VOL ZAG,21,65,Croatia,wiki/106277.png,,,,,,,,,R. Ducan,GOL,21,62,Romania,/248/019/23_60.png,,,,,,,,,Martin Suchomel,LE ZAG,20,65,Czech Republic,wiki/missing_player.jpg,,,,,,,,,,,,,,,,Zyen Jones,PE ATA,22,59,United States,wiki/100944.png,,,,,,,,,,,,,,,,,,,,,,,,,,,,,,Ivan Mitrev,MEI MC,23,57,Bulgaria,wiki/112884.png,,,,,,,,,Egor Prutsev,MEI,19,65,Russia,wiki/108892.png,,
a,,,,,,,,Nikita Vlasenko,ZAG,21,65,Switzerland,wiki/105811.png,,,,,,,,,C. Dumitru,PE PD,20,61,Romania,/251/073/23_60.png,,,,,,,,,Matej,ATA,22,65,Czech Republic,wiki/103179.png,,,,,,,,,,,,,,,,,,,,,,,,,,,,,,,,,,,,,,,,,,,,,,,,,,,Hristo Radkov,MC,21,55,Bulgaria,wiki/missing_player.jpg,,,,,,,,,Nemanja Motika,ATA ATA,19,65,Serbia,wiki/114237.png,,
a,,,,,,,,Admir Bristric,ATA MEI,19,65,Bosnia,wiki/120937.png,,,,,,,,,S. Șerban,LE,22,61,Romania,/252/321/23_60.png,,,,,,,,,,,,,,,,,,,,,,,,,,,,,,,,,,,,,,,,,,,,,,,,,,,,,,,,,,,,,,,,,Kaloyan Stoilov,MC,19,54,Bulgaria,wiki/missing_player.jpg,,,,,,,,,Vuk Bogdanovic,ZAG,20,60,Serbia,wiki/missing_player.jpg,,
a,,,,,,,,Bernard Karrica,ATA ATA,21,65,Albania,wiki/103400.png,,,,,,,,,M. Lixandru,VOL MC,21,60,Romania,/253/758/23_60.png,,,,,,,,,,,,,,,,,,,,,,,,,,,,,,,,,,,,,,,,,,,,,,,,,,,,,,,,,,,,,,,,,,,,,,,,,,,,,,,Nikola Knezevic,MEI MC,19,59,Serbia,wiki/missing_player.jpg,,
a,,,,,,,,Mislav Zadro,GOL,19,62,Croatia,wiki/118228.png,,,,,,,,,A. Musi,PE MEI,17,59,Romania,/263/147/23_60.png,,,,,,,,,,,,,,,,,,,,,,,,,,,,,,,,,,,,,,,,,,,,,,,,,,,,,,,,,,,,,,,,,,,,,,,,,,,,,,,Marko Ćopic,GOL,19,57,Serbia,wiki/107175.png,,
a,,,,,,,,Pablo Álvarez,MC MD,25,62,Spain,wiki/113365.png,,,,,,,,,,,,,,,,,,,,,,,,,,,,,,,,,,,,,,,,,,,,,,,,,,,,,,,,,,,,,,,,,,,,,,,,,,,,,,,,,,,,,,,,,,,,,,,,,,,,
a,,,,,,,,Marino Kukoc,MC MD,18,59,Croatia,wiki/missing_player.jpg,,,,,,,,,,,,,,,,,,,,,,,,,,,,,,,,,,,,,,,,,,,,,,,,,,,,,,,,,,,,,,,,,,,,,,,,,,,,,,,,,,,,,,,,,,,,,,,,,,,,
a,,,,,,,,Noel Bodetic,MD LE ZAG,18,57,Croatia,wiki/missing_player.jpg,,,,,,,,,,,,,,,,,,,,,,,,,,,,,,,,,,,,,,,,,,,,,,,,,,,,,,,,,,,,,,,,,,,,,,,,,,,,,,,,,,,,,,,,,,,,,,,,,,,,
a,,,,,,,,Antonio Frigan,GOL,19,57,Croatia,wiki/missing_player.jpg,,,,,,,,,,,,,,,,,,,,,,,,,,,,,,,,,,,,,,,,,,,,,,,,,,,,,,,,,,,,,,,,,,,,,,,,,,,,,,,,,,,,,,,,,,,,,,,,,,,,
a,,,,,,,,Duje Dujmovic,ZAG,18,55,Croatia,wiki/119746.png,,,,,,,,,,,,,,,,,,,,,,,,,,,,,,,,,,,,,,,,,,,,,,,,,,,,,,,,,,,,,,,,,,,,,,,,,,,,,,,,,,,,,,,,,,,,,,,,,,,,
a,,,,,,,,,,,,,,,,,,,,,,,,,,,,,,,,,,,,,,,,,,,,,,,,,,,,,,,,,,,,,,,,,,,,,,,,,,,,,,,,,,,,,,,,,,,,,,,,,,,,,,,,,,,,,,,,,
a,,,,,,,,,,,,,,,,,,,,,,,,,,,,,,,,,,,,,,,,,,,,,,,,,,,,,,,,,,,,,,,,,,,,,,,,,,,,,,,,,,,,,,,,,,,,,,,,,,,,,,,,,,,,,,,,,
a,,,,,,,,,,,,,,,,,,,,,,,,,,,,,,,,,,,,,,,,,,,,,,,,,,,,,,,,,,,,,,,,,,,,,,,,,,,,,,,,,,,,,,,,,,,,,,,,,,,,,,,,,,,,,,,,,
a,,,,,,,,,,,,,,,,,,,,,,,,,,,,,,,,,,,,,,,,,,,,,,,,,,,,,,,,,,,,,,,,,,,,,,,,,,,,,,,,,,,,,,,,,,,,,,,,,,,,,,,,,,,,,,,,,
a,,,,,,,,,,,,,,,,,,,,,,,,,,,,,,,,,,,,,,,,,,,,,,,,,,,,,,,,,,,,,,,,,,,,,,,,,,,,,,,,,,,,,,,,,,,,,,,,,,,,,,,,,,,,,,,,,
a,,,,,,,,,,,,,,,,,,,,,,,,,,,,,,,,,,,,,,,,,,,,,,,,,,,,,,,,,,,,,,,,,,,,,,,,,,,,,,,,,,,,,,,,,,,,,,,,,,,,,,,,,,,,,,,,,
a,,,,,,,,,,,,,,,,,,,,,,,,,,,,,,,,,,,,,,,,,,,,,,,,,,,,,,,,,,,,,,,,,,,,,,,,,,,,,,,,,,,,,,,,,,,,,,,,,,,,,,,,,,,,,,,,,
a,,,,,,,,,,,,,,,,,,,,,,,,,,,,,,,,,,,,,,,,,,,,,,,,,,,,,,,,,,,,,,,,,,,,,,,,,,,,,,,,,,,,,,,,,,,,,,,,,,,,,,,,,,,,,,,,,
a,,,,,,,,,,,,,,,,,,,,,,,,,,,,,,,,,,,,,,,,,,,,,,,,,,,,,,,,,,,,,,,,,,,,,,,,,,,,,,,,,,,,,,,,,,,,,,,,,,,,,,,,,,,,,,,,,
a,,,,,,,,,,,,,,,,,,,,,,,,,,,,,,,,,,,,,,,,,,,,,,,,,,,,,,,,,,,,,,,,,,,,,,,,,,,,,,,,,,,,,,,,,,,,,,,,,,,,,,,,,,,,,,,,,
a,,,,,,,,,,,,,,,,,,,,,,,,,,,,,,,,,,,,,,,,,,,,,,,,,,,,,,,,,,,,,,,,,,,,,,,,,,,,,,,,,,,,,,,,,,,,,,,,,,,,,,,,,,,,,,,,,
a,,,,,,,,,,,,,,,,,,,,,,,,,,,,,,,,,,,,,,,,,,,,,,,,,,,,,,,,,,,,,,,,,,,,,,,,,,,,,,,,,,,,,,,,,,,,,,,,,,,,,,,,,,,,,,,,,

