a,Birmingham,,,,,,,Blackburn,,,,,,,Bournemouth,,,,,,,Burnley,,,,,,,Brighton,,,,,,,Derby County,,,,,,,Fulham,,,,,,,Middlesbrough,,,,,,,Norwich,,,,,,,Nottingham Forest,,,,,,,QPR,,,,,,,Reading,,,,,,,Sheffield United,,,,,,,Stoke City,,,,,,,Swansea,,,,,,,Watford,,,,,,,
a,M. Colin,LD LD ZAG,30,71,France,/201/136/23_60.png,,B. Brereton Díaz,ATA PE,23,75,Chile,/233/795/23_60.png,,Neto,GOL,32,81,Brazil,/194/404/23_60.png,,W. Weghorst,ATA,29,79,Netherlands,/223/689/23_60.png,,L. Dunk,ZAG,30,79,England,/199/915/23_60.png,,C. Hourihane,MC VOL,31,72,Ireland,/193/849/23_60.png,,Palhinha,VOL MC,26,81,Portugal,/229/391/23_60.png,,Z. Steffen,GOL,27,77,United States,/234/777/23_60.png,,T. Krul,GOL,34,76,Netherlands,/170/597/23_60.png,,R. Freuler,MC VOL,30,80,Switzerland,/202/024/23_60.png,,R. Dickie,ZAG,26,74,England,/223/159/23_60.png,,M. Loum,VOL MC,25,73,Senegal,/245/021/23_60.png,,S. Berge,VOL MC,24,75,Norway,/228/092/23_60.png,,L. Baker,MC VOL,27,72,England,/211/504/23_60.png,,M. Grimes,MC VOL,26,73,England,/212/118/23_60.png,,Mario Gaspar,LD,31,78,Spain,/192/789/23_60.png,,
a,K. Bielik,VOL,24,71,Poland,/224/763/23_60.png,,L. Travis,VOL MC,24,73,England,/234/319/23_60.png,,M. Senesi,ZAG,25,77,Argentina,/236/506/23_60.png,,C. Taylor,LE ZAG,28,75,England,/204/760/23_60.png,,L. Trossard,ME ATA MEI,27,79,Belgium,/207/421/23_60.png,,K. Bielik,VOL,24,71,Poland,/224/763/23_60.png,,B. Leno,GOL,30,80,Germany,/192/563/23_60.png,,D. Fry,ZAG,24,73,England,/229/682/23_60.png,,T. Pukki,ATA,32,75,Finland,/190/362/23_60.png,,Renan Lodi,LE ME,24,80,Brazil,/251/573/23_60.png,,L. Balogun,ZAG,34,74,Nigeria,/188/182/23_60.png,,A. Yiadom,LD LD ZAG,30,72,Ghana,/208/052/23_60.png,,J. Egan,ZAG,29,74,Ireland,/204/936/23_60.png,,H. Souttar,ZAG,23,72,Australia,/229/901/23_60.png,,J. Piroe,ATA PD MEI,22,73,Netherlands,/247/249/23_60.png,,I. Sarr,MD PD,24,77,Senegal,/235/353/23_60.png,,
a,M. Roberts,ZAG,31,70,England,/228/829/23_60.png,,T. Kaminski,GOL,29,73,Belgium,/188/400/23_60.png,,D. Brooks,PD MD,24,76,Wales,/220/196/23_60.png,,J. Cullen,VOL MC,26,75,Ireland,/228/151/23_60.png,,P. Estupiñán,LE LE,24,79,Ecuador,/237/942/23_60.png,,C. Davies,ZAG,37,70,England,/163/761/23_60.png,,A. Mitrović,ATA,27,78,Serbia,/215/716/23_60.png,,P. McNair,ZAG VOL MC,27,73,Northern Ireland,/213/697/23_60.png,,I. Hayden,VOL MC ZAG,27,75,England,/206/115/23_60.png,,D. Henderson,GOL,25,79,England,/233/306/23_60.png,,C. Willock,MEI ATA,24,73,England,/225/785/23_60.png,,Lucas João,ATA,28,72,Angola,/210/556/23_60.png,,W. Foderingham,GOL,31,74,England,/193/182/23_60.png,,N. Powell,MEI MC ATA,28,72,England,/201/093/23_60.png,,J. Paterson,PE MC MEI,30,72,England,/199/960/23_60.png,,H. Kamara,LE ME,28,75,Ivory Coast,/220/421/23_60.png,,
a,A. Trusty,ZAG LE,23,70,United States,/235/755/23_60.png,,B. Dack,MEI MC,28,72,England,/211/098/23_60.png,,D. Solanke,ATA,24,75,England,/225/539/23_60.png,,J. Brownhill,MC MEI MD,26,75,England,/220/659/23_60.png,,J. Veltman,ZAG LD LD,30,78,Netherlands,/208/004/23_60.png,,M. Bird,VOL MC,21,70,England,/241/419/23_60.png,,D. James,MD ATA ME,24,77,Wales,/232/104/23_60.png,,I. Jones,LD,23,73,England,/253/055/23_60.png,,T. Cantwell,ME MC MD,24,74,England,/225/748/23_60.png,,J. Lingard,MEI,29,78,England,/207/494/23_60.png,,S. Dieng,GOL,27,72,Senegal,/239/358/23_60.png,,J. Hendrick,MC MD,30,71,Ireland,/200/478/23_60.png,,O. Norwood,VOL MC,31,73,Northern Ireland,/186/143/23_60.png,,O. Etebo,VOL MC,26,72,Nigeria,/234/457/23_60.png,,J. Allen,VOL MC,32,71,Wales,/184/716/23_60.png,,K. Hause,ZAG,26,75,England,/210/635/23_60.png,,
a,J. Ruddy,GOL,35,70,England,/163/600/23_60.png,,D. Hyam,ZAG,26,71,Scotland,/221/281/23_60.png,,J. Lerma,VOL MC,27,75,Colombia,/213/991/23_60.png,,A. Westwood,VOL MC,32,75,England,/189/280/23_60.png,,P. Groß,MC MD,31,77,Germany,/190/765/23_60.png,,J. Knight,MC ME LD,21,69,Ireland,/252/376/23_60.png,,K. Mbabu,LD,27,77,Switzerland,/210/625/23_60.png,,D. Lenihan,ZAG,28,73,Ireland,/211/009/23_60.png,,M. Aarons,LD LD,22,74,England,/240/060/23_60.png,,W. Boly,ZAG,31,78,Ivory Coast,/202/750/23_60.png,,I. Chair,MEI,24,71,Morocco,/238/490/23_60.png,,Y. Méïté,ATA MD,26,71,Ivory Coast,/233/730/23_60.png,,J. Fleck,MC VOL,30,73,Scotland,/189/177/23_60.png,,D. Gayle,ATA PE,31,71,England,/205/670/23_60.png,,R. Manning,LE ZAG LE,26,71,Ireland,/226/012/23_60.png,,C. Kabasele,ZAG,31,74,Belgium,/190/324/23_60.png,,
a,J. Bacuna,MC MEI,24,70,Curacao,/226/677/23_60.png,,J. Buckley,MEI MC,22,71,England,/242/749/23_60.png,,P. Billing,MC MEI,26,75,Denmark,/220/714/23_60.png,,C. Roberts,LD LD,26,75,Wales,/225/147/23_60.png,,D. Undav,ATA,25,77,Germany,/244/176/23_60.png,,D. McGoldrick,ATA MEI,34,69,Ireland,/180/818/23_60.png,,I. Diop,ZAG,25,77,France,/231/633/23_60.png,,C. Akpom,ATA,26,72,England,/213/418/23_60.png,,G. Hanley,ZAG,30,74,Scotland,/198/904/23_60.png,,M. Niakhaté,ZAG,26,78,France,/225/859/23_60.png,,S. Johansen,MC MEI,31,71,Norway,/187/043/23_60.png,,A. Carroll,ATA,33,71,England,/182/836/23_60.png,,C. Basham,ZAG,33,73,England,/184/274/23_60.png,,A. Flint,ZAG,32,71,England,/202/408/23_60.png,,O. Ntcham,MC MEI PD,26,71,Cameroon,/218/745/23_60.png,,I. Louza,MC VOL,23,74,Morocco,/242/794/23_60.png,,
a,T. Chong,ME MEI PD,22,70,Netherlands,/233/510/23_60.png,,S. Wharton,ZAG,24,71,England,/231/540/23_60.png,,L. Cook,MC VOL,25,74,England,/224/294/23_60.png,,J. Beyer,ZAG LD,22,74,Germany,/242/660/23_60.png,,Robert Sánchez,GOL,24,77,Spain,/228/789/23_60.png,,T. Barkhuizen,ME MD LD,28,68,England,/201/240/23_60.png,,Willian,MD PD PE,33,77,Brazil,/180/403/23_60.png,,A. Mowatt,MC VOL,27,72,England,/213/798/23_60.png,,M. Rashica,ME MD ATA,26,74,Kosovo,/229/167/23_60.png,,S. Aurier,LD LD,29,78,Ivory Coast,/197/853/23_60.png,,L. Dykes,ATA,26,70,Scotland,/247/279/23_60.png,,T. Ince,MD ATA MC,30,70,England,/200/521/23_60.png,,J. Bogle,LD LD,21,73,England,/244/591/23_60.png,,S. Clucas,MC VOL,31,70,England,/193/884/23_60.png,,M. Obafemi,ATA,21,70,Ireland,/242/265/23_60.png,,I. Pussetto,ATA ATA,26,74,Argentina,/219/536/23_60.png,,
a,T. Deeney,ATA,34,70,England,/183/125/23_60.png,,S. Gallagher,ATA PD,26,70,England,/213/905/23_60.png,,R. Christie,PD MD,27,74,Scotland,/213/884/23_60.png,,J. Cork,VOL MC,33,74,England,/169/706/23_60.png,,A. Webster,ZAG,27,76,England,/207/616/23_60.png,,K. Smith,MC VOL,31,68,England,/189/619/23_60.png,,Vinícius,ATA,27,76,Brazil,/244/621/23_60.png,,M. Clarke,ZAG,25,72,England,/221/600/23_60.png,,D. Giannoulis,LE LE,26,73,Greece,/236/457/23_60.png,,C. Kouyaté,VOL ZAG MC,32,77,Senegal,/186/801/23_60.png,,E. Laird,LD LD,20,70,England,/246/159/23_60.png,,S. Long,ATA,35,70,Ireland,/169/216/23_60.png,,B. Sharp,ATA,36,72,England,/163/050/23_60.png,,J. Laurent,VOL MC MEI,27,70,England,/217/826/23_60.png,,K. Naughton,ZAG LD,33,70,England,/186/598/23_60.png,,M. Okoye,GOL,22,73,Nigeria,/257/288/23_60.png,,
a,I. Šunjić,VOL MC,25,70,Croatia,/244/271/23_60.png,,T. Dolan,PD ATA,20,70,England,/257/063/23_60.png,,J. Stephens,ZAG,28,74,England,/202/697/23_60.png,,J. Rodriguez,ATA,32,74,England,/169/792/23_60.png,,E. Mwepu,MC MEI VOL,24,76,Zambia,/243/231/23_60.png,,N. Mendez-Laing,MD ME,30,68,England,/194/964/23_60.png,,Andreas Pereira,MEI MC MD,26,76,Brazil,/208/450/23_60.png,,R. McGree,MC MEI,23,71,Australia,/233/487/23_60.png,,S. Byram,LE LD,28,72,England,/208/892/23_60.png,,T. Awoniyi,ATA,24,77,Nigeria,/230/978/23_60.png,,T. Roberts,MEI MC,23,70,Wales,/228/815/23_60.png,,O. Ejaria,ME MC MEI,24,70,England,/236/246/23_60.png,,M. Lowe,LE LE,25,72,England,/212/100/23_60.png,,J. Brown,ATA MD LD,24,70,Scotland,/236/650/23_60.png,,B. Cabango,ZAG,22,70,Wales,/248/687/23_60.png,,T. Cleverley,MC,32,73,England,/189/725/23_60.png,,
a,P. Płacheta,ME,24,69,Poland,/239/439/23_60.png,,R. Hedges,PD MD MEI,26,70,Wales,/218/343/23_60.png,,R. Fredericks,LD LD,29,74,England,/205/346/23_60.png,,M. Lowton,LD,33,73,England,/199/633/23_60.png,,A. Mac Allister,MEI MC,23,76,Argentina,/239/837/23_60.png,,J. Chester,ZAG,33,68,Wales,/186/130/23_60.png,,M. Solomon,ME MD MEI,22,76,Israel,/246/791/23_60.png,,R. Giles,LE PE,22,71,England,/243/608/23_60.png,,C. Tzolis,PE PD,20,72,Greece,/256/948/23_60.png,,E. Dennis,ATA PE PD,24,76,Nigeria,/239/015/23_60.png,,J. Dunne,ZAG,24,70,Ireland,/235/156/23_60.png,,B. Rahman,LE LE,27,70,Ghana,/209/620/23_60.png,,C. Clark,ZAG,32,72,Ireland,/183/129/23_60.png,,J. Tymon,LE LE,23,70,England,/232/759/23_60.png,,J. Fulton,VOL MC,28,70,Scotland,/221/890/23_60.png,,H. Choudhury,VOL MC,24,73,England,/228/332/23_60.png,,
a,N. Etheridge,GOL,32,69,Philippines,/193/186/23_60.png,,Daniel Ayala,ZAG,31,70,Spain,/194/334/23_60.png,,A. Smith,LD LD LE,31,74,England,/190/885/23_60.png,,B. Manuel,MD PD PE,25,73,Belgium,/222/724/23_60.png,,S. March,LE MD,27,75,England,/206/594/23_60.png,,J. Collins,ATA,31,68,Ireland,/194/018/23_60.png,,H. Wilson,MD PD MEI,25,76,Wales,/220/710/23_60.png,,T. Smith,LD LD,30,71,England,/203/783/23_60.png,,A. Gunn,GOL,26,72,England,/216/325/23_60.png,,O. Mangala,MC VOL,24,75,Belgium,/234/078/23_60.png,,A. Adomah,MD LD,34,69,Ghana,/186/783/23_60.png,,J. Hoilett,ME LD LE,32,70,Canada,/189/462/23_60.png,,B. Osborn,LE ME MC,27,72,England,/210/985/23_60.png,,T. Edwards,LD LD ZAG,23,70,England,/238/319/23_60.png,,H. Darling,ZAG,22,68,England,/236/551/23_60.png,,F. Sierralta,ZAG,25,72,Chile,/228/681/23_60.png,,
a,J. Graham,MD LD,27,69,England,/202/799/23_60.png,,C. Brittain,LD LD,24,69,England,/232/185/23_60.png,,J. Stacey,LD LD,26,73,England,/221/282/23_60.png,,A. Murić,GOL,23,72,Kosovo,/233/164/23_60.png,,A. Lallana,MC,34,75,England,/180/819/23_60.png,,L. Sibley,MEI MD,20,67,England,/245/340/23_60.png,,H. Reed,VOL MC,27,75,England,/205/990/23_60.png,,J. Howson,VOL MC,34,71,England,/183/422/23_60.png,,Gabriel Sara,MEI MC,23,71,Brazil,/270/571/23_60.png,,M. Gibbs-White,MEI ATA MD,22,75,England,/236/015/23_60.png,,J. Clarke-Salter,ZAG,24,69,England,/230/774/23_60.png,,S. Hutchinson,ZAG VOL,32,68,England,/169/708/23_60.png,,J. Robinson,ZAG LE,28,72,England,/199/027/23_60.png,,T. Campbell,ATA MD PD,22,69,England,/240/783/23_60.png,,L. Walsh,MC VOL,24,68,England,/227/995/23_60.png,,S. Kalu,ME PD,24,72,Nigeria,/237/207/23_60.png,,
a,S. Hogan,ATA,30,69,Ireland,/215/374/23_60.png,,H. Pickering,LE LE,23,69,England,/235/770/23_60.png,,M. Travers,GOL,23,73,Ireland,/232/284/23_60.png,,J. Guðmundsson,MD ME,31,72,Iceland,/191/076/23_60.png,,D. Welbeck,ATA,31,75,England,/186/146/23_60.png,,E. Cashin,ZAG,20,66,Ireland,/263/914/23_60.png,,M. Rodák,GOL,25,75,Slovakia,/222/951/23_60.png,,M. Crooks,MC MEI,28,71,England,/202/693/23_60.png,,K. Dowell,MEI MD,24,71,England,/226/401/23_60.png,,B. Johnson,PD ATA,21,75,Wales,/251/421/23_60.png,,K. Paal,LE,25,68,Suriname,/228/120/23_60.png,,N. Sarr,ZAG,28,68,Senegal,/212/420/23_60.png,,J. O'Connell,ZAG,28,72,England,/212/300/23_60.png,,M. Fox,LE ZAG LE,28,69,Wales,/208/806/23_60.png,,J. Latibeaudiere,ZAG LE LE,22,67,Jamaica,/233/047/23_60.png,,D. Bachmann,GOL,27,72,Austria,/209/532/23_60.png,,
a,G. Gardner,MC,30,68,England,/192/320/23_60.png,,S. Szmodics,MEI ATA PE,26,67,Ireland,/220/139/23_60.png,,K. Moore,ATA,29,73,Wales,/216/627/23_60.png,,T. Harwood-Bellis,ZAG,20,71,England,/252/793/23_60.png,,T. Lamptey,LD LD,21,75,Ghana,/242/418/23_60.png,,C. Forsyth,LE ZAG,33,66,Scotland,/204/353/23_60.png,,L. Kurzawa,LE,29,75,France,/201/510/23_60.png,,A. Dijksteel,ZAG LD LD,25,71,Netherlands,/232/413/23_60.png,,M. Núñez,MC MEI,22,71,Chile,/256/051/23_60.png,,J. Worrall,ZAG,25,74,England,/230/708/23_60.png,,S. Field,MC VOL,24,68,England,/233/957/23_60.png,,T. McIntyre,ZAG VOL LE,23,68,Scotland,/235/028/23_60.png,,A. Ahmedhodžić,ZAG,23,72,Bosnia,/236/524/23_60.png,,T. Fosu,PE MEI LD,26,69,Ghana,/216/483/23_60.png,,N. Ogbeta,LE LE,21,65,England,/254/327/23_60.png,,C. Cathcart,ZAG,33,72,Northern Ireland,/180/706/23_60.png,,
a,G. Friend,ZAG LE LE,34,67,England,/188/168/23_60.png,,T. Edun,LE LE,24,67,England,/229/378/23_60.png,,B. Pearson,VOL,27,73,England,/213/689/23_60.png,,H. Dervişoğlu,ATA ATA,22,71,Turkey,/250/807/23_60.png,,K. Mitoma,ME PE LE,25,74,Japan,/255/565/23_60.png,,R. Stearman,ZAG,34,65,England,/155/524/23_60.png,,T. Cairney,MC MEI,31,75,Scotland,/195/202/23_60.png,,M. Payero,MC,23,71,Argentina,/240/970/23_60.png,,K. McLean,MC VOL,30,71,Scotland,/201/368/23_60.png,,W. Hennessey,GOL,35,74,Wales,/170/084/23_60.png,,A. Dozzell,MC VOL,23,67,England,/233/276/23_60.png,,S. Dann,ZAG,35,68,England,/157/665/23_60.png,,E. Stevens,LE LE,31,71,Ireland,/192/546/23_60.png,,P. Jagielka,ZAG,39,69,England,/053/914/23_60.png,,A. Fisher,GOL,24,65,England,/234/260/23_60.png,,K. Sema,PE ME LE,28,72,Sweden,/213/750/23_60.png,,
a,D. Sanderson,ZAG,22,67,England,/243/612/23_60.png,,G. Hirst,ATA,23,67,England,/233/602/23_60.png,,L. Kelly,ZAG,23,73,England,/231/512/23_60.png,,A. Barnes,ATA,32,71,England,/186/905/23_60.png,,J. Moder,MC VOL ME,23,74,Poland,/239/778/23_60.png,,J. Wildsmith,GOL,26,64,England,/220/944/23_60.png,,T. Adarabioyo,ZAG,24,75,England,/222/104/23_60.png,,Rodrigo Muniz,ATA,21,70,Brazil,/264/337/23_60.png,,D. Sinani,MD MEI,25,70,Luxembourg,/258/626/23_60.png,,O. Richards,LE LE,24,73,England,/235/026/23_60.png,,L. Amos,MC MEI VOL,25,67,England,/232/250/23_60.png,,L. Moore,ZAG,29,68,Jamaica,/200/758/23_60.png,,G. Baldock,LD LD,29,71,Greece,/200/855/23_60.png,,B. Wilmot,ZAG LD,22,69,England,/238/389/23_60.png,,S. Benda,GOL,23,65,Germany,/241/076/23_60.png,,R. Manaj,ATA,25,72,Albania,/230/800/23_60.png,,
a,H. Dean,ZAG,30,66,England,/191/079/23_60.png,,J. Rankin-Costello,LD LD LE,22,66,England,/238/336/23_60.png,,J. Anthony,PE ATA,22,72,England,/243/669/23_60.png,,S. Twine,PE,22,71,England,/237/619/23_60.png,,S. Duffy,ZAG,30,74,Ireland,/192/622/23_60.png,,J. Anang,GOL,22,64,England,/244/191/23_60.png,,K. Tete,LD,26,74,Netherlands,/216/266/23_60.png,,D. Fisher,LD LD,28,70,England,/215/437/23_60.png,,A. Omobamidele,ZAG,20,70,Ireland,/261/647/23_60.png,,L. O'Brien,MC VOL ME,23,73,England,/236/530/23_60.png,,O. Kakay,LD LD ZAG,24,67,Sierra Leone,/230/815/23_60.png,,L. Southwood,GOL,24,68,Northern Ireland,/235/027/23_60.png,,I. Ndiaye,MEI ATA,22,70,Senegal,/261/188/23_60.png,,J. Bursik,GOL,21,68,England,/240/784/23_60.png,,O. Cooper,MEI MC,22,64,Wales,/248/688/23_60.png,,K. Davis,ATA,24,72,England,/231/743/23_60.png,,
a,L. Jutkiewicz,ATA,33,66,England,/176/841/23_60.png,,H. Carter,ZAG LD,22,66,England,/242/751/23_60.png,,J. Rothwell,MC,27,72,England,/213/693/23_60.png,,I. Maatsen,LE LE,20,70,Netherlands,/248/465/23_60.png,,A. Sima,MD ATA,21,72,Senegal,/259/816/23_60.png,,L. Thompson,VOL MC,20,63,England,/263/918/23_60.png,,S. Duffy,ZAG,30,74,Ireland,/192/622/23_60.png,,M. Bola,LE LE,24,70,England,/225/775/23_60.png,,S. McCallum,LE LE,21,70,England,/246/155/23_60.png,,R. Yates,VOL MC,24,73,England,/235/642/23_60.png,,N. Hämäläinen,LE LE,25,66,Finland,/230/055/23_60.png,,G. Pușcaș,ATA,26,68,Romania,/225/652/23_60.png,,A. Davies,GOL,29,70,Wales,/200/715/23_60.png,,D. Sterling,LD LD ZAG,22,68,England,/238/071/23_60.png,,J. Garrick,ATA,23,64,Jamaica,/236/388/23_60.png,,João Pedro,ATA ME,20,71,Brazil,/252/042/23_60.png,,
a,J. Leko,ATA MD,23,64,England,/231/408/23_60.png,,A. Pears,GOL,24,65,England,/240/595/23_60.png,,J. Stanislas,PE ME PD,32,72,England,/189/446/23_60.png,,S. Bastien,MC,25,70,Democratic Republic Congo,/223/926/23_60.png,,B. Gilmour,MC VOL,21,72,Scotland,/245/992/23_60.png,,H. Roberts,ZAG LE,20,62,England,/258/931/23_60.png,,A. Robinson,LE LE,24,74,United States,/229/348/23_60.png,,M. Hoppe,ATA,21,69,United States,/259/751/23_60.png,,B. Gibson,ZAG,29,70,England,/200/408/23_60.png,,L. Badé,ZAG,22,73,France,/255/106/23_60.png,,M. Bonne,ATA,26,66,Zimbabwe,/213/634/23_60.png,,T. Holmes,ZAG,22,67,England,/241/411/23_60.png,,O. McBurnie,ATA,26,70,Scotland,/220/031/23_60.png,,J. Thompson,MC VOL LE,25,67,Northern Ireland,/230/136/23_60.png,,M. Sorinola,LE LD,21,63,England,/252/555/23_60.png,,W. Troost-Ekong,ZAG,28,71,Nigeria,/213/414/23_60.png,,
a,H. Mejbri,MEI MC,19,64,Tunisia,/258/171/23_60.png,,C. Mola,LE ZAG,21,65,England,/246/126/23_60.png,,M. Tavernier,MEI MC MD,23,72,England,/237/477/23_60.png,,K. Long,ZAG,31,70,Ireland,/194/146/23_60.png,,S. Alzate,MC VOL,23,71,Colombia,/236/529/23_60.png,,L. Dobbin,MD MEI ATA,19,61,England,/264/039/23_60.png,,B. Decordova-Reid,MD MEI,29,74,Jamaica,/203/502/23_60.png,,M. Luongo,VOL MC,29,68,Australia,/205/347/23_60.png,,O. Hernández,ME ATA LE,29,70,Cuba,/202/017/23_60.png,,S. McKenna,ZAG,25,73,Scotland,/225/974/23_60.png,,J. Archer,GOL,29,66,Scotland,/205/352/23_60.png,,J. Lumley,GOL,27,67,England,/217/096/23_60.png,,R. Brewster,ATA,22,69,England,/238/460/23_60.png,,W. Smallbone,MC MEI MD,22,67,Ireland,/237/916/23_60.png,,L. Cullen,ATA,23,63,Wales,/233/941/23_60.png,,E. Kayembe,VOL MC,24,71,Democratic Republic Congo,/242/217/23_60.png,,
a,J. James,MC MEI,17,62,Wales,/265/514/23_60.png,,T. Morton,VOL,19,64,England,/265/459/23_60.png,,J. Lowe,ATA PE PD,27,71,Jamaica,/211/384/23_60.png,,D. Churlinov,MD ATA LD,21,70,North Macedonia,/251/545/23_60.png,,J. van Hecke,ZAG,22,71,Netherlands,/258/908/23_60.png,,S. Loach,GOL,34,60,England,/167/803/23_60.png,,P. Gazzaniga,GOL,30,74,Argentina,/205/186/23_60.png,,L. Daniels,GOL,34,68,England,/184/630/23_60.png,,J. Sørensen,VOL MC LE,24,69,Denmark,/233/705/23_60.png,,H. Toffolo,LE LE,26,72,England,/206/086/23_60.png,,T. Richards,MEI MC,21,66,England,/243/393/23_60.png,,T. Fornah,VOL MC,22,67,England,/251/420/23_60.png,,R. Khadra,PE ATA,20,69,Germany,/260/558/23_60.png,,F. Fielding,GOL,34,67,England,/169/493/23_60.png,,B. Cooper,ZAG,22,63,Wales,/237/316/23_60.png,,J. Ngakia,LD LD,21,70,England,/247/623/23_60.png,,
a,S. Cosgrove,ATA,25,62,England,/227/040/23_60.png,,J. Garrett,VOL MC,19,63,England,/256/358/23_60.png,,C. Mepham,ZAG,24,71,Wales,/233/201/23_60.png,,N. Tella,ME ATA,22,69,England,/237/328/23_60.png,,M. Caicedo,MC VOL,20,70,Ecuador,/256/079/23_60.png,,J. Stretton,ATA,20,59,Scotland,/259/976/23_60.png,,N. Chalobah,VOL MC,27,73,England,/205/897/23_60.png,,M. Forss,ATA,23,68,Finland,/241/523/23_60.png,,J. Hugill,ATA,30,69,England,/220/862/23_60.png,,S. Cook,ZAG,31,72,England,/193/011/23_60.png,,O. Shodipo,PE LE,24,64,Ireland,/230/819/23_60.png,,D. Tetek,VOL MC LD,19,64,Serbia,/258/442/23_60.png,,I. Coulibaly,MC VOL,21,68,Mali,/246/946/23_60.png,,G. Kilkenny,VOL MC,22,66,Ireland,/243/767/23_60.png,,F. Stevens,LD,19,62,Wales,/259/766/23_60.png,,D. Gosling,MC,32,70,England,/184/749/23_60.png,,
a,N. Gordon,ZAG LD,20,60,England,/256/813/23_60.png,,J. Brown,LD LD,24,63,Ireland,/261/277/23_60.png,,E. Marcondes,MEI MC,27,70,Denmark,/210/644/23_60.png,,Vitinho,LD LD LE,22,69,Brazil,/244/661/23_60.png,,L. Colwill,ZAG,19,70,England,/262/859/23_60.png,,W. Osula,ATA,18,58,Denmark,/270/519/23_60.png,,N. Kebano,ME PE,30,73,Democratic Republic Congo,/202/940/23_60.png,,D. Watmore,ATA MD,28,68,England,/216/268/23_60.png,,P. Płacheta,ME,24,69,Poland,/239/439/23_60.png,,R. Laryea,LD LD LE,27,72,Canada,/232/081/23_60.png,,T. Iroegbunam,VOL MC,19,63,England,/266/609/23_60.png,,J. Andrésson,GOL,20,64,Iceland,/244/867/23_60.png,,R. Norrington-Davies,LE LE,23,68,Wales,/240/773/23_60.png,,J. Bonham,GOL,28,66,Ireland,/202/125/23_60.png,,N. Wood,ZAG,20,62,England,/245/153/23_60.png,,Domingos Quina,ME MEI PE,22,69,Portugal,/235/450/23_60.png,,
a,R. Stirk,VOL MC,21,60,Wales,/245/531/23_60.png,,D. Butterworth,ATA,22,63,England,/241/646/23_60.png,,J. Zemura,LE LE,22,70,Zimbabwe,/259/634/23_60.png,,A. Zaroury,ATA ATA ME,21,68,Belgium,/260/843/23_60.png,,R. Khadra,PE ATA,20,69,Germany,/260/558/23_60.png,,O. Aghatise,MEI MD,19,56,Germany,/263/916/23_60.png,,J. Bryan,LE LE,28,73,England,/203/505/23_60.png,,H. Coulson,LE,24,67,England,/230/807/23_60.png,,J. Sargent,MD ATA,22,69,United States,/242/075/23_60.png,,N. Williams,LD LD,21,71,Wales,/243/057/23_60.png,,G. Thomas,MEI MC,25,63,Wales,/220/894/23_60.png,,N. Guinness-Walker,LE LE,22,64,England,/248/880/23_60.png,,T. Doyle,MC VOL,20,66,England,/254/120/23_60.png,,L. Delap,ATA,19,66,England,/259/031/23_60.png,,M. Whittaker,PD MD,21,62,England,/252/796/23_60.png,,V. Bayo,ATA,25,69,Ivory Coast,/246/832/23_60.png,,
a,J. Williams,LD,19,60,England,/271/462/23_60.png,,D. Markanday,PD MD,20,62,England,/246/349/23_60.png,,S. Dembélé,ATA PE,25,69,Scotland,/239/350/23_60.png,,L. McNally,ZAG,22,67,Ireland,/247/395/23_60.png,,A. Connolly,ATA,22,69,Ireland,/237/286/23_60.png,,J. Rooney,ZAG VOL,18,56,England,/271/566/23_60.png,,Ivan Cavaleiro,ME PE ATA,28,72,Portugal,/212/267/23_60.png,,J. Lumley,GOL,27,67,England,/217/096/23_60.png,,A. Idah,ATA,21,68,Ireland,/244/288/23_60.png,,S. Surridge,ATA,23,71,England,/234/249/23_60.png,,C. Masterson,ZAG,23,63,Ireland,/232/102/23_60.png,,F. Azeez,ATA MD,21,63,England,/253/433/23_60.png,,D. Jebbison,ATA,18,65,England,/262/227/23_60.png,,H. Clarke,ZAG LD LD,21,65,England,/245/729/23_60.png,,A. Okoflex,ME ATA,20,62,Ireland,/253/729/23_60.png,,A. Fletcher,ATA,26,69,England,/213/699/23_60.png,,
a,E. Longelo,LE,21,59,England,/256/216/23_60.png,,J. Vale,ATA PE,21,61,Wales,/243/167/23_60.png,,G. Kilkenny,VOL MC,22,66,Ireland,/243/767/23_60.png,,B. Peacock-Farrell,GOL,25,67,Northern Ireland,/229/091/23_60.png,,A. Zeqiri,ATA,23,68,Switzerland,/234/683/23_60.png,,K. Oduroh,LD,19,54,England,/270/592/23_60.png,,Rodrigo Muniz,ATA,21,70,Brazil,/264/337/23_60.png,,G. Hall,ZAG,30,67,England,/204/761/23_60.png,,M. McGovern,GOL,37,67,Northern Ireland,/163/201/23_60.png,,E. Horvath,GOL,27,71,United States,/219/736/23_60.png,,C. Kelman,ATA,20,61,United States,/246/604/23_60.png,,D. Bouzanis,GOL,31,63,Australia,/181/468/23_60.png,,J. McAtee,MEI,19,62,England,/264/349/23_60.png,,C. Taylor,ZAG,20,64,England,/262/731/23_60.png,,K. Joseph,ATA,20,61,Scotland,/251/275/23_60.png,,B. Hamer,GOL,34,67,England,/170/008/23_60.png,,
a,J. Andrews,ATA,20,59,England,/256/786/23_60.png,,S. Barnes,ZAG,21,59,England,/248/534/23_60.png,,J. Hill,ZAG,20,64,England,/248/492/23_60.png,,W. Norris,GOL,28,65,England,/223/082/23_60.png,,K. Kozłowski,MEI MC,18,68,Poland,/252/508/23_60.png,,B. Cybulski,ATA,19,54,Poland,/268/741/23_60.png,,T. Ream,ZAG,34,70,United States,/198/261/23_60.png,,Z. Hemming,GOL,22,65,England,/240/597/23_60.png,,B. Mumba,LD LE,20,67,England,/243/353/23_60.png,,B. Ojeda,VOL MC,22,70,Paraguay,/248/870/23_60.png,,C. Owens,MC VOL MEI,24,61,Northern Ireland,/237/506/23_60.png,,J. Dorsett,ZAG,20,62,England,/256/555/23_60.png,,F. Seriki,LD,20,61,England,/264/196/23_60.png,,D. Wright-Phillips,PE ATA,20,64,England,/263/758/23_60.png,,L. Cundle,MC MEI,20,60,England,/253/461/23_60.png,,T. Dele-Bashiru,MD MC ME,22,67,Nigeria,/233/048/23_60.png,,
a,J. Bellingham,MC MEI,16,58,England,/270/964/23_60.png,,A. Wharton,MC MEI,18,59,England,/259/240/23_60.png,,C. Saydee,ATA,20,62,England,/254/858/23_60.png,,D. Costelloe,MD ATA,19,63,Ireland,/271/018/23_60.png,,M. Karbownik,LE LD,21,67,Poland,/248/149/23_60.png,,D. Robinson,MC VOL ZAG,17,54,Northern Ireland,/270/593/23_60.png,,J. Onomah,MC MEI,25,69,England,/222/079/23_60.png,,L. Roberts,GOL,27,65,England,/211/604/23_60.png,,J. Martin,ME,20,65,England,/251/346/23_60.png,,M. Dräger,LD LD,26,70,Tunisia,/242/041/23_60.png,,S. Duke-McKenna,MD ME MEI,21,59,Guyana,/242/961/23_60.png,,A. Mbengue,ZAG VOL LD,20,62,Senegal,/264/437/23_60.png,,J. Eastwood,GOL,25,61,England,/231/046/23_60.png,,T. Oakley-Boothe,MC MEI VOL,22,63,England,/237/139/23_60.png,,T. Rushesha,LD LD,19,56,Wales,/253/106/23_60.png,,M. Pollock,ZAG,20,65,England,/246/695/23_60.png,,
a,Z. Jeacock,GOL,21,58,England,/250/865/23_60.png,,H. Leonard,ATA,18,59,England,/264/746/23_60.png,,W. Dennis,GOL,21,58,England,/243/048/23_60.png,,B. Thomas,ZAG,21,63,England,/257/253/23_60.png,,K. Scherpen,GOL,22,67,Netherlands,/243/675/23_60.png,,,,,,,,,T. Kongolo,ZAG LE,28,69,Netherlands,/203/485/23_60.png,,J. Coburn,ATA,19,63,England,/261/432/23_60.png,,J. Rowe,ME MD ATA,19,65,England,/266/500/23_60.png,,G. Biancone,ZAG LD LE,22,70,France,/246/679/23_60.png,,S. Flaherty,MEI MD,20,57,England,/260/606/23_60.png,,Mamadi Camará,MEI MD ME,18,62,Guinea Bissau,/260/401/23_60.png,,H. Neal,VOL MC,20,60,England,/270/491/23_60.png,,D. Duhaney,LD LD,23,63,England,/230/068/23_60.png,,C. Congreve,MEI,18,55,Wales,/268/306/23_60.png,,Y. Asprilla,MEI MC,18,64,Colombia,/271/464/23_60.png,,
a,K. Simmonds,ATA,21,57,England,/254/324/23_60.png,,A. Phillips,ZAG,17,59,England,/264/731/23_60.png,,O. Bevan,ZAG,18,57,Wales,/271/235/23_60.png,,C. Egan-Riley,ZAG LD,19,63,England,/268/131/23_60.png,,S. Adingra,ME ATA PE,20,67,Ivory Coast,/260/779/23_60.png,,,,,,,,,S. Sessegnon,LD LE,22,66,England,/239/800/23_60.png,,S. Walker,PD ATA,21,60,England,/242/854/23_60.png,,A. Ramsey,MC,19,64,England,/266/270/23_60.png,,J. Panzo,ZAG LE LE,21,70,England,/252/001/23_60.png,,J. Walsh,GOL,20,55,England,/250/804/23_60.png,,K. Abrefa,LD LD,18,59,Ghana,/265/645/23_60.png,,A. Hackford,ATA,18,59,England,/260/192/23_60.png,,L. McCarron,LE LE ME,21,61,Scotland,/246/154/23_60.png,,A. Abdulai,VOL MC,19,55,England,/266/303/23_60.png,,J. Hungbo,MD ME,22,64,England,/245/020/23_60.png,,
a,M. Roberts,ZAG LE,21,56,England,/251/000/23_60.png,,J. Harlock,MC LD,19,58,England,/259/225/23_60.png,,N. Moriah-Welsh,MC MEI,20,54,Guyana,/264/192/23_60.png,,D. Franchi,GOL,19,61,Italy,/261/892/23_60.png,,J. Sarmiento,MD ME,20,66,Ecuador,/263/522/23_60.png,,,,,,,,,S. Jasper,MD ME,21,65,Bulgaria,/255/377/23_60.png,,H. Hackney,MC MEI,20,59,England,/253/054/23_60.png,,T. Springett,MD ME,19,62,Ireland,/268/909/23_60.png,,L. Taylor,ATA,32,69,Montserrat,/190/311/23_60.png,,M. Mahoney,GOL,20,54,England,/268/544/23_60.png,,K. Ehibhatiomhan,ATA,19,58,England,/263/101/23_60.png,,W. Osula,ATA,18,58,Denmark,/270/519/23_60.png,,L. Macari,LD,20,60,Scotland,/263/739/23_60.png,,L. Webb,GOL,20,55,Wales,/259/370/23_60.png,,J. Elitim,MEI MC VOL,23,63,Colombia,/257/956/23_60.png,,
a,A. Chang,VOL,19,54,England,/271/445/23_60.png,,J. Hilton,GOL,22,57,England,/251/522/23_60.png,,,,,,,,,L. Richardson,ATA,19,61,England,/261/265/23_60.png,,T. Richards,MEI MC,21,66,England,/243/393/23_60.png,,,,,,,,,J. Stansfield,ATA PD,19,63,England,/255/206/23_60.png,,S. Brynn,GOL,21,58,England,/242/853/23_60.png,,J. Tomkinson,ZAG,20,62,United States,/266/147/23_60.png,,J. Colback,VOL LE MC,32,69,England,/193/942/23_60.png,,J. Gubbins,ZAG,20,54,England,/255/071/23_60.png,,K. Leavy,MC MD LE,20,56,Ireland,/263/098/23_60.png,,H. Boyes,LE LE,20,55,England,/252/450/23_60.png,,M. Baker,ZAG,19,58,Wales,/271/876/23_60.png,,B. Lloyd,MEI,17,53,Wales,/270/065/23_60.png,,K. Baah,ME MD,19,60,Germany,/254/807/23_60.png,,
a,A. George,ATA,19,52,England,/256/811/23_60.png,,,,,,,,,,,,,,,,O. Dodgson,LE ME,19,60,England,/264/505/23_60.png,,J. Steele,GOL,31,65,England,/188/836/23_60.png,,,,,,,,,S. Hilton,MEI MD,21,61,England,/248/185/23_60.png,,C. Kavanagh,ATA PE,18,58,Ireland,/266/828/23_60.png,,L. Gibbs,MC,19,62,England,/256/620/23_60.png,,Cafú,VOL MEI,29,69,Portugal,/218/623/23_60.png,,A. Drewe,LD LD,21,53,England,/265/441/23_60.png,,R. Scott,ME MD,19,55,England,/269/876/23_60.png,,K. Gordon,ZAG,20,54,England,/251/546/23_60.png,,D. James-Taylor,ATA,20,57,England,/269/954/23_60.png,,J. Cotterill,MC,17,53,Wales,/268/888/23_60.png,,S. Forde,ATA,18,57,England,/268/529/23_60.png,,
a,T. Campbell,MC,20,51,England,/256/807/23_60.png,,,,,,,,,,,,,,,,L. Jensen,GOL,23,59,Denmark,/243/373/23_60.png,,C. Rushworth,GOL,20,64,England,/263/339/23_60.png,,,,,,,,,L. Harris,MEI,17,61,Wales,/270/937/23_60.png,,C. Boyd-Munce,MC LE,22,56,Northern Ireland,/251/001/23_60.png,,F. Clarke,MEI,19,61,England,/256/506/23_60.png,,J. Smith,GOL,27,67,England,/222/876/23_60.png,,,,,,,,,,,,,,,,O. Arblaster,MC,18,53,England,/271/063/23_60.png,,B. Nna Noukeu,GOL,21,57,Cameroon,/257/138/23_60.png,,,,,,,,,V. Angelini,GOL,18,54,Scotland,/268/528/23_60.png,,
a,,,,,,,,,,,,,,,,,,,,,,,,,,,,,J. Enciso,MD PD,18,63,Paraguay,/255/434/23_60.png,,,,,,,,,T. Ashby-Hammond,GOL,23,59,England,/241/525/23_60.png,,D. Dodds,LD LD,21,52,England,/259/283/23_60.png,,D. Barden,GOL,21,57,Wales,/248/741/23_60.png,,T. Fornah,VOL MC,22,67,England,/251/420/23_60.png,,,,,,,,,,,,,,,,J. Amissah,GOL,20,52,Germany,/271/064/23_60.png,,T. Sparrow,MC MD LD,19,56,Wales,/268/894/23_60.png,,,,,,,,,M. Delyfer,VOL MC,17,52,England,/271/747/23_60.png,,
a,,,,,,,,,,,,,,,,,,,,,,,,,,,,,H. Roberts,ZAG LE,20,62,England,/258/931/23_60.png,,,,,,,,,K. Bowie,ATA PD,19,59,Scotland,/257/104/23_60.png,,J. Sivi,MD,19,52,England,/262/542/23_60.png,,S. Earley,LE LE,19,56,England,/270/376/23_60.png,,A. Mighten,PE ME,20,67,England,/254/859/23_60.png,,,,,,,,,,,,,,,,,,,,,,,L. Badley-Morgan,ZAG LE,18,54,Jamaica,/261/372/23_60.png,,,,,,,,,,,,,,,,
a,,,,,,,,,,,,,,,,,,,,,,,,,,,,,M. Leonard,MC,20,60,Scotland,/264/139/23_60.png,,,,,,,,,K. Šekularac,MEI,18,59,Switzerland,/270/682/23_60.png,,J. Hannah,ZAG,19,50,England,/259/285/23_60.png,,J. McCracken,GOL,22,56,Scotland,/242/983/23_60.png,,L. Mbe Soh,ZAG,21,66,France,/248/603/23_60.png,,,,,,,,,,,,,,,,,,,,,,,,,,,,,,,,,,,,,,,,,,,,
a,,,,,,,,,,,,,,,,,,,,,,,,,,,,,A. Tsoungui,ZAG VOL,19,60,Belgium,/264/121/23_60.png,,,,,,,,,M. Godo,PD,19,58,England,/271/940/23_60.png,,,,,,,,,,,,,,,,H. Arter,VOL MC,32,65,Ireland,/184/469/23_60.png,,,,,,,,,,,,,,,,,,,,,,,,,,,,,,,,,,,,,,,,,,,,
a,,,,,,,,,,,,,,,,,,,,,,,,,,,,,E. Turns,ZAG,19,59,Wales,/263/901/23_60.png,,,,,,,,,G. Wickens,GOL,20,58,England,/258/792/23_60.png,,,,,,,,,,,,,,,,A. Konaté,MEI PE,21,61,France,/251/524/23_60.png,,,,,,,,,,,,,,,,,,,,,,,,,,,,,,,,,,,,,,,,,,,,
a,,,,,,,,,,,,,,,,,,,,,,,,,,,,,E. Ferguson,ATA ATA,17,59,Ireland,/259/608/23_60.png,,,,,,,,,T. Ablade,ATA,20,58,Finland,/266/368/23_60.png,,,,,,,,,,,,,,,,F. Back,LD LD,19,59,England,/263/951/23_60.png,,,,,,,,,,,,,,,,,,,,,,,,,,,,,,,,,,,,,,,,,,,,
a,,,,,,,,,,,,,,,,,,,,,,,,,,,,,O. Offiah,ZAG LD,19,59,England,/264/141/23_60.png,,,,,,,,,S. Parkes,LE ZAG,18,57,England,/271/939/23_60.png,,,,,,,,,,,,,,,,R. Harbottle,ZAG,21,59,England,/241/699/23_60.png,,,,,,,,,,,,,,,,,,,,,,,,,,,,,,,,,,,,,,,,,,,,
a,,,,,,,,,,,,,,,,,,,,,,,,,,,,,J. Furlong,LE,20,57,Ireland,/248/569/23_60.png,,,,,,,,,Z. Larkeche,LE LE,19,56,France,/257/105/23_60.png,,,,,,,,,,,,,,,,W. Swan,ATA,21,56,England,/257/330/23_60.png,,,,,,,,,,,,,,,,,,,,,,,,,,,,,,,,,,,,,,,,,,,,
a,,,,,,,,,,,,,,,,,,,,,,,,,,,,,C. Peupion,MEI,19,56,Australia,/264/124/23_60.png,,,,,,,,,,,,,,,,,,,,,,,,,,,,,,O. Hammond,MC,19,54,England,/263/950/23_60.png,,,,,,,,,,,,,,,,,,,,,,,,,,,,,,,,,,,,,,,,,,,,
a,,,,,,,,,,,,,,,,,,,,,,,,,,,,,T. McGill,GOL,22,55,England,/243/588/23_60.png,,,,,,,,,,,,,,,,,,,,,,,,,,,,,,,,,,,,,,,,,,,,,,,,,,,,,,,,,,,,,,,,,,,,,,,,,,,,,,,
a,,,,,,,,,,,,,,,,,,,,,,,,,,,,,J. Hinchy,MC,19,53,England,/271/603/23_60.png,,,,,,,,,,,,,,,,,,,,,,,,,,,,,,,,,,,,,,,,,,,,,,,,,,,,,,,,,,,,,,,,,,,,,,,,,,,,,,,
a,,,,,,,,,,,,,,,,,,,,,,,,,,,,,,,,,,,,,,,,,,,,,,,,,,,,,,,,,,,,,,,,,,,,,,,,,,,,,,,,,,,,,,,,,,,,,,,,,,,,,,,,,,,,,,,,,
a,,,,,,,,,,,,,,,,,,,,,,,,,,,,,,,,,,,,,,,,,,,,,,,,,,,,,,,,,,,,,,,,,,,,,,,,,,,,,,,,,,,,,,,,,,,,,,,,,,,,,,,,,,,,,,,,,
a,,,,,,,,,,,,,,,,,,,,,,,,,,,,,,,,,,,,,,,,,,,,,,,,,,,,,,,,,,,,,,,,,,,,,,,,,,,,,,,,,,,,,,,,,,,,,,,,,,,,,,,,,,,,,,,,,
a,,,,,,,,,,,,,,,,,,,,,,,,,,,,,,,,,,,,,,,,,,,,,,,,,,,,,,,,,,,,,,,,,,,,,,,,,,,,,,,,,,,,,,,,,,,,,,,,,,,,,,,,,,,,,,,,,
a,,,,,,,,,,,,,,,,,,,,,,,,,,,,,,,,,,,,,,,,,,,,,,,,,,,,,,,,,,,,,,,,,,,,,,,,,,,,,,,,,,,,,,,,,,,,,,,,,,,,,,,,,,,,,,,,,

