a,Juventus,,,,,,,Inter,,,,,,,Napoli,,,,,,,Lazio,,,,,,,Milan,,,,,,,Roma,,,,,,,Atalanta,,,,,,,Fiorentina,,,,,,,Sampdoria,,,,,,,Torino,,,,,,,Sassuolo,,,,,,,Bologna,,,,,,,Udinese,,,,,,,Cagliari,,,,,,,Genoa,,,,,,,Parma,,,,,,,
a,W. Szczęsny,GOL,32,86,Poland,/186/153/23_60.png,,M. Škriniar,ZAG,27,86,Slovakia,/232/363/23_60.png,,P. Zieliński,MEI MC,28,83,Poland,/210/406/23_60.png,,S. Milinković-Savić,MC,27,85,Serbia,/223/848/23_60.png,,M. Maignan,GOL,26,87,France,/215/698/23_60.png,,P. Dybala,ATA MEI,28,86,Argentina,/211/110/23_60.png,,D. Zapata,ATA,31,83,Colombia,/215/333/23_60.png,,A. Barák,ATA MC,27,81,Czech Republic,/236/791/23_60.png,,A. Candreva,MD MC,35,80,Italy,/173/221/23_60.png,,N. Vlašić,ME MEI,24,78,Croatia,/241/095/23_60.png,,D. Berardi,MD PD,27,84,Italy,/210/935/23_60.png,,M. Arnautović,ATA,33,82,Austria,/184/200/23_60.png,,Deulofeu,ATA ATA,28,80,Spain,/202/477/23_60.png,,A. Cragno,GOL,28,80,Italy,/205/659/23_60.png,,S. Hefti,LD,24,74,Switzerland,/231/108/23_60.png,,G. Buffon,GOL,44,79,Italy,/001/179/23_60.png,,
a,F. Kostić,ME LE,29,83,Serbia,/208/574/23_60.png,,N. Barella,MC,25,86,Italy,/224/232/23_60.png,,V. Osimhen,ATA,23,83,Nigeria,/232/293/23_60.png,,C. Immobile,ATA,32,86,Italy,/192/387/23_60.png,,T. Hernández,LE,24,85,France,/232/656/23_60.png,,L. Pellegrini,MEI MC,26,84,Italy,/228/251/23_60.png,,L. Muriel,ATA,31,82,Colombia,/199/110/23_60.png,,C. Biraghi,LE,29,80,Italy,/201/389/23_60.png,,F. Caputo,ATA,34,78,Italy,/189/053/23_60.png,,A. Miranchuk,MEI ATA,26,78,Russia,/214/092/23_60.png,,M. Locatelli,VOL MC,24,82,Italy,/222/077/23_60.png,,M. Barrow,ATA ATA PE,23,77,Gambia,/242/374/23_60.png,,M. Silvestri,GOL,31,79,Italy,/190/745/23_60.png,,N. Nández,MD MC,26,75,Uruguay,/230/965/23_60.png,,M. Coda,ATA,33,74,Italy,/185/144/23_60.png,,F. Vázquez,MEI MC,33,76,Argentina,/207/471/23_60.png,,
a,P. Pogba,MC VOL ME,29,85,France,/195/864/23_60.png,,R. Lukaku,ATA,29,85,Belgium,/192/505/23_60.png,,G. Di Lorenzo,LD,28,82,Italy,/217/870/23_60.png,,Luis Alberto,MC,29,83,Spain,/198/706/23_60.png,,F. Tomori,ZAG,24,84,England,/232/756/23_60.png,,L. Spinazzola,LE ME,29,82,Italy,/202/884/23_60.png,,R. Malinovskyi,ATA MEI,29,82,Ukraine,/231/969/23_60.png,,N. Milenković,ZAG,24,80,Serbia,/238/095/23_60.png,,E. Audero,GOL,25,78,Italy,/228/413/23_60.png,,S. Lukić,MC,25,77,Serbia,/236/699/23_60.png,,A. Consigli,GOL,35,80,Italy,/163/489/23_60.png,,R. Soriano,MEI MC ATA,31,77,Italy,/193/361/23_60.png,,Beto,ATA,24,79,Portugal,/251/892/23_60.png,,R. Marin,MC,26,74,Romania,/235/813/23_60.png,,M. Aramu,MEI PD,27,74,Italy,/219/984/23_60.png,,C. Ansaldi,LE LE ME,35,75,Argentina,/173/306/23_60.png,,
a,L. Bonucci,ZAG,35,84,Italy,/184/344/23_60.png,,L. Martínez,ATA,24,86,Argentina,/231/478/23_60.png,,S. Lobotka,MC VOL,27,81,Slovakia,/216/435/23_60.png,,F. Acerbi,ZAG,34,82,Italy,/199/845/23_60.png,,S. Tonali,VOL MC,22,84,Italy,/241/096/23_60.png,,Rui Patrício,GOL,34,82,Portugal,/178/005/23_60.png,,R. Gosens,LE ME,27,82,Germany,/223/697/23_60.png,,N. González,PD PE,24,80,Argentina,/240/690/23_60.png,,H. Winks,MC VOL,26,76,England,/222/400/23_60.png,,W. Singo,LD MD,21,76,Ivory Coast,/252/802/23_60.png,,G. Raspadori,ATA MEI ME,22,79,Italy,/253/002/23_60.png,,Ł. Skorupski,GOL,31,76,Poland,/189/908/23_60.png,,R. Pereyra,MC MEI,31,78,Argentina,/193/061/23_60.png,,R. Bellanova,LD MD,22,74,Italy,/247/229/23_60.png,,M. Badelj,VOL MC,33,73,Croatia,/201/144/23_60.png,,G. Pezzella,LE ME LE,24,75,Italy,/230/681/23_60.png,,
a,Á. Di María,PD,34,84,Argentina,/183/898/23_60.png,,M. Brozović,VOL MC,29,85,Croatia,/216/352/23_60.png,,M. Politano,PD MD,28,81,Italy,/216/409/23_60.png,,A. Romagnoli,ZAG,27,80,Italy,/210/413/23_60.png,,Rafael Leão,PE ME,23,85,Portugal,/241/721/23_60.png,,T. Abraham,ATA,24,83,England,/231/352/23_60.png,,Rafael Tolói,ZAG,31,81,Italy,/187/598/23_60.png,,L. Jović,ATA,24,79,Serbia,/232/432/23_60.png,,F. Quagliarella,ATA,39,76,Italy,/159/261/23_60.png,,A. Sanabria,ATA,26,75,Paraguay,/219/932/23_60.png,,H. Traorè,ME PE MEI,22,78,Ivory Coast,/240/787/23_60.png,,L. De Silvestri,LD MD,34,76,Italy,/170/320/23_60.png,,Rodrigo Becão,ZAG,26,75,Brazil,/238/621/23_60.png,,G. Pereiro,MEI,27,73,Uruguay,/229/636/23_60.png,,K. Strootman,MC VOL,32,73,Netherlands,/189/712/23_60.png,,S. Romagnoli,ZAG,32,73,Italy,/198/857/23_60.png,,
a,F. Chiesa,PE,24,84,Italy,/235/805/23_60.png,,H. Çalhanoğlu,MC,28,84,Turkey,/208/128/23_60.png,,H. Lozano,PD,26,81,Mexico,/221/992/23_60.png,,Felipe Anderson,PD,29,79,Brazil,/201/995/23_60.png,,O. Giroud,ATA,35,82,France,/178/509/23_60.png,,G. Mancini,ZAG,26,81,Italy,/229/582/23_60.png,,J. Musso,GOL,28,81,Argentina,/214/979/23_60.png,,G. Bonaventura,MC,32,78,Italy,/189/125/23_60.png,,M. Gabbiadini,ATA,30,75,Italy,/198/683/23_60.png,,V. Lazaro,LD MD LD,26,75,Austria,/211/147/23_60.png,,M. Lopez,MC VOL,24,78,France,/224/030/23_60.png,,N. Domínguez,MC VOL,24,76,Argentina,/237/819/23_60.png,,T. Arslan,VOL MC,31,75,Germany,/190/761/23_60.png,,M. Mancosu,MEI,33,73,Italy,/172/786/23_60.png,,C. Ekuban,ATA MD,28,72,Ghana,/239/795/23_60.png,,Hernani,MC VOL,28,73,Brazil,/225/475/23_60.png,,
a,D. Vlahović,ATA,22,85,Serbia,/246/430/23_60.png,,S. de Vrij,ZAG,30,84,Netherlands,/198/176/23_60.png,,A. Zambo Anguissa,VOL MC,26,81,Cameroon,/227/236/23_60.png,,M. Lazzari,LD,28,79,Italy,/235/374/23_60.png,,I. Bennacer,VOL MC,24,82,Algeria,/226/754/23_60.png,,N. Zaniolo,ATA PD MD,22,81,Italy,/238/067/23_60.png,,M. Pašalić,MEI ATA MC,27,81,Croatia,/223/273/23_60.png,,P. Gollini,GOL,27,78,Italy,/211/515/23_60.png,,O. Colley,ZAG,29,75,Gambia,/226/536/23_60.png,,P. Schuurs,ZAG,22,75,Netherlands,/241/854/23_60.png,,D. Frattesi,MC VOL,22,77,Italy,/239/807/23_60.png,,R. Orsolini,ATA PD,25,76,Italy,/233/556/23_60.png,,N. Pérez,ZAG,22,75,Argentina,/244/206/23_60.png,,G. Lapadula,ATA,32,73,Peru,/211/302/23_60.png,,A. Guðmundsson,MD PD MEI,25,72,Iceland,/238/004/23_60.png,,A. Grassi,MC VOL,27,72,Italy,/220/475/23_60.png,,
a,J. Cuadrado,LD MD,34,82,Colombia,/193/082/23_60.png,,A. Bastoni,ZAG,23,84,Italy,/237/383/23_60.png,,A. Rrahmani,ZAG,28,80,Kosovo,/244/263/23_60.png,,M. Zaccagni,PE,27,79,Italy,/220/502/23_60.png,,S. Kjær,ZAG,33,84,Denmark,/179/645/23_60.png,,C. Smalling,ZAG,32,81,England,/189/881/23_60.png,,H. Hateboer,LD LD MD,28,80,Netherlands,/220/093/23_60.png,,J. Ikoné,PD MD,24,78,France,/234/612/23_60.png,,F. Đuričić,MEI PE,30,75,Serbia,/193/881/23_60.png,,S. Verdi,ATA MEI,29,75,Italy,/196/889/23_60.png,,G. Defrel,ATA ATA,31,76,France,/202/851/23_60.png,,S. Posch,ZAG LD,25,75,Austria,/223/671/23_60.png,,B. Nuytinck,ZAG,32,75,Netherlands,/193/091/23_60.png,,M. Rog,MC VOL,26,72,Croatia,/236/311/23_60.png,,M. Frendrup,VOL MC,21,72,Denmark,/242/633/23_60.png,,W. Cyprien,VOL MC,27,72,France,/212/886/23_60.png,,
a,Bremer,ZAG,25,83,Brazil,/239/580/23_60.png,,E. Džeko,ATA,36,84,Bosnia,/180/930/23_60.png,,A. Meret,GOL,25,79,Italy,/225/116/23_60.png,,Pedro,PE PD ATA,34,80,Spain,/189/505/23_60.png,,Z. Ibrahimović,ATA,40,83,Sweden,/041/236/23_60.png,,R. Karsdorp,LD MD LD,27,80,Netherlands,/222/558/23_60.png,,M. de Roon,VOL MC ZAG,31,80,Netherlands,/208/461/23_60.png,,Arthur Cabral,ATA,24,78,Brazil,/246/186/23_60.png,,J. Murillo,ZAG,30,74,Colombia,/201/377/23_60.png,,R. Rodríguez,ZAG,29,74,Switzerland,/193/352/23_60.png,,A. Pinamonti,ATA,23,75,Italy,/235/842/23_60.png,,N. Sansone,MEI PE,30,75,Italy,/201/858/23_60.png,,H. Kamara,LE ME,28,75,Ivory Coast,/220/421/23_60.png,,L. Pavoletti,ATA,33,72,Italy,/205/850/23_60.png,,S. Ilsanker,ZAG VOL,33,72,Austria,/194/665/23_60.png,,D. Man,MD ME PD,23,71,Romania,/239/978/23_60.png,,
a,M. Locatelli,VOL MC,24,82,Italy,/222/077/23_60.png,,S. Handanovič,GOL,37,83,Slovenia,/162/835/23_60.png,,Kim Min Jae,ZAG,25,81,South Korea,/237/086/23_60.png,,Luís Maximiano,GOL,23,79,Portugal,/244/316/23_60.png,,D. Calabria,LD,25,80,Italy,/228/881/23_60.png,,B. Cristante,VOL MC,27,80,Italy,/208/268/23_60.png,,T. Koopmeiners,MC VOL,24,80,Netherlands,/240/679/23_60.png,,G. Castrovilli,MC,25,77,Italy,/225/014/23_60.png,,I. Pussetto,ATA ATA,26,74,Argentina,/219/536/23_60.png,,S. Ricci,VOL MC,20,74,Italy,/253/473/23_60.png,,Matheus Henrique,MC VOL,24,74,Brazil,/254/487/23_60.png,,M. Aebischer,MC,25,75,Switzerland,/236/898/23_60.png,,D. Udogie,LE ME,19,74,Italy,/259/583/23_60.png,,E. Goldaniga,ZAG,28,71,Italy,/223/524/23_60.png,,J. Vásquez,ZAG LE,23,72,Mexico,/244/349/23_60.png,,L. Chichizola,GOL,32,71,Argentina,/191/628/23_60.png,,
a,D. Kulusevski,PD ATA,22,81,Sweden,/247/394/23_60.png,,D. Dumfries,LD MD,26,82,Netherlands,/233/096/23_60.png,,G. Raspadori,ATA MEI ME,22,79,Italy,/253/002/23_60.png,,A. Marušić,LE LD,29,79,Montenegro,/224/031/23_60.png,,A. Rebić,PE ME ATA,28,80,Croatia,/220/018/23_60.png,,A. Belotti,ATA,28,78,Italy,/208/596/23_60.png,,B. Djimsiti,ZAG,29,79,Albania,/208/165/23_60.png,,S. Amrabat,VOL MC,25,76,Morocco,/224/158/23_60.png,,Gonzalo Villar,MC VOL,24,74,Spain,/244/393/23_60.png,,O. Aina,LE ME MD,25,74,Nigeria,/224/656/23_60.png,,A. Laurienté,MD PD ATA,23,74,France,/243/593/23_60.png,,N. Moro,VOL MC,24,74,Croatia,/244/270/23_60.png,,I. Success,ATA,26,74,Nigeria,/222/634/23_60.png,,N. Viola,MC VOL,32,71,Italy,/173/160/23_60.png,,D. Biraschi,ZAG LD,27,72,Italy,/213/938/23_60.png,,E. Cobbaut,ZAG,24,71,Belgium,/232/526/23_60.png,,
a,D. Zakaria,VOL MC,25,81,Switzerland,/229/261/23_60.png,,F. Acerbi,ZAG,34,82,Italy,/199/845/23_60.png,,T. Ndombele,MC VOL MEI,25,80,France,/235/569/23_60.png,,M. Vecino,MC VOL,30,77,Uruguay,/219/985/23_60.png,,A. Florenzi,LD,31,79,Italy,/203/551/23_60.png,,G. Wijnaldum,MC VOL,31,80,Netherlands,/181/291/23_60.png,,D. Zappacosta,LE ME MD,30,79,Italy,/216/150/23_60.png,,R. Saponara,PE,30,76,Italy,/201/046/23_60.png,,B. Bereszyński,LD,29,73,Poland,/199/763/23_60.png,,M. Vojvoda,LE ME MD,27,74,Kosovo,/228/349/23_60.png,,M. Erlić,ZAG,24,74,Croatia,/244/456/23_60.png,,A. Soumaoro,ZAG,30,74,France,/200/353/23_60.png,,A. Masina,LE ME LE,28,74,Morocco,/225/410/23_60.png,,F. Falco,ATA MEI PD,30,71,Italy,/210/329/23_60.png,,A. Touré,VOL MC,28,71,France,/210/450/23_60.png,,V. Mihăilă,ME PE,22,71,Romania,/248/060/23_60.png,,
a,Danilo,LD,30,80,Brazil,/199/304/23_60.png,,A. Onana,GOL,26,84,Cameroon,/226/753/23_60.png,,Mário Rui,LE,31,79,Portugal,/204/614/23_60.png,,N. Casale,ZAG,24,76,Italy,/239/770/23_60.png,,A. Saelemaekers,PD MD,23,79,Belgium,/242/664/23_60.png,,N. Matić,VOL,33,79,Serbia,/191/202/23_60.png,,A. Miranchuk,MEI ATA,26,78,Russia,/214/092/23_60.png,,Igor,ZAG,24,76,Brazil,/241/585/23_60.png,,A. Conti,LD,28,73,Italy,/223/329/23_60.png,,K. Linetty,MC ATA,27,74,Poland,/211/408/23_60.png,,G. Ferrari,ZAG,30,74,Italy,/224/808/23_60.png,,J. Schouten,VOL MC,25,74,Netherlands,/235/149/23_60.png,,Walace,VOL MC,27,74,Brazil,/222/844/23_60.png,,E. Capradossi,ZAG,26,71,Italy,/215/376/23_60.png,,N. Maksimović,ZAG,30,71,Serbia,/215/466/23_60.png,,Y. Osorio,ZAG,28,70,Venezuela,/237/297/23_60.png,,
a,Alex Sandro,LE,31,80,Brazil,/191/043/23_60.png,,R. Gosens,LE ME,27,82,Germany,/223/697/23_60.png,,E. Elmas,MEI MC,22,78,North Macedonia,/241/390/23_60.png,,D. Cataldi,VOL MC,27,76,Italy,/211/361/23_60.png,,P. Kalulu,ZAG LD,22,78,France,/255/654/23_60.png,,Ibañez,ZAG,23,79,Brazil,/247/257/23_60.png,,P. Gollini,GOL,27,78,Italy,/211/515/23_60.png,,P. Terracciano,GOL,32,76,Italy,/205/812/23_60.png,,F. Depaoli,LD MD,25,73,Italy,/235/834/23_60.png,,D. Zima,ZAG,21,74,Czech Republic,/255/687/23_60.png,,Pedro Obiang,VOL MC,30,73,Equatorial Guinea,/200/054/23_60.png,,G. Medel,ZAG,34,73,Chile,/193/532/23_60.png,,J. Makengo,MC VOL,24,73,France,/230/686/23_60.png,,G. Altare,ZAG,23,70,Italy,/263/647/23_60.png,,P. Galdames,MC VOL,25,71,Chile,/219/127/23_60.png,,R. Inglese,ATA,30,70,Italy,/199/559/23_60.png,,
a,L. Paredes,VOL MC,28,80,Argentina,/207/439/23_60.png,,H. Mkhitaryan,MEI MC,33,81,Armenia,/192/883/23_60.png,,G. Simeone,ATA,26,78,Argentina,/216/816/23_60.png,,G. Escalante,VOL MC,29,76,Argentina,/219/391/23_60.png,,Brahim,MEI,22,78,Spain,/231/410/23_60.png,,S. El Shaarawy,PE ME,29,77,Italy,/190/813/23_60.png,,M. Pessina,MEI MC ATA,25,77,Italy,/239/613/23_60.png,,R. Sottil,PE PD,23,76,Italy,/246/431/23_60.png,,V. Verre,MEI ME,28,73,Italy,/205/531/23_60.png,,Y. Karamoh,PE ME,23,74,France,/231/826/23_60.png,,A. Harroui,VOL MC MD,24,73,Morocco,/241/937/23_60.png,,C. Lykogiannis,LE ME LE,28,73,Greece,/210/381/23_60.png,,J. Bijol,ZAG VOL,23,73,Slovenia,/244/238/23_60.png,,S. Walukiewicz,ZAG,22,70,Poland,/243/497/23_60.png,,S. Sturaro,MC VOL,29,71,Italy,/202/135/23_60.png,,G. Tutino,ATA PE,25,69,Italy,/220/528/23_60.png,,
a,A. Rabiot,MC ME,27,80,France,/210/008/23_60.png,,J. Correa,ATA ATA,27,80,Argentina,/215/330/23_60.png,,S. Sirigu,GOL,35,77,Italy,/168/435/23_60.png,,I. Provedel,GOL,28,76,Italy,/224/987/23_60.png,,C. De Ketelaere,ATA PE,21,79,Belgium,/251/470/23_60.png,,Z. Çelik,LD MD LD,25,76,Turkey,/224/490/23_60.png,,J. Boga,PE ATA ME,25,77,Ivory Coast,/224/422/23_60.png,,S. Żurkowski,MC,24,76,Poland,/239/732/23_60.png,,T. Rincón,MC VOL,34,72,Venezuela,/191/053/23_60.png,,A. Izzo,ZAG,30,74,Italy,/216/145/23_60.png,,K. Ayhan,ZAG,27,73,Turkey,/207/790/23_60.png,,K. Bonifazi,ZAG,26,73,Italy,/235/290/23_60.png,,D. Padelli,GOL,36,72,Italy,/162/297/23_60.png,,A. Barreca,LE ME,27,69,Italy,/220/493/23_60.png,,K. Yeboah,ATA,22,70,Italy,/251/229/23_60.png,,Adrián Bernabé,MC MEI,21,69,Spain,/252/794/23_60.png,,
a,Arthur,MC VOL,25,80,Brazil,/230/658/23_60.png,,M. Darmian,LD MD,32,80,Italy,/184/392/23_60.png,,D. Demme,VOL MC,30,77,Germany,/202/325/23_60.png,,Ș. Radu,ZAG,35,75,Romania,/165/109/23_60.png,,Junior Messias,PD MD,31,78,Brazil,/240/938/23_60.png,,J. Kluivert,PE ME MD,23,76,Netherlands,/236/920/23_60.png,,A. Lookman,ME MD,24,77,England,/230/899/23_60.png,,L. Martínez Quarta,ZAG,26,76,Argentina,/228/708/23_60.png,,A. Sabiri,MEI MC ME,25,72,Morocco,/237/499/23_60.png,,N. Radonjić,PE PD ATA,26,74,Serbia,/243/656/23_60.png,,J. Toljan,LD,27,73,Germany,/214/622/23_60.png,,F. Bardi,GOL,30,73,Italy,/193/786/23_60.png,,S. Lovrič,MC VOL,24,72,Slovenia,/223/866/23_60.png,,B. Radunović,GOL,26,68,Serbia,/231/073/23_60.png,,M. Pajač,LE,29,70,Croatia,/234/873/23_60.png,,N. Estévez,MC VOL,26,69,Argentina,/240/992/23_60.png,,
a,W. McKennie,MC ME,23,80,United States,/238/744/23_60.png,,F. Dimarco,LE ME ZAG,24,78,Italy,/226/268/23_60.png,,M. Olivera,LE LE,24,77,Uruguay,/240/716/23_60.png,,E. Hysaj,LE LD,28,75,Albania,/210/864/23_60.png,,S. Dest,LD MD LE,21,77,United States,/251/804/23_60.png,,M. Viña,LE ME LE,24,77,Uruguay,/253/290/23_60.png,,M. Demiral,ZAG,24,77,Turkey,/238/160/23_60.png,,A. Duncan,MC,29,75,Ghana,/208/535/23_60.png,,T. Augello,LE,27,72,Italy,/240/100/23_60.png,,E. Berisha,GOL,33,73,Albania,/189/296/23_60.png,,G. Kyriakopoulos,LE ME PE,26,72,Greece,/253/213/23_60.png,,J. Zirkzee,ATA MEI,21,73,Netherlands,/250/961/23_60.png,,K. Ehizibue,LD,27,72,Nigeria,/225/669/23_60.png,,G. Zappa,LD LD,22,68,Italy,/252/964/23_60.png,,Josep Martínez,GOL,24,70,Spain,/243/311/23_60.png,,E. Delprato,LD MD ZAG,22,67,Italy,/252/442/23_60.png,,
a,A. Milik,ATA,28,79,Poland,/205/175/23_60.png,,D. D'Ambrosio,ZAG,33,78,Italy,/198/946/23_60.png,,Juan Jesus,ZAG,31,76,Brazil,/200/752/23_60.png,,Patric,ZAG LD,29,75,Spain,/206/098/23_60.png,,R. Krunić,MC MEI,28,77,Bosnia,/229/758/23_60.png,,E. Shomurodov,ATA ATA,27,75,Uzbekistan,/239/964/23_60.png,,J. Mæhle,LD MD ME,25,76,Denmark,/234/678/23_60.png,,Dodô,LD,23,75,Brazil,/234/112/23_60.png,,A. Ferrari,ZAG LD,28,72,Italy,/219/852/23_60.png,,V. Milinković-Savić,GOL,25,73,Serbia,/224/836/23_60.png,,K. Thorstvedt,MEI MC,23,72,Norway,/242/725/23_60.png,,J. Lucumí,ZAG,24,73,Colombia,/231/207/23_60.png,,M. Jajalo,VOL MC,34,72,Bosnia,/192/612/23_60.png,,A. Deiola,MC,26,67,Italy,/229/743/23_60.png,,S. Sabelli,LD,29,70,Italy,/206/159/23_60.png,,S. Jurić,VOL MC,25,67,Croatia,/262/581/23_60.png,,
a,M. Perin,GOL,29,79,Italy,/198/009/23_60.png,,S. Sensi,MC MEI,26,78,Italy,/229/857/23_60.png,,K. Kvaratskhelia,PE MEI,21,83,Georgia,/247/635/23_60.png,,J. Akpa Akpro,MC,29,75,Ivory Coast,/205/343/23_60.png,,C. Tătărușanu,GOL,36,76,Romania,/201/325/23_60.png,,M. Kumbulla,ZAG,22,75,Albania,/245/426/23_60.png,,M. Sportiello,GOL,30,75,Italy,/216/065/23_60.png,,R. Mandragora,MC VOL,25,75,Italy,/225/439/23_60.png,,N. Murru,LE,27,72,Italy,/205/934/23_60.png,,K. Djidji,ZAG,29,71,Ivory Coast,/203/884/23_60.png,,A. Álvarez Martínez,ATA ATA,21,72,Uruguay,/258/846/23_60.png,,A. Cambiaso,LE ME LD,22,72,Italy,/258/966/23_60.png,,F. Benković,ZAG,24,71,Croatia,/244/269/23_60.png,,Zito Luvumbo,MD ATA,20,66,Angola,/259/011/23_60.png,,A. Šemper,GOL,24,70,Croatia,/244/274/23_60.png,,L. Valenti,ZAG,23,66,Argentina,/246/164/23_60.png,,
a,M. Kean,ATA PE,22,78,Italy,/236/610/23_60.png,,R. Gagliardini,VOL MC,28,76,Italy,/212/153/23_60.png,,A. Petagna,ATA,27,76,Italy,/215/689/23_60.png,,T. Bašić,MC VOL,25,75,Croatia,/245/275/23_60.png,,D. Origi,ATA PE,27,76,Belgium,/213/135/23_60.png,,Carles Pérez,MD ATA MEI,24,75,Spain,/240/654/23_60.png,,Éderson,MC,22,74,Brazil,/266/866/23_60.png,,C. Kouamé,ATA,24,74,Ivory Coast,/235/866/23_60.png,,E. Torregrossa,ATA,30,71,Italy,/220/829/23_60.png,,P. Pellegri,ATA,21,69,Italy,/238/873/23_60.png,,Rogério,LE,24,72,Brazil,/241/629/23_60.png,,E. Vignato,MEI,21,72,Italy,/240/661/23_60.png,,I. Nestorovski,ATA,32,71,North Macedonia,/199/274/23_60.png,,A. Makoumbou,MC,23,66,Congo,/270/597/23_60.png,,M. Bani,ZAG,28,70,Italy,/224/378/23_60.png,,J. Oosterwolde,LE ME LE,21,66,Netherlands,/258/168/23_60.png,,
a,L. Pellegrini,LE LE,23,76,Italy,/243/237/23_60.png,,A. Pinamonti,ATA,23,75,Italy,/235/842/23_60.png,,S. Luperto,ZAG,25,73,Italy,/220/534/23_60.png,,M. Cancellieri,PD ATA,19,73,Italy,/263/929/23_60.png,,T. Pobega,MC,22,76,Italy,/252/060/23_60.png,,M. Camara,MC VOL,25,75,Guinea,/237/520/23_60.png,,M. Carnesecchi,GOL,22,74,Italy,/252/154/23_60.png,,Y. Maleh,MC,23,74,Morocco,/236/838/23_60.png,,Ronaldo Vieira,VOL MC,23,71,England,/233/943/23_60.png,,A. Buongiorno,ZAG,23,68,Italy,/243/241/23_60.png,,M. Müldür,LD,23,71,Turkey,/243/526/23_60.png,,L. Ferguson,MC VOL,22,70,Scotland,/242/280/23_60.png,,E. Ebosse,ZAG LE,23,70,Cameroon,/241/007/23_60.png,,S. Aresti,GOL,36,66,Italy,/171/490/23_60.png,,G. Yalçın,ATA PE,23,69,Turkey,/245/368/23_60.png,,S. Sohm,VOL MC,21,65,Switzerland,/244/634/23_60.png,,
a,M. De Sciglio,LD LE,29,76,Italy,/206/058/23_60.png,,V. Lazaro,LD MD LD,26,75,Austria,/211/147/23_60.png,,L. Østigård,ZAG,22,73,Norway,/238/516/23_60.png,,Marcos Antonio,MC VOL,22,73,Brazil,/247/377/23_60.png,,T. Bakayoko,VOL MC,27,75,France,/219/809/23_60.png,,N. Zalewski,ME,20,74,Poland,/262/113/23_60.png,,C. Okoli,ZAG,20,71,Italy,/261/281/23_60.png,,J. Rasmussen,ZAG,25,74,Denmark,/234/827/23_60.png,,J. Chabot,ZAG,24,70,Germany,/239/340/23_60.png,,N. Rauti,ATA,22,67,Italy,/270/473/23_60.png,,G. Pegolo,GOL,41,70,Italy,/106/795/23_60.png,,L. Binks,ZAG,20,69,England,/245/900/23_60.png,,L. Samardžić,MEI MC,20,68,Germany,/256/115/23_60.png,,A. Di Pardo,MD,22,65,Italy,/261/243/23_60.png,,A. Favilli,ATA,25,69,Italy,/226/468/23_60.png,,G. Charpentier,ATA,23,65,France,/268/464/23_60.png,,
a,D. Rugani,ZAG,27,76,Italy,/211/320/23_60.png,,R. Bellanova,LD MD,22,74,Italy,/247/229/23_60.png,,A. Zerbin,PE,23,72,Italy,/237/669/23_60.png,,Jony,ME,30,73,Spain,/222/943/23_60.png,,Y. Adli,MC MEI,21,75,France,/243/627/23_60.png,,Gonzalo Villar,MC VOL,24,74,Spain,/244/393/23_60.png,,S. Lammers,ATA,25,71,Netherlands,/236/498/23_60.png,,L. Venuti,LD,27,72,Italy,/220/509/23_60.png,,A. La Gumina,ATA,26,70,Italy,/228/378/23_60.png,,M. Warming,PE ME,22,65,Denmark,/238/755/23_60.png,,R. Marchizza,LE,24,69,Italy,/236/308/23_60.png,,J. Sosa,ZAG LE,20,68,Uruguay,/255/349/23_60.png,,Cristo González,ATA MEI,24,67,Spain,/225/105/23_60.png,,A. Obert,ZAG,19,63,Slovakia,/266/636/23_60.png,,V. Parigini,ME ATA MD,26,69,Italy,/219/995/23_60.png,,A. Benedyczak,ATA,21,65,Poland,/243/154/23_60.png,,
a,F. Gatti,ZAG,24,75,Italy,/266/872/23_60.png,,I. Radu,GOL,25,74,Romania,/234/102/23_60.png,,G. Gaetano,MEI MC,22,71,Italy,/246/877/23_60.png,,M. Fares,PE ME,26,72,Algeria,/226/356/23_60.png,,M. Caldara,ZAG,28,75,Italy,/220/477/23_60.png,,A. Ćorić,MEI MC,25,69,Croatia,/229/594/23_60.png,,V. Kovalenko,MC MEI,26,71,Ukraine,/228/698/23_60.png,,M. Benassi,MC,27,72,Italy,/211/354/23_60.png,,W. Falcone,GOL,27,69,Italy,/210/676/23_60.png,,S. Edera,MEI ATA PD,25,64,Italy,/233/794/23_60.png,,F. Romagna,ZAG,25,69,Italy,/226/108/23_60.png,,S. van Hooijdonk,ATA,22,68,Netherlands,/244/601/23_60.png,,F. Ebosele,LD MD,19,66,Ireland,/263/571/23_60.png,,F. Carboni,LE,19,63,Argentina,/270/485/23_60.png,,L. Czyborra,LE ME,23,69,Germany,/244/840/23_60.png,,W. Coulibaly,LD MD LE,23,63,France,/251/335/23_60.png,,
a,M. Pjaca,ATA ATA MEI,27,75,Croatia,/229/593/23_60.png,,A. Cordaz,GOL,39,72,Italy,/149/258/23_60.png,,A. Zanoli,LD,21,69,Italy,/268/656/23_60.png,,R. Durmisi,LE,28,70,Denmark,/211/385/23_60.png,,A. Mirante,GOL,38,74,Italy,/140/293/23_60.png,,M. Svilar,GOL,22,69,Serbia,/230/872/23_60.png,,L. Vido,ATA,25,70,Italy,/237/544/23_60.png,,L. Ranieri,LE ZAG,23,70,Italy,/240/777/23_60.png,,M. Léris,MC MD,24,69,France,/240/660/23_60.png,,L. Gemello,GOL,21,64,Italy,/266/333/23_60.png,,M. Sala,LE,23,68,Italy,/252/704/23_60.png,,M. Juwara,ATA PE,20,67,Gambia,/254/541/23_60.png,,Leonardo Buta,LE ME,20,60,Portugal,/267/778/23_60.png,,V. Millico,PE ATA,21,62,Italy,/242/420/23_60.png,,Y. Kallon,MD PD ATA,21,68,Sierra Leone,/262/333/23_60.png,,V. Zagaritis,LE ME LE,21,63,Greece,/252/999/23_60.png,,
a,N. Rovella,MC VOL,20,75,Italy,/255/001/23_60.png,,K. Asllani,VOL MC,20,72,Albania,/264/699/23_60.png,,M. Folorunsho,MEI MC ATA,24,68,Italy,/268/683/23_60.png,,L. Romero,PD MEI,17,67,Argentina,/258/467/23_60.png,,A. Vranckx,MC VOL,19,73,Belgium,/252/027/23_60.png,,E. Darboe,VOL,21,68,Gambia,/262/091/23_60.png,,B. Soppy,LD MD,20,70,France,/258/407/23_60.png,,G. Ferrarini,LD LD,22,67,Italy,/258/484/23_60.png,,B. Amione,ZAG,20,68,Argentina,/268/679/23_60.png,,E. İlkhan,MC PD MEI,18,64,Turkey,/266/257/23_60.png,,J. Antiste,ATA,19,68,France,/255/839/23_60.png,,K. Michael,MC,22,66,Nigeria,/245/277/23_60.png,,J. Abankwah,ZAG,18,59,Ireland,/264/509/23_60.png,,A. Dossena,ZAG,23,60,Italy,/237/586/23_60.png,,M. Portanova,MC MEI,22,68,Italy,/259/331/23_60.png,,B. Balogh,ZAG,20,62,Hungary,/258/708/23_60.png,,
a,C. Pinsoglio,GOL,32,73,Italy,/189/342/23_60.png,,M. Satriano,ATA,21,72,Uruguay,/264/325/23_60.png,,N. Contini,GOL,26,67,Ukraine,/220/532/23_60.png,,E. Cicerelli,PE PD,27,65,Italy,/241/165/23_60.png,,F. Ballo-Touré,LE,25,72,Senegal,/236/723/23_60.png,,E. Bove,MC,20,68,Italy,/262/171/23_60.png,,G. Scalvini,ZAG,18,70,Italy,/265/188/23_60.png,,A. Terzić,LE,22,67,Serbia,/252/573/23_60.png,,K. Askildsen,MC,21,68,Norway,/246/100/23_60.png,,M. Garbett,MEI MC,20,63,New Zealand,/255/360/23_60.png,,E. Ceïde,ME PE MD,20,67,Norway,/245/537/23_60.png,,S. Breza,GOL,24,64,Canada,/261/687/23_60.png,,A. Guessand,ZAG,17,59,France,/264/408/23_60.png,,C. Kourfalidis,MC,19,60,Greece,/266/637/23_60.png,,G. Pușcaș,ATA,26,68,Romania,/225/652/23_60.png,,Y. Bonny,ATA,18,59,France,/259/565/23_60.png,,
a,M. Ihattaren,MEI PD,20,73,Netherlands,/246/960/23_60.png,,Z. Vanheusden,ZAG,22,72,Belgium,/241/103/23_60.png,,K. Zedadka,LE PE,22,62,France,/264/392/23_60.png,,M. Adamonis,GOL,25,64,Lithuania,/233/691/23_60.png,,M. Thiaw,ZAG,20,72,Germany,/256/261/23_60.png,,R. Providence,PE PD,20,67,France,/264/311/23_60.png,,M. Ruggeri,LE ME,19,69,Italy,/259/584/23_60.png,,L. Munteanu,ATA,20,64,Romania,/248/674/23_60.png,,N. Ravaglia,GOL,33,67,Italy,/173/165/23_60.png,,B. Bayeye,MD LD,22,62,France,/271/480/23_60.png,,Ruan,ZAG,23,66,Brazil,/263/785/23_60.png,,G. Corbo,ZAG,22,64,Italy,/243/513/23_60.png,,E. Piana,GOL,18,53,Italy,/271/374/23_60.png,,A. Griger,ATA,18,58,Slovakia,/260/126/23_60.png,,F. Jagiełło,MC MEI,24,68,Poland,/220/912/23_60.png,,D. Camara,MC,20,58,Ivory Coast,/264/364/23_60.png,,
a,N. Fagioli,MC MEI VOL,21,73,Italy,/260/823/23_60.png,,L. Agoumé,VOL MC,20,71,France,/246/683/23_60.png,,,,,,,,,Raúl Moro,PE,19,64,Spain,/258/139/23_60.png,,M. Gabbia,ZAG,22,70,Italy,/240/277/23_60.png,,B. Reynolds,LD LE MD,21,66,United States,/242/907/23_60.png,,R. Piccoli,ATA,21,69,Italy,/248/385/23_60.png,,G. Gori,ATA,23,62,Italy,/240/778/23_60.png,,M. De Luca,ATA,23,67,Italy,/237/391/23_60.png,,S. Wade,LE ME LE,19,62,England,/271/481/23_60.png,,R. Flamingo,ZAG,19,66,Netherlands,/270/633/23_60.png,,A. Raimondo,ATA,18,63,Italy,/269/182/23_60.png,,,,,,,,,N. Lella,MC,21,55,Italy,/271/201/23_60.png,,R. Drăgușin,ZAG,20,68,Romania,/260/105/23_60.png,,A. Circati,ZAG,18,53,Italy,/268/913/23_60.png,,
a,F. Miretti,MC VOL,18,72,Italy,/268/802/23_60.png,,Dalbert,LE ME,28,73,Brazil,/229/148/23_60.png,,,,,,,,,Mario Gila,ZAG,21,62,Spain,/268/804/23_60.png,,L. Colombo,ATA,20,69,Italy,/256/899/23_60.png,,C. Volpato,MEI,18,64,Italy,/265/761/23_60.png,,S. Mazzocchi,ATA MEI,23,69,Italy,/268/736/23_60.png,,E. Pierozzi,LD MD,20,61,Italy,/268/750/23_60.png,,N. Contini,GOL,26,67,Ukraine,/220/532/23_60.png,,D. Seck,PD ATA PE,21,62,Senegal,/266/877/23_60.png,,S. Turati,GOL,20,66,Italy,/254/502/23_60.png,,D. Kasius,LD MD,19,63,Netherlands,/267/446/23_60.png,,,,,,,,,G. Ciocci,GOL,22,54,Italy,/271/199/23_60.png,,G. Calò,VOL MC,25,67,Italy,/251/769/23_60.png,,E. Corvi,GOL,21,51,Italy,/271/385/23_60.png,,
a,A. Cambiaso,LE ME LD,22,72,Italy,/258/966/23_60.png,,F. Colidio,ME MEI MD,22,70,Argentina,/245/461/23_60.png,,,,,,,,,,,,,,,,D. Maldini,MEI,20,65,Italy,/255/611/23_60.png,,W. Bianda,ZAG,22,63,France,/239/502/23_60.png,,S. Elia,MD LD LD,23,68,Italy,/251/762/23_60.png,,C. Dalle Mura,ZAG,20,60,Italy,/257/786/23_60.png,,L. Benedetti,MC,22,63,Italy,/244/672/23_60.png,,B. Kone,MEI MC,22,60,Ivory Coast,/253/120/23_60.png,,B. Oddei,MD,19,64,Italy,/260/415/23_60.png,,F. Ravaglia,GOL,22,63,Italy,/240/657/23_60.png,,,,,,,,,,,,,,,,A. Vogliacco,ZAG,23,67,Italy,/245/566/23_60.png,,A. Hainaut,MC,20,51,France,/271/856/23_60.png,,
a,L. Zanimacchia,MD,23,72,Italy,/235/935/23_60.png,,S. Esposito,ATA MEI,19,70,Italy,/247/888/23_60.png,,,,,,,,,,,,,,,,M. Lazetić,ATA,18,65,Serbia,/266/891/23_60.png,,F. Tripi,ZAG VOL,20,62,Italy,/259/721/23_60.png,,M. Varnier,ZAG,24,68,Italy,/235/863/23_60.png,,M. Cerofolini,GOL,23,60,Italy,/240/785/23_60.png,,T. Segovia,MC VOL,19,61,Venezuela,/260/056/23_60.png,,M. Adopo,MC VOL ZAG,21,59,France,/254/982/23_60.png,,A. Russo,GOL,21,64,Italy,/253/003/23_60.png,,A. Baldursson,VOL MC,20,62,Iceland,/256/036/23_60.png,,,,,,,,,,,,,,,,F. Melegoni,MC MEI,23,67,Italy,/237/382/23_60.png,,,,,,,,,
a,Kaio Jorge,ATA,20,71,Brazil,/260/644/23_60.png,,E. Salcedo,ATA ATA,20,68,Italy,/241/410/23_60.png,,,,,,,,,,,,,,,,M. Brescianini,VOL MC,22,62,Italy,/257/785/23_60.png,,P. Boer,GOL,20,60,Italy,/259/973/23_60.png,,N. Zortea,LD MD LD,23,68,Italy,/252/440/23_60.png,,A. Bianco,MC,19,58,Italy,/271/477/23_60.png,,Gerard Yepes,MC,19,60,Spain,/266/069/23_60.png,,,,,,,,,I. Karamoko,MD,20,63,France,/261/729/23_60.png,,W. Amey,ZAG,16,61,Italy,/269/183/23_60.png,,,,,,,,,,,,,,,,R. Vodišek,GOL,23,66,Slovenia,/244/340/23_60.png,,,,,,,,,
a,M. Aké,PE,21,70,France,/251/341/23_60.png,,L. Pirola,ZAG,20,68,Italy,/257/368/23_60.png,,,,,,,,,,,,,,,,L. Stanga,ZAG,20,60,Italy,/266/293/23_60.png,,,,,,,,,E. Colley,PE ATA PD,22,67,Gambia,/254/692/23_60.png,,S. Ghidotti,GOL,22,50,Italy,/270/756/23_60.png,,S. Trimboli,MC,20,56,Italy,/268/081/23_60.png,,,,,,,,,L. D'Andrea,MEI,17,63,Italy,/271/482/23_60.png,,K. Urbański,MEI MC,17,60,Poland,/254/819/23_60.png,,,,,,,,,,,,,,,,F. Cassata,MC,24,65,Italy,/235/942/23_60.png,,,,,,,,,
a,G. Frabotta,LE LE,23,69,Italy,/257/713/23_60.png,,F. Stanković,GOL,20,67,Serbia,/269/271/23_60.png,,,,,,,,,,,,,,,,,,,,,,,,,,,,,,R. Højlund,ATA,19,67,Denmark,/259/399/23_60.png,,,,,,,,,,,,,,,,,,,,,,,Y. Paz,LD MD,20,61,Colombia,/271/006/23_60.png,,M. Pagliuca,ATA,20,60,Italy,/260/084/23_60.png,,,,,,,,,,,,,,,,F. Bianchi,ATA,22,63,Italy,/264/402/23_60.png,,,,,,,,,
a,Félix Correia,PD PE,21,68,Portugal,/253/167/23_60.png,,A. Fontanarosa,ZAG LE,19,67,Italy,/271/572/23_60.png,,,,,,,,,,,,,,,,,,,,,,,,,,,,,,C. Capone,PE ATA,23,66,Italy,/240/215/23_60.png,,,,,,,,,,,,,,,,,,,,,,,R. Ciervo,PD,21,61,Italy,/264/683/23_60.png,,G. Cangiano,PE,20,59,Italy,/257/217/23_60.png,,,,,,,,,,,,,,,,P. Gozzi,LE ZAG,21,63,Italy,/248/408/23_60.png,,,,,,,,,
a,R. Drăgușin,ZAG,20,68,Romania,/260/105/23_60.png,,D. Males,MEI MD,21,66,Switzerland,/252/526/23_60.png,,,,,,,,,,,,,,,,,,,,,,,,,,,,,,N. Cambiaghi,PE MEI,21,65,Italy,/268/703/23_60.png,,,,,,,,,,,,,,,,,,,,,,,L. Moro,ATA,21,56,Italy,/248/787/23_60.png,,M. Motolese,ZAG,18,57,Italy,/271/473/23_60.png,,,,,,,,,,,,,,,,A. Buksa,ATA,19,60,Poland,/247/388/23_60.png,,,,,,,,,
a,M. Soulé,PD,19,68,Argentina,/265/695/23_60.png,,M. Zanotti,LD MD LD,19,66,Italy,/271/573/23_60.png,,,,,,,,,,,,,,,,,,,,,,,,,,,,,,E. Latte Lath,ATA PE,23,65,Ivory Coast,/237/295/23_60.png,,,,,,,,,,,,,,,,,,,,,,,J. Ryan,LD ME,18,54,Ireland,/267/883/23_60.png,,N. Bagnolini,GOL,18,55,Italy,/271/420/23_60.png,,,,,,,,,,,,,,,,,,,,,,,,,,,,,,
a,F. Ranocchia,MC VOL,21,67,Italy,/244/874/23_60.png,,G. Oristanio,MEI MC,19,64,Italy,/269/276/23_60.png,,,,,,,,,,,,,,,,,,,,,,,,,,,,,,A. Cortinovis,MC MEI,21,64,Italy,/268/681/23_60.png,,,,,,,,,,,,,,,,,,,,,,,,,,,,,,,,,,,,,,,,,,,,,,,,,,,,,,,,,,,,,,,,,
a,S. Gori,GOL,26,66,Italy,/225/610/23_60.png,,F. Carboni,LE,19,63,Argentina,/270/485/23_60.png,,,,,,,,,,,,,,,,,,,,,,,,,,,,,,G. Cittadini,ZAG,20,63,Italy,/266/304/23_60.png,,,,,,,,,,,,,,,,,,,,,,,,,,,,,,,,,,,,,,,,,,,,,,,,,,,,,,,,,,,,,,,,,
a,A. Di Pardo,MD,22,65,Italy,/261/243/23_60.png,,M. Pompetti,MC VOL,22,61,Italy,/237/613/23_60.png,,,,,,,,,,,,,,,,,,,,,,,,,,,,,,J. Da Riva,MC,21,63,Italy,/257/781/23_60.png,,,,,,,,,,,,,,,,,,,,,,,,,,,,,,,,,,,,,,,,,,,,,,,,,,,,,,,,,,,,,,,,,
a,C. Da Graca,ATA,20,64,Italy,/271/582/23_60.png,,G. Fabbian,MC,19,58,Italy,/271/019/23_60.png,,,,,,,,,,,,,,,,,,,,,,,,,,,,,,S. Muratore,MC,24,63,Italy,/257/195/23_60.png,,,,,,,,,,,,,,,,,,,,,,,,,,,,,,,,,,,,,,,,,,,,,,,,,,,,,,,,,,,,,,,,,
a,K. De Winter,ZAG LD,20,64,Belgium,/265/774/23_60.png,,,,,,,,,,,,,,,,,,,,,,,,,,,,,,,,,,,,,M. Cissé,ATA,18,63,Guinea,/268/271/23_60.png,,,,,,,,,,,,,,,,,,,,,,,,,,,,,,,,,,,,,,,,,,,,,,,,,,,,,,,,,,,,,,,,,
a,G. Garofani,GOL,19,61,Italy,/271/583/23_60.png,,,,,,,,,,,,,,,,,,,,,,,,,,,,,,,,,,,,,F. Rossi,GOL,31,61,Italy,/194/894/23_60.png,,,,,,,,,,,,,,,,,,,,,,,,,,,,,,,,,,,,,,,,,,,,,,,,,,,,,,,,,,,,,,,,,
a,,,,,,,,,,,,,,,,,,,,,,,,,,,,,,,,,,,,,,,,,,,,,,,,,,,,,,,,,,,,,,,,,,,,,,,,,,,,,,,,,,,,,,,,,,,,,,,,,,,,,,,,,,,,,,,,,
a,,,,,,,,,,,,,,,,,,,,,,,,,,,,,,,,,,,,,,,,,,,,,,,,,,,,,,,,,,,,,,,,,,,,,,,,,,,,,,,,,,,,,,,,,,,,,,,,,,,,,,,,,,,,,,,,,
a,,,,,,,,,,,,,,,,,,,,,,,,,,,,,,,,,,,,,,,,,,,,,,,,,,,,,,,,,,,,,,,,,,,,,,,,,,,,,,,,,,,,,,,,,,,,,,,,,,,,,,,,,,,,,,,,,
a,,,,,,,,,,,,,,,,,,,,,,,,,,,,,,,,,,,,,,,,,,,,,,,,,,,,,,,,,,,,,,,,,,,,,,,,,,,,,,,,,,,,,,,,,,,,,,,,,,,,,,,,,,,,,,,,,
a,,,,,,,,,,,,,,,,,,,,,,,,,,,,,,,,,,,,,,,,,,,,,,,,,,,,,,,,,,,,,,,,,,,,,,,,,,,,,,,,,,,,,,,,,,,,,,,,,,,,,,,,,,,,,,,,,