a,Bayern Munique,,,,,,,Borussia Dortmund,,,,,,,RB Leipzig,,,,,,,Bayer Leverkusen,,,,,,,Moenchengladbach,,,,,,,Eintracht Frankfurt,,,,,,,Hoffenheim,,,,,,,Wolfsburg,,,,,,,Hertha Berlim,,,,,,,Colonia,,,,,,,Stuttgart,,,,,,,Augsburg,,,,,,,Werder Bremen,,,,,,,Hamburgo,,,,,,,Schalke-04,,,,,,,Freiburg,,,,,,,
a,M. Neuer,GOL,36,90,Germany,/167/495/23_60.png,,N. Süle,ZAG LD,26,85,Germany,/212/190/23_60.png,,C. Nkunku,ATA MEI ATA,24,86,France,/232/411/23_60.png,,P. Schick,ATA,26,85,Czech Republic,/234/236/23_60.png,,Y. Sommer,GOL,33,86,Switzerland,/177/683/23_60.png,,K. Trapp,GOL,31,86,Germany,/188/943/23_60.png,,O. Baumann,GOL,32,83,Germany,/193/698/23_60.png,,K. Casteels,GOL,30,84,Belgium,/192/984/23_60.png,,S. Serdar,MC VOL MEI,25,77,Germany,/230/065/23_60.png,,E. Skhiri,VOL MC,27,79,Tunisia,/225/126/23_60.png,,K. Mavropanos,ZAG LD,24,78,Greece,/242/000/23_60.png,,R. Gikiewicz,GOL,34,77,Poland,/194/333/23_60.png,,J. Pavlenka,GOL,30,78,Czech Republic,/236/583/23_60.png,,D. Heuer Fernandes,GOL,29,74,Portugal,/212/197/23_60.png,,S. Terodde,ATA,34,76,Germany,/183/714/23_60.png,,M. Ginter,ZAG,28,82,Germany,/207/862/23_60.png,,
a,J. Kimmich,VOL LD,27,89,Germany,/212/622/23_60.png,,M. Reus,MEI ATA MD,33,85,Germany,/188/350/23_60.png,,P. Gulácsi,GOL,32,85,Hungary,/185/122/23_60.png,,M. Diaby,MD ME PE,22,84,France,/241/852/23_60.png,,J. Hofmann,MEI MD ME,29,81,Germany,/210/324/23_60.png,,E. Ndicka,ZAG,22,81,France,/236/403/23_60.png,,Angeliño,LE ME,25,83,Spain,/220/651/23_60.png,,R. Baku,MD LD MC,24,80,Germany,/240/709/23_60.png,,C. Ejuke,ME MD,24,76,Nigeria,/238/050/23_60.png,,J. Hector,LE VOL,32,78,Germany,/208/334/23_60.png,,B. Sosa,LE ME,24,78,Croatia,/243/388/23_60.png,,Iago,LE ME,25,77,Brazil,/251/182/23_60.png,,N. Füllkrug,ATA,29,76,Germany,/205/431/23_60.png,,L. Bénes,MC MEI,24,73,Slovakia,/234/728/23_60.png,,F. Mollet,MD MEI,30,76,France,/209/288/23_60.png,,V. Grifo,ME ATA,29,81,Italy,/212/096/23_60.png,,
a,S. Mané,ME ATA,30,89,Senegal,/208/722/23_60.png,,J. Bellingham,MC ME,19,84,England,/252/371/23_60.png,,K. Laimer,VOL MC,25,83,Austria,/225/375/23_60.png,,L. Hrádecký,GOL,32,82,Finland,/190/941/23_60.png,,F. Neuhaus,MC,25,80,Germany,/234/943/23_60.png,,D. Kamada,MEI ATA,25,81,Japan,/232/730/23_60.png,,A. Kramarić,ATA MEI,31,82,Croatia,/216/354/23_60.png,,M. Arnold,VOL MC,28,80,Germany,/206/511/23_60.png,,S. Jovetić,ATA MEI,32,76,Montenegro,/181/820/23_60.png,,M. Schwäbe,GOL,27,77,Germany,/224/041/23_60.png,,W. Endo,MC VOL,29,78,Japan,/232/487/23_60.png,,N. Dorsch,VOL MC,24,77,Germany,/231/227/23_60.png,,L. Bittencourt,MEI,28,75,Germany,/203/106/23_60.png,,R. Glatzel,ATA,28,73,Germany,/236/533/23_60.png,,A. Schwolow,GOL,30,75,Germany,/202/789/23_60.png,,C. Günter,LE ME LE,29,80,Germany,/209/846/23_60.png,,
a,T. Müller,MEI ATA,32,87,Germany,/189/596/23_60.png,,M. Hummels,ZAG,33,84,Germany,/178/603/23_60.png,,Angeliño,LE ME,25,83,Spain,/220/651/23_60.png,,J. Tah,ZAG,26,82,Germany,/213/331/23_60.png,,L. Stindl,MEI,33,79,Germany,/187/072/23_60.png,,M. Götze,MEI ATA MC,30,81,Germany,/192/318/23_60.png,,C. Baumgartner,MEI MC ME,22,78,Austria,/242/187/23_60.png,,J. Brekalo,ATA ME,24,79,Croatia,/234/711/23_60.png,,O. Alderete,ZAG,25,76,Paraguay,/240/359/23_60.png,,T. Hübers,ZAG,25,76,Germany,/234/727/23_60.png,,D. Zagadou,ZAG,23,77,France,/238/476/23_60.png,,A. Maier,MC VOL,23,76,Germany,/237/629/23_60.png,,A. Pieper,ZAG,24,75,Germany,/246/836/23_60.png,,S. Kittel,MEI PE MC,29,73,Germany,/199/912/23_60.png,,T. Ouwejan,LE LE,25,75,Netherlands,/229/155/23_60.png,,M. Flekken,GOL,29,80,Netherlands,/211/738/23_60.png,,
a,L. Goretzka,MC VOL,27,87,Germany,/209/658/23_60.png,,G. Kobel,GOL,24,83,Switzerland,/235/073/23_60.png,,Dani Olmo,MEI ATA,24,82,Spain,/244/260/23_60.png,,F. Wirtz,MEI MC,19,82,Germany,/256/630/23_60.png,,J. Weigl,MC VOL,26,79,Germany,/222/028/23_60.png,,D. Sow,MC VOL,25,80,Switzerland,/229/752/23_60.png,,P. Kadeřábek,LD LD MD,30,77,Czech Republic,/203/605/23_60.png,,M. Kruse,ATA MEI,34,79,Germany,/183/574/23_60.png,,M. Kempf,ZAG,27,75,Germany,/210/719/23_60.png,,D. Ljubičić,MD VOL MC,24,76,Austria,/240/916/23_60.png,,S. Guirassy,ATA,26,76,France,/215/441/23_60.png,,R. Oxford,ZAG VOL LD,23,76,England,/225/908/23_60.png,,M. Ducksch,ATA,28,75,Germany,/197/031/23_60.png,,T. Leibold,LE ME,28,73,Germany,/221/201/23_60.png,,A. Král,VOL MC,24,75,Czech Republic,/247/028/23_60.png,,P. Lienhart,ZAG,25,78,Austria,/231/366/23_60.png,,
a,K. Coman,ME MD,26,86,France,/213/345/23_60.png,,R. Guerreiro,LE ME,28,82,Portugal,/209/889/23_60.png,,W. Orban,ZAG,29,82,Hungary,/204/638/23_60.png,,E. Tapsoba,ZAG,23,81,Burkina Faso,/247/263/23_60.png,,R. Bensebaini,LE ZAG,27,78,Algeria,/224/196/23_60.png,,R. Kolo Muani,ATA MD,23,79,France,/237/679/23_60.png,,I. Bebou,ATA MD PD,28,77,Togo,/216/258/23_60.png,,L. Nmecha,ATA,23,78,Germany,/230/084/23_60.png,,J. Boëtius,MEI MC,28,75,Netherlands,/205/402/23_60.png,,M. Uth,MEI ATA ATA,30,76,Germany,/200/318/23_60.png,,F. Müller,GOL,24,76,Germany,/234/833/23_60.png,,J. Baumgartlinger,VOL MC,34,75,Austria,/189/606/23_60.png,,N. Stark,ZAG VOL,27,75,Germany,/212/977/23_60.png,,S. Schonlau,ZAG,27,72,Germany,/214/948/23_60.png,,A. Harit,ME MEI MC,25,75,Morocco,/232/097/23_60.png,,R. Doan,MD MEI,24,77,Japan,/232/639/23_60.png,,
a,M. de Ligt,ZAG,22,85,Netherlands,/235/243/23_60.png,,E. Can,MC ZAG VOL,28,82,Germany,/208/333/23_60.png,,T. Werner,ATA PE,26,82,Germany,/212/188/23_60.png,,R. Andrich,VOL MC,27,81,Germany,/212/242/23_60.png,,M. Thuram,ATA ME,24,78,France,/228/093/23_60.png,,S. Rode,VOL MC,31,78,Germany,/200/215/23_60.png,,G. Prömel,MC VOL,27,76,Germany,/228/595/23_60.png,,M. Lacroix,ZAG,22,77,France,/244/067/23_60.png,,L. Tousart,VOL MC,25,75,France,/227/234/23_60.png,,B. Schmitz,LD,27,75,Germany,/222/692/23_60.png,,W. Anton,ZAG VOL,25,75,Germany,/229/476/23_60.png,,R. Vargas,ME MD,23,75,Switzerland,/238/581/23_60.png,,M. Veljković,ZAG,26,74,Serbia,/221/354/23_60.png,,J. Dompé,PE LE,26,72,France,/224/970/23_60.png,,C. Brunner,LD ZAG,28,74,Switzerland,/215/604/23_60.png,,R. Sallai,MD ATA,25,76,Hungary,/234/171/23_60.png,,
a,L. Sané,ME MD,26,84,Germany,/222/492/23_60.png,,J. Brandt,MEI MD MC,26,82,Germany,/212/194/23_60.png,,André Silva,ATA,26,82,Portugal,/228/941/23_60.png,,K. Demirbay,MC VOL MEI,28,81,Germany,/211/748/23_60.png,,C. Kramer,VOL,31,78,Germany,/204/024/23_60.png,,L. Alario,ATA,29,78,Argentina,/215/353/23_60.png,,K. Vogt,ZAG VOL,30,76,Germany,/192/641/23_60.png,,Paulo Otávio,LE ME,27,76,Brazil,/208/001/23_60.png,,K. Piątek,ATA,27,75,Poland,/223/113/23_60.png,,F. Kainz,ME MD,29,75,Austria,/195/038/23_60.png,,Tiago Tomás,ATA PD,20,75,Portugal,/257/073/23_60.png,,D. Caligiuri,MD LD MC,34,75,Italy,/197/083/23_60.png,,M. Friedl,ZAG,24,74,Austria,/237/595/23_60.png,,J. Meffert,VOL MC,27,72,Germany,/212/321/23_60.png,,J. Larsson,ATA ATA,25,74,Sweden,/224/389/23_60.png,,N. Höfler,VOL MC,32,75,Germany,/199/897/23_60.png,,
a,A. Davies,LE ME,21,84,Canada,/234/396/23_60.png,,N. Schlotterbeck,ZAG,22,82,Germany,/247/819/23_60.png,,J. Gvardiol,ZAG LE,20,81,Croatia,/251/517/23_60.png,,S. Azmoun,ATA MEI,27,80,Iran,/213/955/23_60.png,,A. Plea,ATA,29,78,France,/206/467/23_60.png,,R. Borré,ATA,26,78,Colombia,/220/883/23_60.png,,G. Rutter,ATA,20,75,France,/245/637/23_60.png,,M. Svanberg,MC VOL,23,76,Sweden,/228/946/23_60.png,,A. Schwolow,GOL,30,75,Germany,/202/789/23_60.png,,T. Horn,GOL,29,75,Germany,/200/316/23_60.png,,Silas,MD ME ATA,23,75,Democratic Republic Congo,/245/940/23_60.png,,J. Gouweleeuw,ZAG,30,75,Netherlands,/202/201/23_60.png,,M. Weiser,LD MD,28,73,Germany,/206/591/23_60.png,,M. Vušković,ZAG,20,72,Croatia,/262/578/23_60.png,,S. Polter,ATA,31,73,Germany,/192/660/23_60.png,,D. Kyereh,MEI ATA,26,75,Ghana,/244/112/23_60.png,,
a,S. Gnabry,MD ME,26,84,Germany,/206/113/23_60.png,,S. Haller,ATA,28,83,Ivory Coast,/205/693/23_60.png,,D. Raum,LE ME LE,24,81,Germany,/236/703/23_60.png,,J. Frimpong,LD LD,21,80,Netherlands,/253/149/23_60.png,,N. Elvedi,ZAG,25,77,Switzerland,/221/491/23_60.png,,Tuta,ZAG,22,77,Brazil,/247/182/23_60.png,,K. Akpoguma,ZAG LD,27,75,Nigeria,/211/856/23_60.png,,J. Wind,ATA ATA,23,76,Denmark,/241/522/23_60.png,,V. Darida,MC MEI VOL,31,74,Czech Republic,/201/262/23_60.png,,L. Kilian,ZAG,22,74,Germany,/248/878/23_60.png,,C. Führich,MEI MD ATA,24,74,Germany,/241/925/23_60.png,,F. Uduokhai,ZAG,24,75,Germany,/232/144/23_60.png,,J. Stage,MC MD,25,72,Denmark,/232/711/23_60.png,,M. Heyer,LD VOL ZAG,27,71,Germany,/238/593/23_60.png,,T. Mohr,ME,26,73,Germany,/243/887/23_60.png,,M. Gregoritsch,ATA MEI,28,75,Austria,/199/439/23_60.png,,
a,L. Hernández,ZAG LE,26,84,France,/220/814/23_60.png,,M. Dahoud,MC VOL,26,80,Germany,/218/339/23_60.png,,E. Forsberg,MEI ATA ATA,30,81,Sweden,/208/448/23_60.png,,K. Bellarabi,MD PD,32,79,Germany,/202/857/23_60.png,,M. Friedrich,ZAG,26,77,Germany,/222/493/23_60.png,,L. Pellegrini,LE LE,23,76,Italy,/243/237/23_60.png,,D. Geiger,MC,24,75,Germany,/235/526/23_60.png,,Y. Gerhardt,MC,28,76,Germany,/212/245/23_60.png,,M. Richter,MD MEI ME,24,74,Germany,/238/068/23_60.png,,J. Thielmann,MD ATA ME,20,73,Germany,/254/660/23_60.png,,A. Karazor,VOL ZAG,25,73,Germany,/239/096/23_60.png,,F. Niederlechner,ATA,31,74,Germany,/211/899/23_60.png,,R. Schmid,MEI,22,72,Austria,/239/701/23_60.png,,B. Jatta,PD MD PE,24,71,Gambia,/234/640/23_60.png,,R. Zalazar,MC MEI,22,73,Uruguay,/251/377/23_60.png,,M. Eggestein,VOL MC,25,75,Germany,/226/168/23_60.png,,
a,J. Musiala,MEI ME MC,19,82,Germany,/256/790/23_60.png,,A. Modeste,ATA,34,79,France,/182/212/23_60.png,,X. Schlager,VOL MC,24,80,Austria,/233/195/23_60.png,,C. Aránguiz,VOL MC,33,79,Chile,/199/042/23_60.png,,K. Koné,MC,21,77,France,/250/723/23_60.png,,K. Jakić,VOL MC,25,76,Croatia,/257/889/23_60.png,,M. Dabbur,ATA,30,75,Israel,/208/498/23_60.png,,P. Wimmer,MD ME,21,76,Austria,/254/566/23_60.png,,D. Lukébakio,MD ATA,24,74,Belgium,/231/416/23_60.png,,S. Adamyan,ATA ME MEI,29,73,Armenia,/218/534/23_60.png,,H. Ito,ZAG VOL,23,72,Japan,/234/205/23_60.png,,A. Hahn,ATA MD,31,74,Germany,/211/862/23_60.png,,A. Jung,LE ZAG,30,72,Germany,/207/897/23_60.png,,L. Reis,MC VOL,22,71,Netherlands,/240/683/23_60.png,,M. Yoshida,ZAG,33,73,Japan,/191/648/23_60.png,,N. Petersen,ATA,33,74,Germany,/183/580/23_60.png,,
a,N. Mazraoui,LD,24,82,Morocco,/236/401/23_60.png,,T. Hazard,ME ATA,29,79,Belgium,/203/486/23_60.png,,L. Klostermann,ZAG LD,26,80,Germany,/222/331/23_60.png,,C. Hudson-Odoi,ME MEI MD,21,78,England,/240/740/23_60.png,,S. Lainer,LD,29,76,Austria,/223/724/23_60.png,,J. Lindstrøm,MEI ATA,22,75,Denmark,/245/741/23_60.png,,S. Rudy,MC VOL LD,32,75,Germany,/189/251/23_60.png,,J. Roussillon,LE ME,29,75,France,/202/562/23_60.png,,J. Kenny,LD LE,25,74,England,/224/263/23_60.png,,O. Duda,MEI ATA,27,73,Slovakia,/222/148/23_60.png,,J. Vagnoman,LD MD LE,21,71,Germany,/242/602/23_60.png,,E. Rexhbeçaj,MC VOL MEI,24,73,Kosovo,/240/193/23_60.png,,F. Agu,LD LE,22,71,Germany,/243/350/23_60.png,,M. Muheim,LE,24,69,Switzerland,/232/839/23_60.png,,M. Bülter,ME ATA MEI,29,72,Germany,/244/390/23_60.png,,J. Schmid,MD LD,32,74,France,/201/982/23_60.png,,
a,M. Sabitzer,MC VOL MEI,28,81,Austria,/204/923/23_60.png,,D. Malen,ATA ME,23,79,Netherlands,/231/447/23_60.png,,K. Kampl,MC VOL,31,80,Slovenia,/195/365/23_60.png,,E. Palacios,MC VOL MEI,23,78,Argentina,/231/521/23_60.png,,K. Itakura,ZAG VOL,25,75,Japan,/233/152/23_60.png,,A. Knauff,MD ME,20,75,Germany,/257/540/23_60.png,,B. Hübner,ZAG,32,75,Germany,/189/433/23_60.png,,S. Bornauw,ZAG,23,75,Belgium,/242/663/23_60.png,,S. Ascacíbar,VOL MC,25,74,Argentina,/232/244/23_60.png,,K. Pedersen,LE ZAG,27,71,Denmark,/234/832/23_60.png,,L. Pfeiffer,ATA,25,71,Germany,/244/233/23_60.png,,M. Berisha,ATA ATA,24,73,Germany,/237/321/23_60.png,,C. Groß,VOL ZAG,33,70,Germany,/193/631/23_60.png,,M. Raab,GOL,23,69,Germany,/257/480/23_60.png,,T. Krauß,MC VOL,21,72,Germany,/251/392/23_60.png,,M. Gulde,ZAG,31,74,Germany,/190/666/23_60.png,,
a,D. Upamecano,ZAG,23,81,France,/229/558/23_60.png,,S. Özcan,VOL MC,24,79,Turkey,/235/407/23_60.png,,D. Szoboszlai,MEI ME,21,79,Hungary,/236/772/23_60.png,,P. Hincapié,LE ZAG,20,78,Ecuador,/256/197/23_60.png,,J. Beyer,ZAG LD,22,74,Germany,/242/660/23_60.png,,M. Hasebe,ZAG VOL,38,74,Japan,/181/098/23_60.png,,S. Posch,ZAG LD,25,75,Austria,/223/671/23_60.png,,M. Philipp,ATA MEI,28,75,Germany,/216/497/23_60.png,,M. Plattenhardt,LE,30,74,Germany,/192/557/23_60.png,,S. Andersson,ATA,30,71,Sweden,/207/562/23_60.png,,N. Nartey,MC VOL LE,22,69,Denmark,/238/379/23_60.png,,T. Strobl,VOL ZAG,32,73,Germany,/207/894/23_60.png,,N. Rapp,VOL ZAG MC,25,69,Germany,/227/511/23_60.png,,S. Ambrosius,ZAG,23,69,Ghana,/242/527/23_60.png,,D. Latza,MC VOL,32,71,Germany,/189/410/23_60.png,,L. Kübler,LD LD MD,29,74,Germany,/208/335/23_60.png,,
a,B. Pavard,LD ZAG,26,80,France,/226/851/23_60.png,,T. Meunier,LD MD,30,78,Belgium,/202/371/23_60.png,,M. Halstenberg,ZAG LE,30,78,Germany,/210/665/23_60.png,,A. Hložek,MEI ME ATA,19,77,Czech Republic,/246/618/23_60.png,,T. Sippel,GOL,34,73,Germany,/177/475/23_60.png,,C. Lenz,LE ME,27,74,Germany,/212/244/23_60.png,,R. Skov,PD LE,26,74,Denmark,/215/449/23_60.png,,L. Waldschmidt,ATA ATA,26,75,Germany,/220/085/23_60.png,,K. Boateng,MEI MC VOL,35,74,Ghana,/173/909/23_60.png,,J. Chabot,ZAG,24,70,Germany,/239/340/23_60.png,,P. Stenzel,ZAG LD,26,69,Germany,/229/584/23_60.png,,E. Demirović,ATA,24,73,Bosnia,/238/900/23_60.png,,I. Gruev,VOL MC,22,69,Bulgaria,/248/384/23_60.png,,J. David,ZAG VOL,22,68,Germany,/244/859/23_60.png,,D. Drexler,MEI MC MD,32,71,Germany,/198/617/23_60.png,,L. Höler,ATA ATA,27,73,Germany,/234/875/23_60.png,,
a,R. Gravenberch,MC,20,79,Netherlands,/246/104/23_60.png,,M. Wolf,MD LD,27,77,Germany,/224/425/23_60.png,,M. Simakan,ZAG LD,22,78,France,/243/854/23_60.png,,A. Lunev,GOL,30,76,Russia,/229/909/23_60.png,,P. Herrmann,MD,31,73,Germany,/198/077/23_60.png,,A. Touré,ZAG LD MD,26,74,Mali,/227/873/23_60.png,,E. Bičakčić,ZAG,32,74,Bosnia,/201/860/23_60.png,,J. Guilavogui,VOL ZAG,31,75,France,/198/118/23_60.png,,M. Mittelstädt,LE ME,25,73,Germany,/227/647/23_60.png,,K. Schindler,MD LD,28,70,Ghana,/238/569/23_60.png,,T. Coulibaly,MD ME ATA,21,69,France,/251/401/23_60.png,,C. Gruezo,VOL MC,27,72,Ecuador,/221/860/23_60.png,,J. Mbom,MC LD VOL,22,69,Germany,/241/150/23_60.png,,R. Königsdörffer,PD ATA,20,67,Ghana,/255/036/23_60.png,,S. van den Berg,ZAG,20,71,Netherlands,/242/453/23_60.png,,K. Schlotterbeck,ZAG,25,72,Germany,/244/068/23_60.png,,
a,A. Nübel,GOL,25,78,Germany,/223/885/23_60.png,,G. Reyna,MEI MD ME,19,78,United States,/245/541/23_60.png,,A. Haidara,MC VOL MD,24,78,Mali,/238/463/23_60.png,,N. Amiri,MEI MC,25,76,Germany,/225/309/23_60.png,,L. Netz,LE ME,19,73,Germany,/256/781/23_60.png,,J. Hauge,ME MD MEI,22,74,Norway,/233/848/23_60.png,,O. Kabak,ZAG,22,73,Turkey,/239/890/23_60.png,,M. Pongračić,ZAG,24,74,Croatia,/238/370/23_60.png,,D. Zeefuik,LD,24,73,Netherlands,/235/899/23_60.png,,D. Limnios,ME MD,24,70,Greece,/240/271/23_60.png,,J. Perea,ATA PD,22,69,Colombia,/253/173/23_60.png,,M. Pedersen,ME,25,71,Denmark,/229/640/23_60.png,,B. Goller,PD ATA LD,23,69,Germany,/246/074/23_60.png,,F. Bilbija,PE PD,22,67,Germany,/252/073/23_60.png,,M. Kamiński,ZAG,30,71,Poland,/199/761/23_60.png,,Jeong Woo Yeong,ATA MEI,22,72,South Korea,/239/138/23_60.png,,
a,E. Choupo-Moting,ATA ME,33,76,Cameroon,/183/569/23_60.png,,K. Adeyemi,ATA,20,75,Germany,/251/852/23_60.png,,B. Henrichs,LD MD MC,25,77,Germany,/228/579/23_60.png,,Paulinho,ME MEI,21,75,Brazil,/239/970/23_60.png,,T. Jantschke,ZAG LD,32,72,Germany,/190/520/23_60.png,,J. Onguéné,ZAG,24,72,Cameroon,/221/323/23_60.png,,S. Nsoki,ZAG LE,23,73,France,/241/941/23_60.png,,O. Marmoush,ATA MD ME,23,73,Egypt,/256/675/23_60.png,,P. Pekarík,LD,35,73,Slovakia,/190/854/23_60.png,,L. Maina,ME MD ATA,23,70,Germany,/242/997/23_60.png,,F. Bredlow,GOL,27,68,Germany,/223/603/23_60.png,,M. Bauer,ZAG,22,71,Germany,/245/347/23_60.png,,N. Schmidt,MEI MC ATA,24,69,Germany,/235/022/23_60.png,,M. Johansson,GOL,23,66,Sweden,/226/524/23_60.png,,R. Fährmann,GOL,33,70,Germany,/179/783/23_60.png,,H. Siquet,LD LD,19,70,Belgium,/259/586/23_60.png,,
a,S. Ulreich,GOL,33,75,Germany,/186/569/23_60.png,,A. Knauff,MD ME,20,75,Germany,/257/540/23_60.png,,Y. Poulsen,ATA,28,77,Denmark,/207/791/23_60.png,,M. Bakker,LE,22,75,Netherlands,/239/368/23_60.png,,J. Scally,LD LE,19,72,United States,/243/133/23_60.png,,Aurélio Buta,MD LD,25,72,Portugal,/234/573/23_60.png,,A. Stiller,VOL MC,21,73,Germany,/250/959/23_60.png,,A. Vranckx,MC VOL,19,73,Belgium,/252/027/23_60.png,,F. Bjørkan,LE,23,72,Norway,/233/800/23_60.png,,N. Katterbach,LE,21,69,Germany,/246/666/23_60.png,,E. Millot,MEI MC,19,67,France,/252/259/23_60.png,,R. Gumny,LD ZAG MD,24,71,Poland,/233/409/23_60.png,,M. Zetterer,GOL,26,68,Germany,/227/370/23_60.png,,M. Rohr,VOL ZAG MC,27,65,Germany,/251/320/23_60.png,,F. Flick,VOL MC ZAG,22,69,Germany,/248/576/23_60.png,,B. Uphoff,GOL,28,70,Germany,/206/145/23_60.png,,
a,B. Sarr,LD MD,30,73,Senegal,/204/472/23_60.png,,N. Schulz,LE ME,29,74,Germany,/200/536/23_60.png,,A. Diallo,ZAG LE,26,77,Senegal,/225/711/23_60.png,,O. Kossounou,ZAG LD,21,75,Ivory Coast,/246/875/23_60.png,,H. Wolf,MEI ME,23,72,Austria,/236/935/23_60.png,,T. Chandler,MD LD,32,72,United States,/202/316/23_60.png,,J. Bruun Larsen,PE ME ATA,23,73,Denmark,/227/503/23_60.png,,P. Pervan,GOL,34,73,Austria,/199/909/23_60.png,,R. Jarstein,GOL,37,72,Norway,/104/389/23_60.png,,N. Soldo,ZAG,21,68,Croatia,/271/681/23_60.png,,M. Klimowicz,ATA MEI ATA,21,67,Germany,/251/243/23_60.png,,N. Sarenren Bazee,MD,25,70,Nigeria,/233/472/23_60.png,,L. Buchanan,LE ZAG,21,68,England,/247/385/23_60.png,,W. Mikelbrencis,LD LD,18,65,France,/262/045/23_60.png,,M. Pieringer,ATA,22,69,Germany,/260/290/23_60.png,,K. Schade,MD,20,70,Germany,/260/926/23_60.png,,
a,J. Stanišić,LD ZAG,22,72,Croatia,/250/955/23_60.png,,Mateu Morey,LD MD,22,72,Spain,/248/820/23_60.png,,A. Sørloth,ATA,26,76,Norway,/216/549/23_60.png,,A. Adli,ATA ME,22,74,France,/255/223/23_60.png,,N. Ngoumou,PD MD,22,70,France,/250/724/23_60.png,,J. Dina Ebimbe,MD MC,21,71,France,/248/573/23_60.png,,P. Pentke,GOL,37,71,Germany,/156/437/23_60.png,,J. Kamiński,ME,20,71,Poland,/252/495/23_60.png,,M. Maolida,ME ATA,23,71,France,/234/333/23_60.png,,S. Tigges,ATA,23,68,Germany,/238/656/23_60.png,,N. Ahamada,MC,20,66,France,/259/205/23_60.png,,F. Jensen,MEI MD ME,24,70,Finland,/234/889/23_60.png,,O. Burke,ATA MD PD,25,68,Scotland,/225/632/23_60.png,,A. Suhonen,MEI MC,22,65,Finland,/263/310/23_60.png,,K. Karaman,ATA PE PD,28,69,Turkey,/212/240/23_60.png,,L. Tempelmann,MC VOL,23,70,Germany,/241/085/23_60.png,,
a,M. Tillman,MEI ATA ME,20,66,United States,/256/853/23_60.png,,A. Meyer,GOL,31,72,Germany,/241/050/23_60.png,,I. Moriba,MC,19,73,Guinea,/259/233/23_60.png,,D. Sinkgraven,LE MC,26,73,Netherlands,/216/380/23_60.png,,J. Kersken,GOL,21,64,Germany,/257/914/23_60.png,,H. Smolčić,ZAG,21,69,Croatia,/269/402/23_60.png,,M. Beier,ATA MD,19,70,Germany,/254/117/23_60.png,,M. van de Ven,ZAG LE,21,71,Netherlands,/264/453/23_60.png,,O. Christensen,GOL,23,71,Denmark,/236/758/23_60.png,,E. Martel,VOL ZAG,20,67,Germany,/256/942/23_60.png,,A. Tibidi,MEI ATA ME,18,65,France,/265/588/23_60.png,,T. Koubek,GOL,29,70,Czech Republic,/200/332/23_60.png,,E. Dinkçi,PD ATA,20,65,Germany,/258/316/23_60.png,,R. Meißner,ATA PE,22,64,Germany,/261/047/23_60.png,,D. Wouters,VOL ZAG MC,25,69,Belgium,/228/699/23_60.png,,Y. Keitel,VOL MC,22,69,Germany,/256/118/23_60.png,,
a,M. Tel,ATA ME ATA,17,64,France,/268/421/23_60.png,,Y. Moukoko,ATA,17,71,Germany,/240/833/23_60.png,,J. Blaswich,GOL,31,72,Germany,/204/092/23_60.png,,T. Fosu-Mensah,LD ZAG,24,73,Netherlands,/232/270/23_60.png,,R. Reitz,MC,20,64,Germany,/257/919/23_60.png,,R. Ache,ATA,23,68,Germany,/235/360/23_60.png,,K. Adams Nuhu,ZAG,27,70,Ghana,/225/673/23_60.png,,B. Franjic,VOL ZAG LE,22,71,Croatia,/254/928/23_60.png,,M. Dárdai,ZAG,20,71,Germany,/256/780/23_60.png,,T. Lemperle,MD ATA ME,20,66,Germany,/256/564/23_60.png,,C. Mola,LE ZAG,21,65,England,/246/126/23_60.png,,R. Framberger,LD MD,26,69,Germany,/216/282/23_60.png,,J. Njinmah,ATA ME,21,65,Germany,/266/183/23_60.png,,T. Mickel,GOL,33,64,Germany,/189/387/23_60.png,,B. Idrizi,MEI MC,24,68,Kosovo,/262/183/23_60.png,,K. Sildillia,ZAG LD,20,67,France,/260/930/23_60.png,,
a,G. Vidović,MEI ATA MC,18,64,Croatia,/267/899/23_60.png,,F. Passlack,MD LD MC,24,70,Germany,/228/080/23_60.png,,T. Krauß,MC VOL,21,72,Germany,/251/392/23_60.png,,L. Grill,GOL,23,69,Germany,/236/613/23_60.png,,C. Noß,MEI,21,63,Ireland,/253/693/23_60.png,,I. Matanović,ATA,19,66,Germany,/259/750/23_60.png,,Eduardo Quaresma,ZAG,20,70,Portugal,/252/144/23_60.png,,K. Fischer,LD MC,21,69,Germany,/256/281/23_60.png,,D. Selke,ATA,27,71,Germany,/212/626/23_60.png,,F. Dietz,ATA,23,64,Germany,/238/957/23_60.png,,Ö. Beyaz,MEI MC,18,64,Turkey,/256/306/23_60.png,,R. Pepi,ATA,19,69,United States,/251/223/23_60.png,,D. Becker,ZAG LD,22,64,Germany,/265/783/23_60.png,,O. Heil,PE PD,21,63,Germany,/260/217/23_60.png,,C. Bozdoğan,MEI MC,21,68,Germany,/256/890/23_60.png,,N. Weißhaupt,ME ATA,20,66,Germany,/262/672/23_60.png,,
a,J. Lawrence,ZAG,19,63,Germany,/259/082/23_60.png,,J. Bynoe-Gittens,ME MD,17,67,England,/266/032/23_60.png,,Josep Martínez,GOL,24,70,Spain,/243/311/23_60.png,,N. Lomb,GOL,28,66,Germany,/210/366/23_60.png,,J. Olschowsky,GOL,20,63,Germany,/257/273/23_60.png,,J. Grahl,GOL,33,66,Germany,/183/513/23_60.png,,F. Becker,MC,22,69,Germany,/245/097/23_60.png,,F. Nmecha,MEI MC ME,21,68,Germany,/246/863/23_60.png,,A. Rogel,ZAG,24,71,Uruguay,/252/074/23_60.png,,J. Castrop,MEI MC,18,63,Germany,/264/194/23_60.png,,L. Egloff,MEI ATA,19,64,Germany,/254/480/23_60.png,,S. Córdova,ATA,24,69,Venezuela,/239/747/23_60.png,,Y. Engelhardt,VOL MC,21,64,Germany,/262/906/23_60.png,,X. Amaechi,PD,21,62,England,/242/119/23_60.png,,R. Ranftl,LD MD LD,30,68,Austria,/215/368/23_60.png,,N. Atubolu,GOL,20,65,Germany,/262/659/23_60.png,,
a,B. Arrey-Mbi,ZAG,19,62,Germany,/258/315/23_60.png,,A. Papadopoulos,ZAG MC,22,66,Germany,/240/008/23_60.png,,F. Jäkel,ZAG,21,68,Germany,/251/451/23_60.png,,Iker Bravo,ATA MD,17,64,Spain,/265/194/23_60.png,,Y. Borges Sanches,ME ATA,18,63,Luxembourg,/269/952/23_60.png,,F. Alidou,ME,20,66,Germany,/264/409/23_60.png,,M. John,LE,20,66,Germany,/259/569/23_60.png,,B. Białek,ATA,20,68,Poland,/254/267/23_60.png,,Lee Dong Jun,MD,25,70,South Korea,/243/061/23_60.png,,D. Huseinbašić,MC VOL,20,63,Germany,/269/922/23_60.png,,W. Faghir,ATA,18,64,Denmark,/257/399/23_60.png,,M. Malone,ME MD ATA,21,67,Germany,/251/431/23_60.png,,O. Schönfelder,PE PD LE,21,63,Germany,/257/051/23_60.png,,L. Oppermann,GOL,20,60,Germany,/253/171/23_60.png,,L. Greiml,ZAG,20,67,Austria,/250/813/23_60.png,,M. Röhl,MC MEI MD,19,65,Germany,/259/714/23_60.png,,
a,J. Schenk,GOL,19,57,Germany,/260/978/23_60.png,,M. Lotka,GOL,21,65,Poland,/262/298/23_60.png,,Hugo Novoa,ATA ATA,19,67,Spain,/258/041/23_60.png,,A. Azhil,VOL MC,21,64,Germany,/258/550/23_60.png,,M. Doucouré,ZAG VOL,24,62,France,/233/728/23_60.png,,D. Ramaj,GOL,20,64,Germany,/248/478/23_60.png,,J. Che,LD ZAG LD,18,66,United States,/259/159/23_60.png,,T. Siersleben,ZAG LE,22,67,Germany,/258/812/23_60.png,,I. Šunjić,VOL MC,25,70,Croatia,/244/271/23_60.png,,M. Sponsel,LD,20,62,Germany,/264/380/23_60.png,,T. Kastanaras,ATA,19,62,Germany,/269/951/23_60.png,,F. Götze,VOL ZAG,24,67,Germany,/236/467/23_60.png,,N. Woltemade,ATA,20,63,Germany,/254/022/23_60.png,,E. Krahn,VOL MC,18,59,Germany,/265/643/23_60.png,,M. Aydin,LD,20,67,Germany,/261/446/23_60.png,,R. Wagner,MC VOL,18,64,Germany,/263/076/23_60.png,,
a,,,,,,,,T. Rothe,LE ME,17,65,Germany,/268/116/23_60.png,,C. Clark,MEI MC PE,19,67,United States,/259/249/23_60.png,,S. Fofana,ZAG VOL,19,62,Togo,/263/949/23_60.png,,T. Müsel,ATA,22,62,Germany,/239/666/23_60.png,,M. Wenig,MEI MC,18,62,Germany,/269/994/23_60.png,,L. Philipp,GOL,21,63,Germany,/257/638/23_60.png,,K. Paredes,ME LE,19,63,United States,/255/272/23_60.png,,F. Uremović,ZAG,25,70,Croatia,/244/629/23_60.png,,R. Smajić,ZAG,18,61,Bosnia,/271/694/23_60.png,,M. Sankoh,ATA,18,62,Netherlands,/262/029/23_60.png,,L. Petkov,MC MEI,21,66,Germany,/260/925/23_60.png,,Dudu,GOL,23,61,Germany,/258/085/23_60.png,,O. Megeed,PE MEI,16,58,Egypt,/271/214/23_60.png,,K. Çalhanoğlu,LE ME,19,66,Germany,/259/022/23_60.png,,N. Burkart,ATA ATA ME,22,63,Switzerland,/243/838/23_60.png,,
a,,,,,,,,S. Coulibaly,ZAG,18,63,France,/261/495/23_60.png,,T. Schreiber,GOL,20,66,Germany,/252/911/23_60.png,,Z. Sertdemir,MC MEI,17,62,Denmark,/263/312/23_60.png,,M. Schroers,ME,20,62,Germany,/257/916/23_60.png,,A. Foti,MC PD MEI,18,60,Cyprus,/266/392/23_60.png,,M. Damar,MEI,18,63,Germany,/271/246/23_60.png,,N. Klinger,GOL,26,62,Germany,/233/211/23_60.png,,J. Ngankam,ATA MD,21,69,Germany,/256/658/23_60.png,,G. Strauch,VOL LD,21,60,Germany,/270/016/23_60.png,,L. Münst,MC MEI,20,61,Germany,/263/135/23_60.png,,F. Winther,ZAG,21,65,Denmark,/243/284/23_60.png,,D. Salifou,VOL MC,19,61,Togo,/265/754/23_60.png,,V. Zumberi,ZAG,19,58,Kosovo,/270/219/23_60.png,,M. Langer,GOL,37,66,Austria,/107/084/23_60.png,,K. Ezekwem,LE ME,21,63,Germany,/262/663/23_60.png,,
a,,,,,,,,L. Semić,LD MD,18,61,Germany,/268/624/23_60.png,,D. Borkowski,ATA ME,20,65,Germany,/257/007/23_60.png,,J. Eze,VOL ZAG,19,60,Germany,/269/863/23_60.png,,J. Italiano,ME MD LE,20,61,Australia,/241/552/23_60.png,,M. Loune,MC MEI,18,59,Morocco,/269/993/23_60.png,,I. Elmkies,VOL MC,22,62,Israel,/254/303/23_60.png,,D. Pejčinović,ATA,17,62,Germany,/270/532/23_60.png,,W. Kanga,ATA,24,68,France,/239/589/23_60.png,,M. Obuz,ME MD,20,59,Germany,/261/528/23_60.png,,F. Schock,GOL,21,61,Germany,/264/529/23_60.png,,L. Günther,MD ATA,19,61,Germany,/261/745/23_60.png,,F. Chiarodia,ZAG,17,60,Italy,/264/763/23_60.png,,B. Andresen,LE LD,19,58,Germany,/265/582/23_60.png,,H. Matriciani,LD ZAG,22,65,Germany,/262/212/23_60.png,,,,,,,,,
a,,,,,,,,N. Collins,ZAG,18,61,Germany,/256/500/23_60.png,,F. Hartmann,ATA ME,21,60,Germany,/246/401/23_60.png,,M. Neutgens,GOL,18,57,Germany,/265/180/23_60.png,,L. Skraback,ME,19,61,Germany,/264/664/23_60.png,,F. Otto,ZAG,20,59,Germany,/257/081/23_60.png,,T. Bischof,MEI,17,62,Germany,/263/765/23_60.png,,B. Kayo,MC,19,60,United States,/263/275/23_60.png,,L. Gechter,ZAG,18,68,Germany,/264/589/23_60.png,,M. Olesen,MC,21,59,Luxembourg,/265/799/23_60.png,,A. Aidonis,ZAG LD,21,61,Germany,/246/328/23_60.png,,T. Civeja,MC,20,61,Germany,/260/014/23_60.png,,L. Lord,GOL,18,58,Germany,/271/171/23_60.png,,,,,,,,,J. Heekeren,GOL,21,63,Germany,/269/955/23_60.png,,,,,,,,,
a,,,,,,,,G. Gürpüz,MEI ME,19,61,Germany,/262/988/23_60.png,,S. Ba,LE ME,18,60,Germany,/269/875/23_60.png,,,,,,,,,O. Fraulo,MC,18,60,Denmark,/265/518/23_60.png,,M. Bignetti,GOL,18,58,Austria,/268/623/23_60.png,,F. Asllani,ATA,19,61,Germany,/265/577/23_60.png,,P. Schulze,GOL,19,59,Germany,/263/272/23_60.png,,D. Redan,ATA,21,66,Netherlands,/246/123/23_60.png,,J. Urbig,GOL,18,58,Germany,/263/887/23_60.png,,L. Ulrich,MC MEI ME,17,60,Germany,/270/901/23_60.png,,A. Zehnter,LE ME,17,60,Germany,/270/013/23_60.png,,M. Backhaus,GOL,18,58,Germany,/268/428/23_60.png,,,,,,,,,S. Sané,MD,19,61,Germany,/271/160/23_60.png,,,,,,,,,
a,,,,,,,,A. Kamara,MC VOL,17,60,Guinea,/263/514/23_60.png,,M. Ibrahimi,ME MD MEI,19,59,Germany,/261/241/23_60.png,,,,,,,,,,,,,,,,J. Schröder,LE ME,19,57,Germany,/264/343/23_60.png,,N. König,ZAG,19,59,Germany,/264/223/23_60.png,,F. Lange,ZAG,18,59,Germany,/271/375/23_60.png,,K. Nsona,ME MD,20,64,France,/254/556/23_60.png,,J. Schwirten,MC MEI,20,58,Germany,/270/935/23_60.png,,A. Kuol,ATA,20,59,Australia,/256/392/23_60.png,,H. Koudossou,MD,22,60,Germany,/270/012/23_60.png,,,,,,,,,,,,,,,,I. Cissé,ZAG,21,60,Mali,/251/992/23_60.png,,,,,,,,,
a,,,,,,,,,,,,,,,B. Klefisch,MC,19,58,Germany,/263/155/23_60.png,,,,,,,,,,,,,,,,J. Horz,GOL,19,53,Germany,/266/292/23_60.png,,N. Noll,GOL,19,57,Germany,/262/322/23_60.png,,,,,,,,,M. Winkler,ATA MD,19,61,Germany,/262/217/23_60.png,,M. Köbbing,GOL,25,56,Germany,/239/510/23_60.png,,J. Meyer,VOL,20,59,Germany,/263/150/23_60.png,,D. Klein,GOL,21,60,Germany,/257/637/23_60.png,,,,,,,,,,,,,,,,K. Topp,ATA,18,58,Germany,/265/749/23_60.png,,,,,,,,,
a,,,,,,,,,,,,,,,J. Nickisch,GOL,18,58,Germany,/267/460/23_60.png,,,,,,,,,,,,,,,,,,,,,,,,,,,,,,,,,,,,,L. Wollschläger,ATA,19,60,Germany,/268/747/23_60.png,,,,,,,,,,,,,,,,B. Leneis,GOL,23,60,Germany,/246/246/23_60.png,,,,,,,,,,,,,,,,,,,,,,,,,,,,,,
a,,,,,,,,,,,,,,,,,,,,,,,,,,,,,,,,,,,,,,,,,,,,,,,,,,,,,,,,,D. Scherhant,ATA ME,19,60,Germany,/269/705/23_60.png,,,,,,,,,,,,,,,,Cheon Seong Hoon,ATA,21,58,South Korea,/246/930/23_60.png,,,,,,,,,,,,,,,,,,,,,,,,,,,,,,
a,,,,,,,,,,,,,,,,,,,,,,,,,,,,,,,,,,,,,,,,,,,,,,,,,,,,,,,,,R. Werthmüller,ATA MD,21,59,Switzerland,/261/007/23_60.png,,,,,,,,,,,,,,,,,,,,,,,,,,,,,,,,,,,,,,,,,,,,,,,,,,,
a,,,,,,,,,,,,,,,,,,,,,,,,,,,,,,,,,,,,,,,,,,,,,,,,,,,,,,,,,J. Eitschberger,LD ZAG,18,58,Germany,/268/536/23_60.png,,,,,,,,,,,,,,,,,,,,,,,,,,,,,,,,,,,,,,,,,,,,,,,,,,,
a,,,,,,,,,,,,,,,,,,,,,,,,,,,,,,,,,,,,,,,,,,,,,,,,,,,,,,,,,T. Ernst,GOL,19,58,Germany,/262/931/23_60.png,,,,,,,,,,,,,,,,,,,,,,,,,,,,,,,,,,,,,,,,,,,,,,,,,,,
a,,,,,,,,,,,,,,,,,,,,,,,,,,,,,,,,,,,,,,,,,,,,,,,,,,,,,,,,,R. Kwasigroch,GOL,18,57,Germany,/269/946/23_60.png,,,,,,,,,,,,,,,,,,,,,,,,,,,,,,,,,,,,,,,,,,,,,,,,,,,
a,,,,,,,,,,,,,,,,,,,,,,,,,,,,,,,,,,,,,,,,,,,,,,,,,,,,,,,,,,,,,,,,,,,,,,,,,,,,,,,,,,,,,,,,,,,,,,,,,,,,,,,,,,,,,,,,,
a,,,,,,,,,,,,,,,,,,,,,,,,,,,,,,,,,,,,,,,,,,,,,,,,,,,,,,,,,,,,,,,,,,,,,,,,,,,,,,,,,,,,,,,,,,,,,,,,,,,,,,,,,,,,,,,,,
a,,,,,,,,,,,,,,,,,,,,,,,,,,,,,,,,,,,,,,,,,,,,,,,,,,,,,,,,,,,,,,,,,,,,,,,,,,,,,,,,,,,,,,,,,,,,,,,,,,,,,,,,,,,,,,,,,
a,,,,,,,,,,,,,,,,,,,,,,,,,,,,,,,,,,,,,,,,,,,,,,,,,,,,,,,,,,,,,,,,,,,,,,,,,,,,,,,,,,,,,,,,,,,,,,,,,,,,,,,,,,,,,,,,,
a,,,,,,,,,,,,,,,,,,,,,,,,,,,,,,,,,,,,,,,,,,,,,,,,,,,,,,,,,,,,,,,,,,,,,,,,,,,,,,,,,,,,,,,,,,,,,,,,,,,,,,,,,,,,,,,,,
a,,,,,,,,,,,,,,,,,,,,,,,,,,,,,,,,,,,,,,,,,,,,,,,,,,,,,,,,,,,,,,,,,,,,,,,,,,,,,,,,,,,,,,,,,,,,,,,,,,,,,,,,,,,,,,,,,
a,,,,,,,,,,,,,,,,,,,,,,,,,,,,,,,,,,,,,,,,,,,,,,,,,,,,,,,,,,,,,,,,,,,,,,,,,,,,,,,,,,,,,,,,,,,,,,,,,,,,,,,,,,,,,,,,,
a,,,,,,,,,,,,,,,,,,,,,,,,,,,,,,,,,,,,,,,,,,,,,,,,,,,,,,,,,,,,,,,,,,,,,,,,,,,,,,,,,,,,,,,,,,,,,,,,,,,,,,,,,,,,,,,,,
a,,,,,,,,,,,,,,,,,,,,,,,,,,,,,,,,,,,,,,,,,,,,,,,,,,,,,,,,,,,,,,,,,,,,,,,,,,,,,,,,,,,,,,,,,,,,,,,,,,,,,,,,,,,,,,,,,