a,Ituano,,,,,,,Grêmio Novorizontino,,,,,,,Mirassol,,,,,,,ABC,,,,,,,CSA,,,,,,,CRB,,,,,,,Santa Cruz,,,,,,,Sampaio Corrêa,,,,,,,Avaí,,,,,,,Londrina,,,,,,,Operário-PR,,,,,,,Brasil de Pelotas,,,,,,,Remo,,,,,,,Paysandu,,,,,,,Manaus,,,,,,,Vitória,,,,,,,
a,Tavella Aylon,ATA,30,72,Brazil,wiki/74001.png,,Ramon Martinez,MC MD,26,74,Paraguay,wiki/81496.png,,Osman Junior,PE MEI,29,74,Brazil,wiki/85918.png,,Seabra Thallyson,MD ME LE,26,70,Brazil,wiki/90533.png,,Santana Gabriel,MEI MC,32,74,Brazil,wiki/50827.png,,Diogo Silva,GOL,36,72,Brazil,wiki/58643.png,,Augusto Cesar,MEI MC,30,71,Brazil,wiki/68224.png,,Rodrigues Pimentinha,PE ATA,35,70,Brazil,wiki/74703.jpg,,Bruno Cortez,MD LE ZAG,35,77,Brazil,wiki/51212.png,,Carvalho Jeferson,MD LD LE,26,72,Brazil,wiki/78359.png,,Farias Vanderlei,GOL,38,72,Brazil,wiki/32706.png,,Bruno Paulo,ATA ATA,32,70,Brazil,wiki/41223.png,,Leandro Carvalho,PE ATA,27,74,Brazil,wiki/94268.png,,Joao Paulo,MD LE ZAG,32,71,Brazil,wiki/39424.jpg,,Marcio Passos,MC MD,37,71,Brazil,wiki/77052.jpg,,Éwerton Pascoa,VOL ZAG,33,72,Brazil,wiki/58547.jpg,,
a,Junior Carlao,VOL LE,36,70,Brazil,wiki/18274.png,,Gustavo Bochecha,MC MEI MD,26,74,Brazil,wiki/90590.png,,Luiz Gustavo,VOL LD,28,72,Brazil,wiki/61064.png,,Monteiro Wallyson,ATA MEI,33,70,Brazil,wiki/34200.jpg,,Brandao Élton,ATA,37,74,Brazil,wiki/41295.png,,Correa Gilvan,ZAG,32,72,Brazil,wiki/77104.jpg,,Alex Alves,VOL LE,30,70,Brazil,wiki/64804.png,,Gabriel Poveda,ATA MEI,24,69,Brazil,wiki/115756.png,,Jean Pyerre,MEI MC,24,77,Brazil,wiki/99232.png,,Joao Paulo,MC MD,37,70,Brazil,wiki/53210.png,,Michel Ferreira,MD ME LE,32,72,Brazil,wiki/90050.png,,Leandro Camilo,ZAG,36,68,Brazil,wiki/53039.jpg,,Igor Fernandes,MD LE ZAG,30,71,Brazil,wiki/65165.png,,Silva Marino,MC MD,36,70,Brazil,wiki/52351.jpg,,Renan Rocha,GOL,35,70,Brazil,wiki/51132.png,,Santiago Trellez,ATA,32,72,Colombia,wiki/49292.png,,
a,Gerson Magrao,MD LE MEI ZAG,37,70,Brazil,wiki/28041.png,,Bruno Silva,VOL ZAG,34,72,Brazil,wiki/37334.png,,Anderson Para,MD LE ZAG,27,71,Brazil,wiki/73582.png,,Pionteck Wesley,MEI,26,69,Brazil,wiki/87032.png,,Jose Rogerio,PE MEI,31,74,Brazil,wiki/52135.png,,Severino Yago,MC MD,27,72,Brazil,wiki/87041.png,,Rubens Esquerdinha,MD LE MEI ZAG,33,70,Brazil,wiki/73606.jpg,,Moreira Eloir,MEI MC,35,68,Brazil,wiki/74697.jpg,,Rafael Vaz,ZAG,34,75,Brazil,wiki/68851.png,,Divino Eltinho,LE MC MEI ZAG,35,70,Brazil,wiki/18215.png,,Manoel Arnaldo,MD LD ZAG,30,72,Brazil,wiki/77840.png,,Junior Vicosa,ATA,33,67,Brazil,wiki/47905.png,,Fiel Welthon,ATA,30,70,Brazil,wiki/68494.png,,Paulo Roberto,MD MC LD,35,70,Brazil,wiki/45094.png,,Daniel Costa,MEI MC,34,68,Brazil,wiki/missing_player.jpg,,Santos Rodrigao,ATA,28,72,Brazil,wiki/86939.png,,
a,Rafael Pereira,ZAG,37,70,Brazil,wiki/58766.png,,Diego Torres,MEI MC,31,72,Argentina,wiki/89541.png,,Martins Ivan,MD LD LE,30,70,Brazil,wiki/54597.jpg,,Jackson Caucaia,MC MD,35,69,Brazil,wiki/45739.png,,Ricardo Sassa,ATA MEI,28,74,Brazil,wiki/61566.png,,Raul Prata,MD MD ZAG,35,72,Brazil,wiki/73585.jpg,,William Alves,ZAG,35,70,Brazil,wiki/46401.jpg,,Vieira Renatinho,LD MC MEI ZAG,30,68,Brazil,wiki/94253.png,,Bruno Silva,MC MD,36,75,Brazil,wiki/45715.png,,Tormen Saimon,ZAG,31,69,Brazil,wiki/43641.png,,Javier Reina,MEI MC,33,72,Colombia,wiki/13718.png,,Vedova Karl,MC MD,29,67,Brazil,wiki/81712.jpg,,Damiao Vinicius,GOL,37,70,Brazil,wiki/45717_1287374887.jpg,,Ozealisson Junior,MD LD ZAG,30,70,Brazil,wiki/94249.png,,Daniel Amora,MC MD,34,68,Brazil,wiki/78038.png,,Heuchayer Roberto,MD MC MEI LE,31,70,Brazil,wiki/94640.png,,
a,Marlos Brenner,ATA,28,70,Brazil,wiki/86376.png,,Bruno Aguiar,ZAG,36,70,Brazil,wiki/34204.png,,Farias Camilo,PE MEI,36,70,Brazil,wiki/34156.jpg,,Nogueira Sueliton,ZAG,31,68,Brazil,wiki/78035.png,,Lourenco Osvaldo,ATA ATA,35,74,Brazil,wiki/43203.png,,Anselmo Ramon,ATA,34,72,Brazil,wiki/50359.png,,Gomes Klever,GOL,33,69,Brazil,wiki/67246.jpg,,Rafael Costa,ATA,35,68,Brazil,wiki/48504.jpg,,Pimenta Natanael,MD MC PE ZAG,31,75,Brazil,wiki/72234.png,,Silva Augusto,ZAG,25,68,Brazil,wiki/missing_player.jpg,,Ribeiro Ricardinho,MD MC LD,33,70,Brazil,wiki/64892.png,,Rocha Ícaro,MC MD,29,66,Brazil,wiki/82246.jpg,,Silva Rafinha,PE ATA,30,70,Brazil,wiki/81451.png,,Acosta Ricardinho,MEI MC,35,70,Brazil,wiki/58210.png,,Koagura Juliano,MEI MC,41,68,Brazil,wiki/41256_1327395601.jpg,,Alan Santos,MC MD,31,70,Brazil,wiki/43663.jpg,,
a,Neto Berola,ATA MEI,34,70,Brazil,wiki/41227.jpg,,Malaquias Ligger,ZAG,34,70,Brazil,wiki/104273.png,,Aparecido Ivan,LD,30,68,Brazil,wiki/76941.jpg,,Vinicius Alyson,MD MC PE ZAG,26,67,Brazil,wiki/104741.png,,Hector Canteros,MC MEI MD,33,72,Argentina,wiki/45773.png,,Richard Rodrigues,ATA ATA,23,71,Brazil,wiki/99250.png,,Miranda Marcao,GOL,30,69,Brazil,wiki/58258.jpg,,Luiz Daniel,GOL,29,68,Brazil,wiki/missing_player.jpg,,Matheus Bressan,LD,29,75,Brazil,wiki/59231.jpg,,Samuel Santos,MD LD ZAG,32,68,Brazil,wiki/77918.jpg,,Fernando Neto,MD LE MEI ZAG,29,70,Brazil,wiki/70521.jpg,,Ferreira Helder,MD LD ZAG,34,65,Brazil,wiki/35491.png,,Everton Sena,ZAG,31,69,Brazil,wiki/78232.png,,Lisboa Robinho,MEI,27,70,Brazil,wiki/94272.png,,Alves Gilson,MC MD,32,67,Brazil,wiki/74672.jpg,,Gustavo Blanco,MC MEI MD,28,70,Brazil,wiki/94649.png,,
a,Mendes Kaio,MEI MC,27,69,Brazil,wiki/87111.png,,Victor Golas,GOL,31,70,Brazil,wiki/46507.png,,Junior Silvinho,PE ATA,32,68,Brazil,wiki/47688.jpg,,Felipe Goncalves,MC MD,32,65,Brazil,wiki/39311_1266222382.jpg,,Joao Lourenco,PE MEI,25,72,Brazil,wiki/94610.png,,Lopes Reginaldo,MD LD ZAG,29,70,Brazil,wiki/73813.png,,Victor Oliveira,LD,28,69,Brazil,wiki/73180.png,,Leandro Ferreira,MC MD,36,68,Brazil,wiki/missing_player.jpg,,Guilherme Bissoli,ATA,24,75,Brazil,wiki/99245.png,,Alan Ruschel,MD LE ZAG,33,68,Brazil,wiki/73999.png,,Fagner Alemao,ZAG,31,70,Brazil,wiki/76946.png,,Igor Miranda,MD LE ZAG,26,65,Brazil,wiki/112104.png,,Anderson Uchoa,MC MD,31,69,Brazil,wiki/69074.png,,Rafael Grampola,ATA,34,70,Brazil,wiki/96635.png,,Diego Rosa,MEI MC,33,66,Brazil,wiki/51230.jpg,,Zardin Roberto,ATA,36,70,Brazil,wiki/41201.jpg,,
a,Lucas Siqueira,MC MD,34,68,Brazil,wiki/78926.jpg,,Morais Welliton,ATA,35,70,Brazil,wiki/14302.png,,Pinto Marcelo,MC MD,34,68,Brazil,wiki/missing_player.jpg,,Bruno Turco,MC MD,31,65,Brazil,wiki/48551.jpg,,Silva Lucao,ZAG,26,72,Brazil,wiki/72042.png,,Guilherme Romao,MD LE ZAG,25,70,Brazil,wiki/94675.png,,Marcos Martins,MD LD ZAG,33,68,Brazil,wiki/45713_1359048241.jpg,,Andre Luiz,MC MD,27,67,Brazil,wiki/missing_player.jpg,,William Pottker,ATA MEI,28,75,Brazil,wiki/54623.png,,Felipe Vieira,MD LE LE,23,68,Brazil,wiki/102039.png,,Carvalho Leandrinho,MEI MC,26,70,Brazil,wiki/87023.png,,Junior Paulinho,MD LE ZAG,34,65,Brazil,wiki/78208.jpg,,Silva Marciel,MD ME LE,27,69,Brazil,wiki/81700.png,,Junior Serginho,PE MEI,31,70,Brazil,wiki/65750.jpg,,Guilherme Amorim,MC MD,29,66,Brazil,wiki/73912.png,,Guilherme Lazaroni,MD LE MEI ZAG,29,68,Brazil,wiki/61046.jpg,,
a,Vinicius Paiva,ATA MEI,21,68,Brazil,wiki/104245.png,,Bruno Silva,ATA MEI,22,70,Brazil,wiki/99124.png,,Sergio Paulinho,MC MD,33,68,Brazil,wiki/43695.jpg,,Dias Allan,MEI MC,33,65,Brazil,wiki/66382.jpg,,Faria Geovane,MC MD,33,72,Brazil,wiki/102163.png,,Rafael Longuine,MEI MC,32,70,Brazil,wiki/80729.png,,Matheus Anderson,ATA ATA,28,68,Brazil,wiki/77859.jpg,,Allan Godoi,ZAG,29,67,Brazil,wiki/missing_player.jpg,,Araujo Vladimir,GOL,33,74,Brazil,wiki/51691.png,,Mauricio Caprini,MEI,24,68,Brazil,wiki/missing_player.jpg,,Junior Brandao,ATA,27,70,Brazil,wiki/99670.png,,Lucas Mazetti,MD LD ZAG,21,62,Brazil,wiki/108703.png,,Erick Flores,PE MEI,33,69,Brazil,wiki/36630.jpg,,Wesley Pipico,ATA,37,70,Brazil,wiki/58644.jpg,,Souza Claudinho,ZAG,32,65,Brazil,wiki/missing_player.jpg,,Erik Nascimento,PE MEI,27,68,Brazil,wiki/78695.jpg,,
a,Lucas Dias,ZAG,27,67,Brazil,wiki/102113.png,,Silva Ronaldo,ATA,31,69,Brazil,wiki/51201.jpg,,Junior Todinho,ATA MEI,28,68,Brazil,wiki/94616.png,,Marcos Antonio,MD ME LE,34,65,Brazil,wiki/44210.jpg,,Silveira Clayton,ATA ATA,26,72,Brazil,wiki/73794.png,,Wellington Gum,ZAG,36,70,Brazil,wiki/18245.png,,Gilmar da Silva,MD MD ZAG,29,67,Brazil,wiki/98313.png,,Nilson Junior,ZAG,31,67,Brazil,wiki/missing_player.jpg,,Peterson Kevin,MD LD ZAG,25,74,Brazil,wiki/86709.png,,Marques Gege,MEI MC,28,68,Brazil,wiki/68372.jpg,,Paulo Sergio,ATA,33,70,Brazil,wiki/28044.png,,Jheckson Oliveira,MD LD ZAG,31,60,Brazil,wiki/missing_player.jpg,,Branco Marlon,MD LE ZAG,37,68,Brazil,wiki/58952.png,,Marcelo Toscano,ATA,37,70,Brazil,wiki/44667.jpg,,Luis Philip,PE ATA,31,63,Brazil,wiki/104705.png,,Nascimento Iury,MD MC PD ZAG,30,68,Brazil,wiki/missing_player.jpg,,
a,Jorge Jimenez,MC MD,29,66,Paraguay,wiki/112839.png,,Douglas Baggio,ATA MEI,27,69,Brazil,wiki/80242.png,,Nascimento Geovane,MEI,24,67,Brazil,wiki/114554.png,,Lucas Pajeu,ATA ATA,28,65,Brazil,wiki/80337.jpg,,Diego Renan,MD MD ZAG,32,70,Brazil,wiki/41230.jpg,,Uillian Correia,MC MD,33,70,Brazil,wiki/57254.png,,Gilberto Santos,MC MD,33,67,Brazil,wiki/51185.png,,Mauro Silva,MC MD,28,66,Brazil,wiki/missing_player.jpg,,Paolo Guerrero,ATA,38,74,Peru,wiki/4572.png,,Henrique Leandrinho,ATA MEI,24,68,Brazil,wiki/81562.png,,Matos Thales,ZAG,29,69,Brazil,wiki/73998.png,,Marcelo Soler,GOL,22,60,Brazil,wiki/missing_player.jpg,,Renan Gorne,ATA,26,67,Brazil,wiki/87025.png,,Filho Serginho,MC MD,34,69,Brazil,wiki/47665.png,,Ramon Mesquita,ZAG,34,62,Brazil,wiki/94488.png,,Rafael Ribeiro,ZAG,26,67,Brazil,wiki/missing_player.jpg,,
a,Elacio Cordoba,MD LD ZAG,28,66,Colombia,wiki/62753.jpg,,Lucas Frigeri,GOL,33,68,Brazil,wiki/68499.png,,Gabriel Gasparotto,GOL,29,67,Brazil,wiki/73869.png,,Bruno Souza,MD LD ZAG,24,63,Brazil,wiki/missing_player.jpg,,Marcelo Carne,GOL,32,70,Brazil,wiki/61296.png,,Pimenta Martha,MD MC ZAG,25,69,Brazil,wiki/98007.png,,Adelino Jefferson,GOL,29,66,Brazil,wiki/68228.jpg,,Joao Victor,MD LE ZAG,27,66,Brazil,wiki/missing_player.jpg,,Luiz Muriqui,PE ATA,36,74,Brazil,wiki/33384.png,,Vitor Mossoro,MEI,26,66,Brazil,wiki/94316.png,,Felipe Garcia,ATA MEI,31,69,Brazil,wiki/95245.png,,Alan Carlos,ZAG,24,60,Brazil,wiki/105120.png,,Valandro Leonan,MD MC PE ZAG,26,67,Brazil,wiki/90606.png,,Teixeira Jhonnatan,MC MD,30,68,Brazil,wiki/79450.png,,Álvaro Branquinho,PE ATA,32,60,Brazil,wiki/113107.png,,Jucimar Alemao,MD LD ZAG,32,67,Brazil,wiki/87912.png,,
a,Guilherme Pacheco,MD LD ZAG,31,65,Brazil,wiki/113102.png,,Jhony Douglas,MD MC ZAG,25,68,Brazil,wiki/94250.png,,Torres Darley,GOL,32,67,Brazil,wiki/36005.png,,Pinto Vinicius,MC,26,63,Brazil,wiki/missing_player.jpg,,Jonathan Lemos,MD LD ZAG,30,70,Brazil,wiki/90506.png,,Paulinho Moccelin,ATA ATA,28,69,Brazil,wiki/69021.jpg,,Bruno Moraes,ATA,33,65,Brazil,wiki/68942.png,,Warian Ameixa,MC MD,26,66,Brazil,wiki/90577.png,,Junior Marcinho,PE ATA,27,74,Brazil,wiki/90570.png,,Oliveira Marcelinho,ATA ATA,26,66,Brazil,wiki/102033.png,,Souza Fabiano,MD LE ZAG,32,68,Brazil,wiki/99165.png,,Paula Rone,ATA ATA,27,59,Brazil,wiki/missing_player.jpg,,Barbosa Pablo,MC MEI MD,22,66,Brazil,wiki/missing_player.jpg,,Cardoso Heverton,ZAG,34,68,Brazil,wiki/37335.jpg,,Micerlânio Fernandes,LE ZAG,37,59,Brazil,wiki/missing_player.jpg,,Munaretto Dalton,GOL,36,65,Brazil,wiki/12660.jpg,,
a,Paulino Jefferson,GOL,26,65,Brazil,wiki/missing_player.jpg,,Cardoso Joilson,ZAG,31,68,Brazil,wiki/73859.png,,Rodrigo Sam,VOL ZAG,27,67,Brazil,wiki/82333.png,,Vinicius Paulista,MC MD,26,62,Brazil,wiki/missing_player.jpg,,Nascimento Wellington,ZAG,27,69,Brazil,wiki/missing_player.jpg,,Wellington Carvalho,ZAG,29,68,Brazil,wiki/61634.jpg,,Rafael Castro,ZAG,27,65,Brazil,wiki/missing_player.jpg,,Santos Joecio,ZAG,36,65,Brazil,wiki/missing_player.jpg,,Willian Betao,ZAG,38,74,Brazil,wiki/3675.jpg,,Santos Denilson,VOL ZAG,27,65,Brazil,wiki/99228.png,,Simao Bertelli,GOL,29,68,Brazil,wiki/101741.png,,Jonatha Carlos,MC,23,57,Brazil,wiki/missing_player.jpg,,Gilberto Alemao,ZAG,32,65,Brazil,wiki/missing_player.jpg,,Alan Cardoso,MD LE ZAG,24,68,Brazil,wiki/90486.png,,Mychell Ikaro,MC MD,26,57,Brazil,wiki/missing_player.jpg,,Santos Van,MD LD ZAG,31,65,Brazil,wiki/102573.png,,
a,Mario Sergio,MD LE ZAG,28,65,Brazil,wiki/113100.png,,Rodolfo Filemon,ZAG,28,68,Brazil,wiki/102416.png,,Caio Goncalves,GOL,25,67,Brazil,wiki/101267.png,,Guilherme Nunes,MC MD,24,62,Brazil,wiki/99216.png,,Ananias Werley,ZAG,34,69,Brazil,wiki/39302.png,,Silva Fabinho,ATA MEI,22,68,Brazil,wiki/105115.png,,Mendes Braga Frank,ATA ATA,28,62,Brazil,wiki/missing_player.jpg,,Lucas Hipolito,MD LE ZAG,27,65,Brazil,wiki/missing_player.jpg,,Oleques Thales,MD LD ZAG,28,72,Brazil,wiki/73076.png,,Luis Mandaca,MD MC LD,21,65,Brazil,wiki/missing_player.jpg,,Felipe Saraiva,PE MEI,24,68,Brazil,wiki/94361.png,,Vitor Luiz,GOL,26,57,Brazil,wiki/missing_player.jpg,,Rafael Jensen,ZAG,33,65,Brazil,wiki/missing_player.jpg,,Victor Sallinas,ZAG,30,67,Brazil,wiki/65719.jpg,,Denis Pedra,VOL,34,57,Brazil,wiki/missing_player.jpg,,Samuel Wanderley,ATA,21,65,Brazil,wiki/missing_player.jpg,,
a,Glauco Passos,GOL,27,65,Brazil,wiki/86957.jpg,,Jose Walber,ZAG,25,68,Brazil,wiki/111575.png,,Luiz Negueba,PE ATA,22,66,Brazil,wiki/102938.png,,Rodrigues Alan,ZAG,23,62,Brazil,wiki/missing_player.jpg,,Inocencio Igor,MD LD ZAG,24,69,Brazil,wiki/112703.png,,Maycon Douglas,ATA MEI,26,68,Brazil,wiki/86708.png,,Nascimento Fabricio,ATA MEI,21,62,Brazil,wiki/108609.png,,Lucas Araujo,MC MD,23,65,Brazil,wiki/104793.png,,Lucas Silva,PE ATA,24,72,Brazil,wiki/102338.png,,Junior Pirambu,ATA,28,64,Brazil,wiki/missing_player.jpg,,Tomas Bastos,LE MC MEI ZAG,30,68,Brazil,wiki/77091.png,,Joao Siqueira,LE,22,57,Brazil,wiki/missing_player.jpg,,Jhonatan Arthur,MC MD,31,64,Brazil,wiki/missing_player.jpg,,Patrick Brey,MD MC PE ZAG,25,67,Brazil,wiki/99207.png,,Balao Maraba,VOL,35,57,Brazil,wiki/missing_player.jpg,,Telmario Dinei,ATA,38,65,Brazil,wiki/28002.jpg,,
a,Leo Santos,ZAG,28,65,Brazil,wiki/113101.png,,Aparecido Giovanni,GOL,35,68,Brazil,wiki/43654.png,,Guimaraes Rodolfo,MEI MC,29,65,Brazil,wiki/68896.jpg,,Guilherme Garre,PE MEI,29,62,Brazil,wiki/missing_player.jpg,,Belo Dalberto,ATA MEI,28,68,Brazil,wiki/102907.png,,Jean Patrick,MD MC LD,30,68,Brazil,wiki/74667.jpg,,Anderson Ceara,MEI,23,62,Brazil,wiki/105067.png,,Ygor Catatau,ATA,27,65,Brazil,wiki/missing_player.jpg,,Almeida Raniele,VOL LD,25,72,Brazil,wiki/124435.png,,Velasco Marcinho,MC MD,23,64,Brazil,wiki/missing_player.jpg,,Rafael Bonfim,ZAG,31,67,Brazil,wiki/56710.jpg,,Luiz Filipe,ATA ATA,20,57,Brazil,wiki/missing_player.jpg,,Botelho Kevem,ZAG,21,62,Brazil,wiki/missing_player.jpg,,Thiago Santos,ATA,32,66,Brazil,wiki/missing_player.jpg,,Tiago Felix,MD LE ZAG,30,57,Brazil,wiki/missing_player.jpg,,Leo Gomes,MC MD,25,65,Brazil,wiki/99167.png,,
a,Moraes Chrigor,ATA,21,65,Brazil,wiki/105119.png,,Guilherme Romario,MD LE ZAG,30,68,Brazil,wiki/61292.png,,Luiz Fernando,LE MC MEI ZAG,28,65,Brazil,wiki/85798.png,,Allef Rodrigues,LD LD,28,62,Brazil,wiki/missing_player.jpg,,Felipe Augusto,MD LE MEI ZAG,30,68,Brazil,wiki/84754.png,,Junio Claudinei,MC MD,34,68,Brazil,wiki/58933.jpg,,,,,,,,,Bernardo Jackson,ATA,29,65,Brazil,wiki/missing_player.jpg,,Souza Romulo,ATA ATA,27,72,Brazil,wiki/78316.png,,Victor Souza,GOL,30,64,Brazil,wiki/missing_player.jpg,,Rafael Chorao,ATA MEI,34,67,Brazil,wiki/68497.jpg,,Leo Ferraz,ATA,20,52,Brazil,wiki/missing_player.jpg,,Nathan Fernandinho,PE ATA,30,62,Brazil,wiki/113106.png,,Jurani Ratinho,MEI MC,26,66,Brazil,wiki/104766.png,,Anderson Paraiba,MEI,31,57,Brazil,wiki/missing_player.jpg,,Vinicius Foguinho,PE MEI,22,65,Brazil,wiki/missing_player.jpg,,
a,Joao Victor,PE ATA,23,65,Brazil,wiki/105226.png,,Elias Paulinho,MD LE ZAG,37,68,Brazil,wiki/45698.png,,Diego Landis,ZAG,24,65,Brazil,wiki/missing_player.jpg,,Matheus Nogueira,GOL,25,62,Brazil,wiki/missing_player.jpg,,William da Silva,MD ME LE,35,68,Brazil,wiki/27894.jpg,,Roberto Bruninho,MEI MC,22,67,Brazil,wiki/99225.png,,,,,,,,,Wesley Dias,MD MC LD,27,65,Brazil,wiki/missing_player.jpg,,Lucas Ventura,MC MD,24,70,Brazil,wiki/90544.png,,Matheus Lucas,ATA,24,62,Brazil,wiki/missing_player.jpg,,Thiago Schumacher,ATA,36,67,Brazil,wiki/17411.png,,,,,,,,,Clairton Netto,PE ATA,24,62,Brazil,wiki/missing_player.jpg,,Maciel Elyeser,MC MD,32,65,Brazil,wiki/100434.png,,Justino Gustavo,GOL,31,57,Brazil,wiki/missing_player.jpg,,Rocha Eron,PE MEI,24,65,Brazil,wiki/99169.png,,
a,Bruno Lopes,ATA,27,65,Brazil,wiki/73864.png,,Willean Lepo,MD MC LE,25,65,Brazil,wiki/98127.png,,Matheus Oliveira,MEI MC,25,65,Brazil,wiki/90611.png,,Leandro Soares,MEI,25,60,Brazil,wiki/missing_player.jpg,,Santos Geovane,MD MC ZAG,23,67,Brazil,wiki/missing_player.jpg,,Emerson Negueba,MEI,21,66,Brazil,wiki/missing_player.jpg,,,,,,,,,Anmerson Soares,MEI,25,65,Brazil,wiki/missing_player.jpg,,Matheus Galdezani,MC MD,30,70,Brazil,wiki/81452.png,,Matheus Nogueira,GOL,36,62,Brazil,wiki/missing_player.jpg,,Jean Carlo,PE MEI,29,66,Brazil,wiki/missing_player.jpg,,,,,,,,,Wendel Lomar,LE,26,62,Brazil,wiki/missing_player.jpg,,Joao Paulo,MEI,29,65,Brazil,wiki/missing_player.jpg,,Moreira Jadson,ZAG,30,55,Brazil,wiki/missing_player.jpg,,Albuquerque Eduardo,MEI,22,65,Brazil,wiki/missing_player.jpg,,
a,Dudu Vieira,MC MD,28,65,Brazil,wiki/113465.png,,Santanna Ronald,MEI,25,65,Brazil,wiki/112841.png,,Vinicius Mingotti,ATA,22,65,Brazil,wiki/105117.png,,Martin Thalys,MC,22,60,Brazil,wiki/missing_player.jpg,,Rodrigo Rodrigues,ATA,26,67,Brazil,wiki/missing_player.jpg,,Diego Ivo,ZAG,33,66,Brazil,wiki/58423.png,,,,,,,,,Santos Mauricio,MC MD,23,64,Brazil,wiki/missing_player.jpg,,Jean Cleber,MC MEI MD,32,70,Brazil,wiki/77055.png,,Matheus Albino,GOL,27,62,Brazil,wiki/missing_player.jpg,,Andre Lima,MC MD,22,66,Brazil,wiki/113513.png,,,,,,,,,Oliveira Fredson,ZAG,30,60,Brazil,wiki/missing_player.jpg,,Wilson Marcao,ZAG,27,65,Brazil,wiki/99834.png,,Joao Ricardo,GOL,29,55,Brazil,wiki/missing_player.jpg,,Luan Silva,ATA ATA,23,65,Brazil,wiki/96992.png,,
a,Bernardo Schappo,ZAG,23,65,Brazil,wiki/113098.png,,Diego Quirino,ATA,28,65,Brazil,wiki/missing_player.jpg,,Mario Sergio,ATA MEI,27,65,Brazil,wiki/90480.png,,Ramon Baiano,ZAG,30,60,Brazil,wiki/missing_player.jpg,,Bruno Mezenga,PE PE,34,67,Brazil,wiki/3726.png,,Iago Mendonca,ZAG,23,65,Brazil,wiki/108660.png,,,,,,,,,Lopes Wendson,ATA MEI,25,64,Brazil,wiki/missing_player.jpg,,Renato Silva,MD MC PD ZAG,32,70,Brazil,wiki/46890.png,,Kempf Dudu,MD LD ZAG,20,60,Brazil,wiki/missing_player.jpg,,Almeida Renie,ZAG,33,66,Brazil,wiki/43667_1275572261.jpg,,,,,,,,,Neto Albano,MEI,25,60,Brazil,wiki/missing_player.jpg,,Bispo Naylhor,ZAG,35,65,Brazil,wiki/77862.jpg,,Ferreira Alanderson,MD LD ZAG,25,55,Brazil,wiki/missing_player.jpg,,Joao Pedro,GOL,24,62,Brazil,wiki/94651.png,,
a,Rai Ramos,LD ZAG,28,64,Brazil,wiki/missing_player.jpg,,Lucas Tocantins,PE ATA,28,65,Brazil,wiki/missing_player.jpg,,Leo Duarte,MD LD ZAG,23,60,Brazil,wiki/113103.png,,Silva Donato,ZAG,28,59,Brazil,wiki/missing_player.jpg,,Dias Ernandes,MD ME LE,34,66,Brazil,wiki/45115.png,,Junior Celsinho,MD LD ZAG,34,65,Brazil,wiki/missing_player.jpg,,,,,,,,,Gabriel Polidoro,ATA,24,62,Brazil,wiki/missing_player.jpg,,Saymon Cabral,MD MC PD ZAG,21,70,Brazil,wiki/109499.png,,Victor Daniel,MEI,22,60,Brazil,wiki/missing_player.jpg,,Pavani Giovanni,MEI MC,25,65,Brazil,wiki/missing_player.jpg,,,,,,,,,Milton Wallace,ATA,21,59,Brazil,wiki/missing_player.jpg,,Henrique Marcelo,LD ZAG,32,65,Brazil,wiki/missing_player.jpg,,Manoel Souza,MEI,26,55,Brazil,wiki/missing_player.jpg,,Alan Pedro,MEI,20,62,Brazil,wiki/missing_player.jpg,,
a,Filipe Costa,GOL,26,52,Brazil,wiki/missing_player.jpg,,Alburquerque Felipe,MD LD ZAG,23,65,Brazil,wiki/99230.png,,,,,,,,,Diego Valderrama,MC MD,28,59,Brazil,wiki/missing_player.jpg,,Luiz Henrique,MEI,25,66,Brazil,wiki/missing_player.jpg,,Henrique Arthur,GOL,25,65,Brazil,wiki/missing_player.jpg,,,,,,,,,Pedro Henrique,ZAG,23,62,Brazil,wiki/missing_player.jpg,,Jacinto Eduardo,MC MD,25,70,Brazil,wiki/missing_player.jpg,,Pedro Cacho,MC MD,22,59,Brazil,wiki/missing_player.jpg,,Rafael Oller,MEI MC,27,65,Brazil,wiki/112077.png,,,,,,,,,Mendes Raulzinho,PE ATA,22,58,Brazil,wiki/missing_player.jpg,,Elias Curzel,GOL,27,65,Brazil,wiki/90545.png,,Guimaraes Wendell,MEI,26,55,Brazil,wiki/missing_player.jpg,,Joao Pedro,MD MC ZAG,23,62,Brazil,wiki/115718.png,,
a,,,,,,,,Luiz Henrique,MEI MC,23,65,Brazil,wiki/104292.png,,,,,,,,,Alisson Silva,ATA,20,57,Brazil,wiki/missing_player.jpg,,Ilson Cedric,MD LD ZAG,24,66,Brazil,wiki/90519.png,,Almeida Wallace,MC MEI MD,21,63,Brazil,wiki/missing_player.jpg,,,,,,,,,Ataide Otavio,LE,20,62,Brazil,wiki/108635.png,,Pablo Dyego,ATA ATA,28,70,Brazil,wiki/66958.png,,Toni Nang,LD,20,59,Cameroon,wiki/missing_player.jpg,,Thiago Braga,GOL,38,65,Brazil,wiki/missing_player.jpg,,,,,,,,,Ariel Pingo,MC MD,20,58,Brazil,wiki/missing_player.jpg,,Wellington Reis,MC MD,30,65,Brazil,wiki/77095.jpg,,Augusto Romarinho,MEI,29,55,Brazil,wiki/missing_player.jpg,,Leo Xavier,ZAG,25,62,Brazil,wiki/99137.png,,
a,,,,,,,,Leo Tocantins,PE ATA,23,64,Brazil,wiki/missing_player.jpg,,,,,,,,,Alisson Baba,ZAG,21,55,Brazil,wiki/missing_player.jpg,,Yann Rolim,ATA ATA MC,27,65,Brazil,wiki/74882.jpg,,Gabriel Conceicao,ATA,21,63,Brazil,wiki/missing_player.jpg,,,,,,,,,Gabriel Popo,MEI,23,62,Brazil,wiki/missing_player.jpg,,Jean Martim,MC MD,23,68,Brazil,wiki/missing_player.jpg,,Matheus Danilo,MEI,23,59,Brazil,wiki/missing_player.jpg,,Santos Raphinha,MD LE ZAG,23,64,Brazil,wiki/missing_player.jpg,,,,,,,,,Tiago Miranda,MEI,23,57,Brazil,wiki/missing_player.jpg,,Ventura Genilson,ZAG,31,64,Brazil,wiki/missing_player.jpg,,Junior Gaucho,VOL ZAG,34,55,Brazil,wiki/missing_player.jpg,,Gustavo Mateusinho,PE ATA,23,60,Brazil,wiki/missing_player.jpg,,
a,,,,,,,,Pereira Lucas,GOL,24,62,Brazil,wiki/missing_player.jpg,,,,,,,,,Eduardo Marquinhos,VOL,22,55,Brazil,wiki/missing_player.jpg,,Lucas Barcelos,ATA,24,65,Brazil,wiki/missing_player.jpg,,Grabriel Bryan,LE ZAG,20,63,Brazil,wiki/missing_player.jpg,,,,,,,,,Lucas Ambiel,ZAG,26,60,Brazil,wiki/missing_player.jpg,,Rodrigo Freitas,ZAG,24,68,Brazil,wiki/102044.png,,Gustavo Lopes,VOL ZAG,22,57,Brazil,wiki/missing_player.jpg,,Willian Machado,LE,25,64,Brazil,wiki/missing_player.jpg,,,,,,,,,Paulinho Curua,MC MD,25,57,Brazil,wiki/missing_player.jpg,,Lucas Costa,ZAG,27,62,Brazil,wiki/missing_player.jpg,,Danillo Galvao,ATA,31,55,Brazil,wiki/missing_player.jpg,,Yuri Sena,GOL,21,60,Brazil,wiki/missing_player.jpg,,
a,,,,,,,,Vinicius Leite,MEI MC,28,62,Brazil,wiki/missing_player.jpg,,,,,,,,,Erick Santos,ATA,18,52,Brazil,wiki/missing_player.jpg,,Lucas Marques,MD MC PD ZAG,24,64,Brazil,wiki/missing_player.jpg,,Gustavo Apis,MEI,23,62,Brazil,wiki/missing_player.jpg,,,,,,,,,,,,,,,,Igor Bohn,GOL,26,65,Brazil,wiki/missing_player.jpg,,Henrique Luan,MC MD,22,57,Brazil,wiki/missing_player.jpg,,Lucas Mendes,MD LD ZAG,31,62,Brazil,wiki/missing_player.jpg,,,,,,,,,Moura Ronald,MD LE MEI ZAG,20,57,Brazil,wiki/missing_player.jpg,,Luan Ferreira,PE MC,26,60,Brazil,wiki/missing_player.jpg,,Eudimar Raimundo,VOL,27,54,Brazil,wiki/missing_player.jpg,,Nunes Ronan,PE ATA,27,60,Brazil,wiki/missing_player.jpg,,
a,,,,,,,,Cunha Helio,MD LD MEI ZAG,22,62,Brazil,wiki/missing_player.jpg,,,,,,,,,,,,,,,,Lucas Lourenco,MEI MC,21,62,Brazil,wiki/99864.png,,Vitor Caetano,GOL,23,62,Brazil,wiki/102022.png,,,,,,,,,,,,,,,,Diego Matos,MD LE ZAG,25,65,Brazil,wiki/missing_player.jpg,,Felipe Camillo,MD LE ZAG,22,57,Brazil,wiki/missing_player.jpg,,Joao Vitor,ATA,22,57,Brazil,wiki/missing_player.jpg,,,,,,,,,Araujo Warley,MC MD,22,57,Brazil,wiki/missing_player.jpg,,Joao Vieira,MC,24,60,Brazil,wiki/missing_player.jpg,,Rodrigues Gilmar,VOL ZAG,28,52,Brazil,wiki/missing_player.jpg,,Dani Bolt,MD LD ZAG,23,59,Brazil,wiki/missing_player.jpg,,
a,,,,,,,,Simao Romulo,ATA ATA,21,62,Brazil,wiki/122565.png,,,,,,,,,,,,,,,,Santos Gebson,ZAG,22,62,Brazil,wiki/missing_player.jpg,,Guilherme Lopes,MC,20,62,Brazil,wiki/missing_player.jpg,,,,,,,,,,,,,,,,Ribeiro Gledson,GOL,39,65,Brazil,wiki/41248.jpg,,Guilherme Silva,MD LE ZAG,21,57,Brazil,wiki/missing_player.jpg,,Fernandes Henrique,GOL,23,57,Brazil,wiki/missing_player.jpg,,,,,,,,,Tiago Mafra,ATA MEI,20,55,Brazil,wiki/missing_player.jpg,,Patrick Carvalho,ATA,25,60,Brazil,wiki/missing_player.jpg,,Kennedy Guigui,ZAG,26,52,Brazil,wiki/missing_player.jpg,,Alain de Guzman,PE ATA,19,59,Bolivia,wiki/missing_player.jpg,,
a,,,,,,,,Gavioli Isaque,ZAG,21,59,Brazil,wiki/missing_player.jpg,,,,,,,,,,,,,,,,Gabriel Oliveira,ZAG,23,62,Brazil,wiki/missing_player.jpg,,Matheus Mega,ZAG,23,59,Brazil,wiki/missing_player.jpg,,,,,,,,,,,,,,,,Palafoz Nathan,ATA,23,65,Brazil,wiki/missing_player.jpg,,,,,,,,,Nascimento Tibagi,MC MD,22,57,Brazil,wiki/missing_player.jpg,,,,,,,,,,,,,,,,,,,,,,,Batista Willian,MC,20,52,Brazil,wiki/missing_player.jpg,,Lucas Arcanjo,GOL,24,59,Brazil,wiki/missing_player.jpg,,
a,,,,,,,,Luis Navea,MEI MC,19,57,Peru,wiki/missing_player.jpg,,,,,,,,,,,,,,,,Batista Jean,GOL,22,62,Brazil,wiki/missing_player.jpg,,Alan James,ATA MEI,25,59,Brazil,wiki/missing_player.jpg,,,,,,,,,,,,,,,,Mateus Sarara,MD MC LD,20,65,Brazil,wiki/missing_player.jpg,,,,,,,,,Paulo Victor,MEI,21,57,Brazil,wiki/missing_player.jpg,,,,,,,,,,,,,,,,,,,,,,,Matheus Rosa,VOL,26,52,Brazil,wiki/missing_player.jpg,,Pablo Gabriel,MC MD,25,57,Brazil,wiki/missing_player.jpg,,
a,,,,,,,,,,,,,,,,,,,,,,,,,,,,,Pereira Edson,LE ZAG,22,60,Brazil,wiki/missing_player.jpg,,Matheus Stockl,VOL ZAG,22,57,Brazil,wiki/missing_player.jpg,,,,,,,,,,,,,,,,Gabriel Kazu,MC MD,23,62,Brazil,wiki/missing_player.jpg,,,,,,,,,Matheus Alemao,ATA,20,57,Brazil,wiki/missing_player.jpg,,,,,,,,,,,,,,,,,,,,,,,Tarracana Kahakre,GOL,20,52,Brazil,wiki/missing_player.jpg,,Caique Souza,MEI,23,57,Brazil,wiki/missing_player.jpg,,
a,,,,,,,,,,,,,,,,,,,,,,,,,,,,,,,,,,,,Jose Wellington,MD LD ZAG,21,57,Brazil,wiki/missing_player.jpg,,,,,,,,,,,,,,,,Vinicius Jau,ATA MEI,24,62,Brazil,wiki/97697.png,,,,,,,,,,,,,,,,,,,,,,,,,,,,,,,,,,,,,Eduardo Dudu,PE ATA,32,52,Brazil,wiki/missing_player.jpg,,Gabriel Santiago,MEI,22,57,Brazil,wiki/missing_player.jpg,,
a,,,,,,,,,,,,,,,,,,,,,,,,,,,,,,,,,,,,Igor Adson,PE ATA,22,57,Brazil,wiki/missing_player.jpg,,,,,,,,,,,,,,,,Gustavo Poffo,ATA ATA,24,62,Brazil,wiki/missing_player.jpg,,,,,,,,,,,,,,,,,,,,,,,,,,,,,,,,,,,,,,,,,,,,,,,,,,,
a,,,,,,,,,,,,,,,,,,,,,,,,,,,,,,,,,,,,Ferreira Ewerton,GOL,24,57,Brazil,wiki/missing_player.jpg,,,,,,,,,,,,,,,,Gustavo Modesto,ZAG,20,59,Brazil,wiki/missing_player.jpg,,,,,,,,,,,,,,,,,,,,,,,,,,,,,,,,,,,,,,,,,,,,,,,,,,,
a,,,,,,,,,,,,,,,,,,,,,,,,,,,,,,,,,,,,Ericles Rauan,MEI,21,52,Brazil,wiki/missing_player.jpg,,,,,,,,,,,,,,,,Gustavo Santos,ATA MEI,20,57,Brazil,wiki/missing_player.jpg,,,,,,,,,,,,,,,,,,,,,,,,,,,,,,,,,,,,,,,,,,,,,,,,,,,
a,,,,,,,,,,,,,,,,,,,,,,,,,,,,,,,,,,,,Davi Lessa,ATA,20,52,Brazil,wiki/missing_player.jpg,,,,,,,,,,,,,,,,Junio Andre,GOL,21,57,Brazil,wiki/missing_player.jpg,,,,,,,,,,,,,,,,,,,,,,,,,,,,,,,,,,,,,,,,,,,,,,,,,,,
a,,,,,,,,,,,,,,,,,,,,,,,,,,,,,,,,,,,,,,,,,,,,,,,,,,,,,,,,,Felipe Florencio,ZAG,20,57,Brazil,wiki/missing_player.jpg,,,,,,,,,,,,,,,,,,,,,,,,,,,,,,,,,,,,,,,,,,,,,,,,,,,
a,,,,,,,,,,,,,,,,,,,,,,,,,,,,,,,,,,,,,,,,,,,,,,,,,,,,,,,,,Julio Vitinho,MEI,21,57,Brazil,wiki/missing_player.jpg,,,,,,,,,,,,,,,,,,,,,,,,,,,,,,,,,,,,,,,,,,,,,,,,,,,
a,,,,,,,,,,,,,,,,,,,,,,,,,,,,,,,,,,,,,,,,,,,,,,,,,,,,,,,,,,,,,,,,,,,,,,,,,,,,,,,,,,,,,,,,,,,,,,,,,,,,,,,,,,,,,,,,,
a,,,,,,,,,,,,,,,,,,,,,,,,,,,,,,,,,,,,,,,,,,,,,,,,,,,,,,,,,,,,,,,,,,,,,,,,,,,,,,,,,,,,,,,,,,,,,,,,,,,,,,,,,,,,,,,,,
a,,,,,,,,,,,,,,,,,,,,,,,,,,,,,,,,,,,,,,,,,,,,,,,,,,,,,,,,,,,,,,,,,,,,,,,,,,,,,,,,,,,,,,,,,,,,,,,,,,,,,,,,,,,,,,,,,
a,,,,,,,,,,,,,,,,,,,,,,,,,,,,,,,,,,,,,,,,,,,,,,,,,,,,,,,,,,,,,,,,,,,,,,,,,,,,,,,,,,,,,,,,,,,,,,,,,,,,,,,,,,,,,,,,,
a,,,,,,,,,,,,,,,,,,,,,,,,,,,,,,,,,,,,,,,,,,,,,,,,,,,,,,,,,,,,,,,,,,,,,,,,,,,,,,,,,,,,,,,,,,,,,,,,,,,,,,,,,,,,,,,,,
a,,,,,,,,,,,,,,,,,,,,,,,,,,,,,,,,,,,,,,,,,,,,,,,,,,,,,,,,,,,,,,,,,,,,,,,,,,,,,,,,,,,,,,,,,,,,,,,,,,,,,,,,,,,,,,,,,
a,,,,,,,,,,,,,,,,,,,,,,,,,,,,,,,,,,,,,,,,,,,,,,,,,,,,,,,,,,,,,,,,,,,,,,,,,,,,,,,,,,,,,,,,,,,,,,,,,,,,,,,,,,,,,,,,,
a,,,,,,,,,,,,,,,,,,,,,,,,,,,,,,,,,,,,,,,,,,,,,,,,,,,,,,,,,,,,,,,,,,,,,,,,,,,,,,,,,,,,,,,,,,,,,,,,,,,,,,,,,,,,,,,,,
a,,,,,,,,,,,,,,,,,,,,,,,,,,,,,,,,,,,,,,,,,,,,,,,,,,,,,,,,,,,,,,,,,,,,,,,,,,,,,,,,,,,,,,,,,,,,,,,,,,,,,,,,,,,,,,,,,
a,,,,,,,,,,,,,,,,,,,,,,,,,,,,,,,,,,,,,,,,,,,,,,,,,,,,,,,,,,,,,,,,,,,,,,,,,,,,,,,,,,,,,,,,,,,,,,,,,,,,,,,,,,,,,,,,,

